step26_split,model_id,slice_name,row_count,positive_count,negative_count,roc_auc,average_precision,pr_auc,mean_score,q95_score,maximum_score,top_positive_budget_intrusion_count
representative_valid,raw_identifier_redacted_e5_cosine,direct_component_positive_plus_all_negatives,94,4,90,0.6194444444444445,0.1796254499742872,0.10712131508985134,,,,
representative_valid,raw_identifier_redacted_e5_cosine,soft_positive_plus_all_negatives,116,26,90,0.7495726495726496,0.5189211121692044,0.508662648749974,,,,
representative_valid,raw_identifier_redacted_e5_cosine,ordinary_negative,46,0,46,,,,0.9165718672068223,0.9699448794126511,0.9749408960342407,13
representative_valid,raw_identifier_redacted_e5_cosine,public_contact_or_url_noise,3,0,3,,,,0.8868323564529419,0.8976848900318146,0.8977054953575134,0
representative_valid,raw_identifier_redacted_e5_cosine,semantic_topic_not_controller,16,0,16,,,,0.8920313194394112,0.9403619468212128,0.9502724409103394,0
representative_valid,raw_identifier_redacted_e5_cosine,template_clone_not_controller,25,0,25,,,,0.9385147285461426,0.9659435749053955,0.9918303489685059,4
representative_valid,raw_pcm_multilingual_authorship_cosine,direct_component_positive_plus_all_negatives,94,4,90,0.5583333333333333,0.056723997331158724,0.04327771347766485,,,,
representative_valid,raw_pcm_multilingual_authorship_cosine,soft_positive_plus_all_negatives,116,26,90,0.6726495726495727,0.3518507082134419,0.3384239899230731,,,,
representative_valid,raw_pcm_multilingual_authorship_cosine,ordinary_negative,46,0,46,,,,0.7654333438562311,0.9945176541805267,0.9978668689727783,14
representative_valid,raw_pcm_multilingual_authorship_cosine,public_contact_or_url_noise,3,0,3,,,,0.888654351234436,0.9125073313713074,0.9137128591537476,0
representative_valid,raw_pcm_multilingual_authorship_cosine,semantic_topic_not_controller,16,0,16,,,,0.666875621303916,0.9587700366973877,0.9607945680618286,0
representative_valid,raw_pcm_multilingual_authorship_cosine,template_clone_not_controller,25,0,25,,,,0.9504745817184448,0.9900333166122437,0.9965004920959473,7
representative_valid,raw_mstyledistance_cosine,direct_component_positive_plus_all_negatives,94,4,90,0.5805555555555555,0.06812217800121026,0.04882159730950053,,,,
representative_valid,raw_mstyledistance_cosine,soft_positive_plus_all_negatives,116,26,90,0.8132478632478632,0.4561835442677168,0.43207125894612075,,,,
representative_valid,raw_mstyledistance_cosine,ordinary_negative,46,0,46,,,,0.8287918535263642,0.99986332654953,0.9999579191207886,9
representative_valid,raw_mstyledistance_cosine,public_contact_or_url_noise,3,0,3,,,,0.8437741796175638,0.9694037079811096,0.9901288747787476,0
representative_valid,raw_mstyledistance_cosine,semantic_topic_not_controller,16,0,16,,,,0.7635442968457937,0.9909205287694931,0.9988834261894226,1
representative_valid,raw_mstyledistance_cosine,template_clone_not_controller,25,0,25,,,,0.9914913249015808,0.9995697855949401,0.9998622536659241,5
representative_valid,source_only_e5_lr_l2_control,direct_component_positive_plus_all_negatives,94,4,90,0.6194444444444445,0.1796254499742872,0.10712131508985134,,,,
representative_valid,source_only_e5_lr_l2_control,soft_positive_plus_all_negatives,116,26,90,0.7495726495726496,0.5189211121692044,0.508662648749974,,,,
representative_valid,source_only_e5_lr_l2_control,ordinary_negative,46,0,46,,,,0.2840573376617911,0.5312020843289145,0.5602705964893657,13
representative_valid,source_only_e5_lr_l2_control,public_contact_or_url_noise,3,0,3,,,,0.14399485481850302,0.1720105394985026,0.1720793480315009,0
representative_valid,source_only_e5_lr_l2_control,semantic_topic_not_controller,16,0,16,,,,0.17308539702172632,0.3618767764706361,0.4165699241793763,0
representative_valid,source_only_e5_lr_l2_control,template_clone_not_controller,25,0,25,,,,0.3566085199780511,0.507824816230929,0.6544746136105232,4
representative_valid,source_only_style_only_lr_l2_control,direct_component_positive_plus_all_negatives,94,4,90,0.5583333333333333,0.05831089802692237,0.04374341394239481,,,,
representative_valid,source_only_style_only_lr_l2_control,soft_positive_plus_all_negatives,116,26,90,0.7042735042735043,0.3764307174266024,0.3624341583504078,,,,
representative_valid,source_only_style_only_lr_l2_control,ordinary_negative,46,0,46,,,,0.1877640686577895,0.44982805083157046,0.45666891726715314,10
representative_valid,source_only_style_only_lr_l2_control,public_contact_or_url_noise,3,0,3,,,,0.1443240027692881,0.2636599755995385,0.28359342499590334,0
representative_valid,source_only_style_only_lr_l2_control,semantic_topic_not_controller,16,0,16,,,,0.09033264988902628,0.3660508185129078,0.38085286126055173,0
representative_valid,source_only_style_only_lr_l2_control,template_clone_not_controller,25,0,25,,,,0.35558337832290937,0.437519999185423,0.4539192363616919,9
representative_valid,source_only_semantic_style_lr_l2_primary,direct_component_positive_plus_all_negatives,94,4,90,0.6166666666666667,0.12940422605651414,0.08000716316937279,,,,
representative_valid,source_only_semantic_style_lr_l2_primary,soft_positive_plus_all_negatives,116,26,90,0.7547008547008547,0.49873152020421996,0.4877839285491723,,,,
representative_valid,source_only_semantic_style_lr_l2_primary,ordinary_negative,46,0,46,,,,0.22347575248930146,0.5916452691435888,0.6076428663657135,13
representative_valid,source_only_semantic_style_lr_l2_primary,public_contact_or_url_noise,3,0,3,,,,0.1054960100245685,0.1969052936045535,0.2111028260005034,0
representative_valid,source_only_semantic_style_lr_l2_primary,semantic_topic_not_controller,16,0,16,,,,0.09342481366087421,0.40961459744144785,0.4622733873117406,0
representative_valid,source_only_semantic_style_lr_l2_primary,template_clone_not_controller,25,0,25,,,,0.3963264320892081,0.5111192192703742,0.6752682777321665,4
representative_valid,step15_v8_b0,direct_component_positive_plus_all_negatives,94,4,90,0.7361111111111112,0.14594220809792843,0.10312613741937579,,,,
representative_valid,step15_v8_b0,soft_positive_plus_all_negatives,116,26,90,0.7572649572649574,0.5920595525730904,0.5868211539636242,,,,
representative_valid,step15_v8_b0,ordinary_negative,46,0,46,,,,0.15424406144323913,0.5159846537635,0.634158649494,6
representative_valid,step15_v8_b0,public_contact_or_url_noise,3,0,3,,,,0.129305186935,0.1968519942567,0.202305668184,0
representative_valid,step15_v8_b0,semantic_topic_not_controller,16,0,16,,,,0.08755395258025,0.5036861271695,0.662664000908,2
representative_valid,step15_v8_b0,template_clone_not_controller,25,0,25,,,,0.34726846566136005,0.7447089945318,0.78278559768,7
representative_valid,step15_v8_clean,direct_component_positive_plus_all_negatives,94,4,90,0.6388888888888888,0.099055330634278,0.06594080305380615,,,,
representative_valid,step15_v8_clean,soft_positive_plus_all_negatives,116,26,90,0.7717948717948717,0.5797338191914432,0.5745880632781499,,,,
representative_valid,step15_v8_clean,ordinary_negative,46,0,46,,,,0.2942176489624565,0.86230700816475,0.891214347195,11
representative_valid,step15_v8_clean,public_contact_or_url_noise,3,0,3,,,,0.314825233819,0.6597168645602,0.714541002622,0
representative_valid,step15_v8_clean,semantic_topic_not_controller,16,0,16,,,,0.067591793846125,0.44753789588725,0.460529545792,0
representative_valid,step15_v8_clean,template_clone_not_controller,25,0,25,,,,0.6101079740004799,0.9534605719252,0.957144950431,8
representative_valid,step15_v8_contextual,direct_component_positive_plus_all_negatives,94,4,90,0.7388888888888888,0.36923076923076925,0.3476501439736734,,,,
representative_valid,step15_v8_contextual,soft_positive_plus_all_negatives,116,26,90,0.7709401709401709,0.5790210184786425,0.5738860118408043,,,,
representative_valid,step15_v8_contextual,ordinary_negative,46,0,46,,,,0.29421764896247826,0.8623070081640001,0.891214347195,10
representative_valid,step15_v8_contextual,public_contact_or_url_noise,3,0,3,,,,0.31482523381933336,0.6597168645602,0.714541002622,0
representative_valid,step15_v8_contextual,semantic_topic_not_controller,16,0,16,,,,0.067591793846125,0.44753789588799997,0.460529545792,0
representative_valid,step15_v8_contextual,template_clone_not_controller,25,0,25,,,,0.60902809860448,0.9534605719252,0.957144950431,8
internal_development_test_diagnostic_only,raw_identifier_redacted_e5_cosine,direct_component_positive_plus_all_negatives,172,22,150,0.5581818181818181,0.21759667299255217,0.19349634791210985,,,,
internal_development_test_diagnostic_only,raw_identifier_redacted_e5_cosine,soft_positive_plus_all_negatives,178,28,150,0.7440476190476192,0.33154068805836306,0.3103497078392815,,,,
internal_development_test_diagnostic_only,raw_identifier_redacted_e5_cosine,ordinary_negative,112,0,112,,,,0.9003945493272373,0.9592556893825531,1.0,21
internal_development_test_diagnostic_only,raw_identifier_redacted_e5_cosine,public_contact_or_url_noise,6,0,6,,,,0.923744281133016,0.9361477047204971,0.9405993819236755,1
internal_development_test_diagnostic_only,raw_identifier_redacted_e5_cosine,semantic_topic_not_controller,22,0,22,,,,0.8983088135719299,0.935461363196373,0.9550506472587585,4
internal_development_test_diagnostic_only,raw_identifier_redacted_e5_cosine,template_clone_not_controller,10,0,10,,,,0.8944913148880005,0.9222828865051269,0.9247790575027466,0
internal_development_test_diagnostic_only,raw_pcm_multilingual_authorship_cosine,direct_component_positive_plus_all_negatives,172,22,150,0.6345454545454545,0.29955573533120466,0.2732377427965035,,,,
internal_development_test_diagnostic_only,raw_pcm_multilingual_authorship_cosine,soft_positive_plus_all_negatives,178,28,150,0.7083333333333333,0.3141340229533873,0.29204823661775187,,,,
internal_development_test_diagnostic_only,raw_pcm_multilingual_authorship_cosine,ordinary_negative,112,0,112,,,,0.7899267189204693,0.9424185186624526,1.0,14
internal_development_test_diagnostic_only,raw_pcm_multilingual_authorship_cosine,public_contact_or_url_noise,6,0,6,,,,0.9390716453393301,0.9602662473917007,0.9614385366439819,4
internal_development_test_diagnostic_only,raw_pcm_multilingual_authorship_cosine,semantic_topic_not_controller,22,0,22,,,,0.8150887936353683,0.9504676073789596,0.9698610305786133,6
internal_development_test_diagnostic_only,raw_pcm_multilingual_authorship_cosine,template_clone_not_controller,10,0,10,,,,0.8538503527641297,0.9622572302818299,0.9749630689620972,5
internal_development_test_diagnostic_only,raw_mstyledistance_cosine,direct_component_positive_plus_all_negatives,172,22,150,0.7981818181818181,0.29751713617675535,0.2810766891513093,,,,
internal_development_test_diagnostic_only,raw_mstyledistance_cosine,soft_positive_plus_all_negatives,178,28,150,0.7692857142857142,0.37659956859438753,0.35411790468440957,,,,
internal_development_test_diagnostic_only,raw_mstyledistance_cosine,ordinary_negative,112,0,112,,,,0.8329563223357711,0.9946428209543228,1.0,13
internal_development_test_diagnostic_only,raw_mstyledistance_cosine,public_contact_or_url_noise,6,0,6,,,,0.9963745276133219,0.9989011585712433,0.9990295171737671,6
internal_development_test_diagnostic_only,raw_mstyledistance_cosine,semantic_topic_not_controller,22,0,22,,,,0.8696709519082849,0.9928607314825058,0.997875988483429,2
internal_development_test_diagnostic_only,raw_mstyledistance_cosine,template_clone_not_controller,10,0,10,,,,0.9618042230606079,0.9983833342790603,0.9985723495483398,5
internal_development_test_diagnostic_only,source_only_e5_lr_l2_control,direct_component_positive_plus_all_negatives,172,22,150,0.5581818181818181,0.21759667299255217,0.19349634791210985,,,,
internal_development_test_diagnostic_only,source_only_e5_lr_l2_control,soft_positive_plus_all_negatives,178,28,150,0.7440476190476192,0.33154068805836306,0.3103497078392815,,,,
internal_development_test_diagnostic_only,source_only_e5_lr_l2_control,ordinary_negative,112,0,112,,,,0.20438505039303864,0.46855101213597145,0.6964737545509766,21
internal_development_test_diagnostic_only,source_only_e5_lr_l2_control,public_contact_or_url_noise,6,0,6,,,,0.27833840847402286,0.34009742093937695,0.36263157720373956,1
internal_development_test_diagnostic_only,source_only_e5_lr_l2_control,semantic_topic_not_controller,22,0,22,,,,0.19425490512897003,0.3352406558811357,0.44406155161521826,4
internal_development_test_diagnostic_only,source_only_e5_lr_l2_control,template_clone_not_controller,10,0,10,,,,0.17087463552498733,0.27031932152497484,0.2818370624831121,0
internal_development_test_diagnostic_only,source_only_style_only_lr_l2_control,direct_component_positive_plus_all_negatives,172,22,150,0.7345454545454546,0.3189385754137383,0.2922859429391481,,,,
internal_development_test_diagnostic_only,source_only_style_only_lr_l2_control,soft_positive_plus_all_negatives,178,28,150,0.7666666666666667,0.35949891001806594,0.33687106307725045,,,,
internal_development_test_diagnostic_only,source_only_style_only_lr_l2_control,ordinary_negative,112,0,112,,,,0.10062920114784278,0.30280886681429653,0.4613041410855757,13
internal_development_test_diagnostic_only,source_only_style_only_lr_l2_control,public_contact_or_url_noise,6,0,6,,,,0.33726506212237295,0.3793063288454632,0.38160120427482497,6
internal_development_test_diagnostic_only,source_only_style_only_lr_l2_control,semantic_topic_not_controller,22,0,22,,,,0.14044676396721498,0.3454714215994407,0.37981027886294033,4
internal_development_test_diagnostic_only,source_only_style_only_lr_l2_control,template_clone_not_controller,10,0,10,,,,0.21330030173068795,0.38193680288673093,0.40781092625276005,5
internal_development_test_diagnostic_only,source_only_semantic_style_lr_l2_primary,direct_component_positive_plus_all_negatives,172,22,150,0.7136363636363636,0.31473656809391815,0.28825046509787194,,,,
internal_development_test_diagnostic_only,source_only_semantic_style_lr_l2_primary,soft_positive_plus_all_negatives,178,28,150,0.8038095238095239,0.42318911970922685,0.40014310896252836,,,,
internal_development_test_diagnostic_only,source_only_semantic_style_lr_l2_primary,ordinary_negative,112,0,112,,,,0.10392044958597749,0.3285599449674783,0.7081109437220351,11
internal_development_test_diagnostic_only,source_only_semantic_style_lr_l2_primary,public_contact_or_url_noise,6,0,6,,,,0.32902765478129636,0.3975475013192439,0.41274489848803214,6
internal_development_test_diagnostic_only,source_only_semantic_style_lr_l2_primary,semantic_topic_not_controller,22,0,22,,,,0.12355644088560784,0.30195474858205656,0.4765321386651512,5
internal_development_test_diagnostic_only,source_only_semantic_style_lr_l2_primary,template_clone_not_controller,10,0,10,,,,0.1748398621023737,0.3496933213944249,0.35716364198793904,3
internal_development_test_diagnostic_only,step15_v8_b0,direct_component_positive_plus_all_negatives,172,22,150,0.6648484848484848,0.2700369957116124,0.25654300046482975,,,,
internal_development_test_diagnostic_only,step15_v8_b0,soft_positive_plus_all_negatives,178,28,150,0.6683333333333333,0.396482361883866,0.3909617708963493,,,,
internal_development_test_diagnostic_only,step15_v8_b0,ordinary_negative,112,0,112,,,,0.133113076892375,0.5253361219378498,0.754616073568,21
internal_development_test_diagnostic_only,step15_v8_b0,public_contact_or_url_noise,6,0,6,,,,0.346970929309,0.61203021043175,0.669804326508,4
internal_development_test_diagnostic_only,step15_v8_b0,semantic_topic_not_controller,22,0,22,,,,0.10409957037027272,0.5542981445061498,0.682255957385,3
internal_development_test_diagnostic_only,step15_v8_b0,template_clone_not_controller,10,0,10,,,,0.24978910548099997,0.5591048231819998,0.614536608351,3
internal_development_test_diagnostic_only,step15_v8_clean,direct_component_positive_plus_all_negatives,172,22,150,0.8284848484848485,0.34882269192560567,0.32556233635160386,,,,
internal_development_test_diagnostic_only,step15_v8_clean,soft_positive_plus_all_negatives,178,28,150,0.8288095238095238,0.42159979663818187,0.40780014339521303,,,,
internal_development_test_diagnostic_only,step15_v8_clean,ordinary_negative,112,0,112,,,,0.14555427528355355,0.4820149746280498,0.786649882899,11
internal_development_test_diagnostic_only,step15_v8_clean,public_contact_or_url_noise,6,0,6,,,,0.9073813413838333,0.9606635458585,0.962240420211,6
internal_development_test_diagnostic_only,step15_v8_clean,semantic_topic_not_controller,22,0,22,,,,0.055688936687499996,0.20387740650479996,0.560421226591,1
internal_development_test_diagnostic_only,step15_v8_clean,template_clone_not_controller,10,0,10,,,,0.34022524083820005,0.8629295220673998,0.92743011287,4
internal_development_test_diagnostic_only,step15_v8_contextual,direct_component_positive_plus_all_negatives,172,22,150,0.8651515151515151,0.547384682642997,0.5391645339874714,,,,
internal_development_test_diagnostic_only,step15_v8_contextual,soft_positive_plus_all_negatives,178,28,150,0.8283333333333334,0.41713551092389617,0.4035271842115396,,,,
internal_development_test_diagnostic_only,step15_v8_contextual,ordinary_negative,112,0,112,,,,0.14555427528358036,0.4820149746280498,0.786649882899,9
internal_development_test_diagnostic_only,step15_v8_contextual,public_contact_or_url_noise,6,0,6,,,,0.9073813413838333,0.9606635458585,0.962240420211,6
internal_development_test_diagnostic_only,step15_v8_contextual,semantic_topic_not_controller,22,0,22,,,,0.05568893668745454,0.20387740650479996,0.560421226591,1
internal_development_test_diagnostic_only,step15_v8_contextual,template_clone_not_controller,10,0,10,,,,0.3392879076482,0.8629295220673998,0.92743011287,4
