slice_name,model_id,row_count,positive_count,negative_count,prevalence,unstable_slice,bootstrap_mode,valid_bootstrap_resamples,valid_two_level_bootstrap_resamples,metric_semantics_version,pr_auc_definition,roc_auc,average_precision,average_precision_prevalence_lift,pr_auc,accuracy,balanced_accuracy,f1,precision,recall,roc_auc_ci_low,roc_auc_ci_high,roc_auc_two_level_ci_low,roc_auc_two_level_ci_high,average_precision_ci_low,average_precision_ci_high,average_precision_two_level_ci_low,average_precision_two_level_ci_high,pr_auc_ci_low,pr_auc_ci_high,pr_auc_two_level_ci_low,pr_auc_two_level_ci_high,average_precision_prevalence_lift_ci_low,average_precision_prevalence_lift_ci_high,average_precision_prevalence_lift_two_level_ci_low,average_precision_prevalence_lift_two_level_ci_high
all_test,raw_e5_cosine,200,50,150,0.25,False,primary_split_component_fixed_seed_mean_with_supplemental_two_level_seed_and_component,5000,5000,2026-07-v2-tie-aware,trapezoidal_area_under_tie_grouped_precision_recall_curve,0.748,0.542839,2.171356,0.537092,0.785,0.696667,0.547368,0.577778,0.52,0.6470683,0.83974195,0.6470683,0.83974195,0.39524548,0.68131332,0.39524548,0.68131332,0.37738155,0.6730795,0.37738155,0.6730795,1.6401478,3.07258157,1.6401478,3.07258157
all_test,raw_labse_cosine,200,50,150,0.25,False,primary_split_component_fixed_seed_mean_with_supplemental_two_level_seed_and_component,5000,5000,2026-07-v2-tie-aware,trapezoidal_area_under_tie_grouped_precision_recall_curve,0.813333,0.608477,2.433908,0.603705,0.775,0.663333,0.494382,0.564103,0.44,0.73741148,0.88662897,0.73741148,0.88662897,0.47250772,0.73847022,0.47250772,0.73847022,0.4570789,0.7332454,0.4570789,0.7332454,1.90783233,3.41321338,1.90783233,3.41321338
all_test,raw_bge_m3_cosine,200,50,150,0.25,False,primary_split_component_fixed_seed_mean_with_supplemental_two_level_seed_and_component,5000,5000,2026-07-v2-tie-aware,trapezoidal_area_under_tie_grouped_precision_recall_curve,0.748933,0.526585,2.10634,0.519155,0.795,0.663333,0.493827,0.645161,0.4,0.66058505,0.83818045,0.66058505,0.83818045,0.38849258,0.68287757,0.38849258,0.68287757,0.37000007,0.67272267,0.37000007,0.67272267,1.60453991,2.98275217,1.60453991,2.98275217
all_test,step9_labse_lr_l2_100pct_seed_mean,200,50,150,0.25,False,primary_split_component_fixed_seed_mean_with_supplemental_two_level_seed_and_component,5000,5000,2026-07-v2-tie-aware,trapezoidal_area_under_tie_grouped_precision_recall_curve,0.831333,0.613971,2.455884,0.609461,0.755,0.743333,0.595041,0.507042,0.72,0.75487253,0.89780587,0.75487253,0.89780587,0.46472305,0.7642061,0.46472305,0.7642061,0.4518312,0.75858837,0.4518312,0.75858837,1.90936206,3.41779237,1.90936206,3.41779237
all_test,step9_e5_lr_l2_100pct_seed_mean,200,50,150,0.25,False,primary_split_component_fixed_seed_mean_with_supplemental_two_level_seed_and_component,5000,5000,2026-07-v2-tie-aware,trapezoidal_area_under_tie_grouped_precision_recall_curve,0.765467,0.575633,2.302532,0.571561,0.785,0.61,0.376812,0.684211,0.26,0.66742387,0.84869155,0.66742387,0.84869155,0.42836783,0.71720042,0.42836783,0.71720042,0.41765035,0.7120439,0.41765035,0.7120439,1.7856086,3.2161312,1.7856086,3.2161312
all_test,step9_bge_m3_residual_lr_100pct_seed_mean,200,50,150,0.25,False,primary_split_component_fixed_seed_mean_with_supplemental_two_level_seed_and_component,5000,5000,2026-07-v2-tie-aware,trapezoidal_area_under_tie_grouped_precision_recall_curve,0.794267,0.556358,2.225432,0.551159,0.785,0.663333,0.494118,0.6,0.42,0.7123914,0.865571,0.7123914,0.865571,0.40035607,0.71048345,0.40035607,0.71048345,0.38753955,0.70280987,0.38753955,0.70280987,1.74114184,3.06764387,1.74114184,3.06764387
all_test,step9_e5_mixup_100pct_seed_mean,200,50,150,0.25,False,primary_split_component_fixed_seed_mean_with_supplemental_two_level_seed_and_component,5000,5000,2026-07-v2-tie-aware,trapezoidal_area_under_tie_grouped_precision_recall_curve,0.7596,0.562753,2.251012,0.557987,0.695,0.67,0.504065,0.424658,0.62,0.66597,0.84300362,0.66731388,0.84326615,0.4119414,0.70520302,0.41122853,0.70788442,0.3976371,0.69978335,0.39696133,0.70092345,1.73192345,3.15107966,1.7330472,3.1583494
all_test,step9_identifier_operational_100pct_seed_mean,200,50,150,0.25,False,primary_split_component_fixed_seed_mean_with_supplemental_two_level_seed_and_component,5000,5000,2026-07-v2-tie-aware,trapezoidal_area_under_tie_grouped_precision_recall_curve,0.863333,0.783364,3.133456,0.781853,0.84,0.733333,0.619048,0.764706,0.52,0.7897612,0.9290765,0.7897612,0.9290765,0.65745162,0.88648187,0.65745162,0.88648187,0.6522919,0.88508205,0.6522919,0.88508205,2.48672297,4.35650343,2.48672297,4.35650343
all_test,step15_v6_source_only_lr_l2,200,50,150,0.25,False,primary_split_component_fixed_seed_mean_with_supplemental_two_level_seed_and_component,5000,5000,2026-07-v2-tie-aware,trapezoidal_area_under_tie_grouped_precision_recall_curve,0.732133,0.519494,2.077976,0.514127,0.755,0.61,0.395062,0.516129,0.32,0.63485263,0.82390432,0.63471268,0.8238107,0.3617538,0.68582865,0.3621287,0.68629315,0.34628675,0.6793644,0.34629365,0.68071685,1.55712903,2.96558906,1.55175133,2.97233482
all_test,step7_source_only_default_fusion,200,50,150,0.25,False,primary_split_component_fixed_seed_mean_with_supplemental_two_level_seed_and_component,5000,5000,2026-07-v2-tie-aware,trapezoidal_area_under_tie_grouped_precision_recall_curve,0.604,0.358422,1.433688,0.416444,0.54,0.573333,0.410256,0.301887,0.64,0.49645868,0.7090809,0.49645868,0.7090809,0.24011878,0.50127653,0.24011878,0.50127653,0.2772526,0.56221642,0.2772526,0.56221642,1.0956603,2.05638781,1.0956603,2.05638781
all_test,step15_v6_m0,200,50,150,0.25,False,primary_split_component_fixed_seed_mean_with_supplemental_two_level_seed_and_component,5000,5000,2026-07-v2-tie-aware,trapezoidal_area_under_tie_grouped_precision_recall_curve,0.839067,0.623361,2.493444,0.619269,0.78,0.586667,0.3125,0.714286,0.2,0.76572668,0.90549855,0.76523905,0.90598042,0.47538953,0.77349408,0.47521665,0.7737678,0.46400385,0.76811145,0.46345535,0.76776977,1.94124077,3.48591883,1.93673341,3.48088214
all_test,step15_v6_m1,200,50,150,0.25,False,primary_split_component_fixed_seed_mean_with_supplemental_two_level_seed_and_component,5000,5000,2026-07-v2-tie-aware,trapezoidal_area_under_tie_grouped_precision_recall_curve,0.781467,0.587261,2.349044,0.582196,0.71,0.68,0.516667,0.442857,0.62,0.6997072,0.85582742,0.69855745,0.85672722,0.43471775,0.73495112,0.4382704,0.73464362,0.42106275,0.73035037,0.4236261,0.72986117,1.81991556,3.32381562,1.81738435,3.31290305
all_test,step15_v6_m2,200,50,150,0.25,False,primary_split_component_fixed_seed_mean_with_supplemental_two_level_seed_and_component,5000,5000,2026-07-v2-tie-aware,trapezoidal_area_under_tie_grouped_precision_recall_curve,0.791333,0.598599,2.394396,0.593361,0.785,0.683333,0.527473,0.585366,0.48,0.70796315,0.8646006,0.70653208,0.86574515,0.45088425,0.7416112,0.45047855,0.7401668,0.4340914,0.73603248,0.43377485,0.73495357,1.8617602,3.35465506,1.86020451,3.35533957
all_test,step15_v6_m2b_matched_budget,200,50,150,0.25,False,primary_split_component_fixed_seed_mean_with_supplemental_two_level_seed_and_component,5000,5000,2026-07-v2-tie-aware,trapezoidal_area_under_tie_grouped_precision_recall_curve,0.791333,0.602101,2.408404,0.597639,0.76,0.706667,0.555556,0.517241,0.6,0.71030353,0.8634287,0.71014188,0.86483742,0.4536038,0.73954332,0.45499558,0.74095307,0.4400404,0.73520085,0.439544,0.73607437,1.88160446,3.38164136,1.88055212,3.38884681
all_test,step15_v6_m3,200,50,150,0.25,False,primary_split_component_fixed_seed_mean_with_supplemental_two_level_seed_and_component,5000,5000,2026-07-v2-tie-aware,trapezoidal_area_under_tie_grouped_precision_recall_curve,0.795467,0.594897,2.379588,0.59026,0.78,0.7,0.55102,0.5625,0.54,0.7120027,0.86794267,0.70848318,0.86946762,0.44388678,0.7400542,0.43875398,0.73907732,0.42983205,0.73600242,0.42473943,0.73349792,1.84573177,3.38326687,1.8273674,3.34081745
all_test,step15_v6_m4,200,50,150,0.25,False,primary_split_component_fixed_seed_mean_with_supplemental_two_level_seed_and_component,5000,5000,2026-07-v2-tie-aware,trapezoidal_area_under_tie_grouped_precision_recall_curve,0.7848,0.577943,2.311772,0.571975,0.715,0.69,0.528926,0.450704,0.64,0.69822203,0.8622082,0.69481485,0.86069335,0.42167645,0.73613415,0.41435648,0.729774,0.40211788,0.73133882,0.3958043,0.7250085,1.76876428,3.26737161,1.75049292,3.24344338
all_test,step15_v6_m4c_no_mixup_continuation,200,50,150,0.25,False,primary_split_component_fixed_seed_mean_with_supplemental_two_level_seed_and_component,5000,5000,2026-07-v2-tie-aware,trapezoidal_area_under_tie_grouped_precision_recall_curve,0.784267,0.584196,2.336784,0.57917,0.755,0.69,0.533333,0.509091,0.56,0.69862965,0.86098042,0.6951859,0.86111597,0.43064753,0.73327577,0.42289335,0.7315027,0.41741518,0.72897825,0.40837905,0.72561935,1.79861184,3.31521184,1.78113327,3.26339178
all_test,step15_v6_m3_normalized_retrieval,200,50,150,0.25,False,primary_split_component_fixed_seed_mean_with_supplemental_two_level_seed_and_component,5000,5000,2026-07-v2-tie-aware,trapezoidal_area_under_tie_grouped_precision_recall_curve,0.8036,0.597533,2.390132,0.592168,0.765,0.69,0.534653,0.529412,0.54,0.7215066,0.87361132,0.71996055,0.87412535,0.4481812,0.74418905,0.44437548,0.74319845,0.4316913,0.7389767,0.42852815,0.7371983,1.86212785,3.32812612,1.85427129,3.3116107
all_test,step15_v6_m3_gold_only,200,50,150,0.25,False,primary_split_component_fixed_seed_mean_with_supplemental_two_level_seed_and_component,5000,5000,2026-07-v2-tie-aware,trapezoidal_area_under_tie_grouped_precision_recall_curve,0.762267,0.529862,2.119448,0.522539,0.765,0.623333,0.419753,0.548387,0.34,0.68252972,0.8410314,0.67182253,0.83693525,0.39255285,0.67358937,0.3852503,0.66895037,0.37387265,0.6653659,0.36606118,0.66151192,1.6595661,3.0016364,1.62614924,2.96059048
all_test,step15_v6_m3_gold_plus_high_confidence_silver,200,50,150,0.25,False,primary_split_component_fixed_seed_mean_with_supplemental_two_level_seed_and_component,5000,5000,2026-07-v2-tie-aware,trapezoidal_area_under_tie_grouped_precision_recall_curve,0.724133,0.449636,1.798544,0.440482,0.725,0.69,0.529915,0.462687,0.62,0.62539007,0.81742997,0.62441643,0.81817987,0.32215258,0.61519128,0.3212859,0.6170228,0.30259878,0.60029517,0.30446998,0.60282015,1.38854103,2.58101486,1.38665782,2.60573928
all_test,step15_v6_m5_lambda_0p1,200,50,150,0.25,False,primary_split_component_fixed_seed_mean_with_supplemental_two_level_seed_and_component,5000,5000,2026-07-v2-tie-aware,trapezoidal_area_under_tie_grouped_precision_recall_curve,0.8016,0.583457,2.333828,0.578627,0.775,0.623333,0.415584,0.592593,0.32,0.72125737,0.87204847,0.71646113,0.87269115,0.4340315,0.73199492,0.42574605,0.73154582,0.4207749,0.7262698,0.41191365,0.72571405,1.81024815,3.2590179,1.789809,3.26388348
all_test,step15_v6_m5_selected,200,50,150,0.25,False,primary_split_component_fixed_seed_mean_with_supplemental_two_level_seed_and_component,5000,5000,2026-07-v2-tie-aware,trapezoidal_area_under_tie_grouped_precision_recall_curve,0.8016,0.583457,2.333828,0.578627,0.775,0.623333,0.415584,0.592593,0.32,0.72125737,0.87204847,0.71646113,0.87269115,0.4340315,0.73199492,0.42574605,0.73154582,0.4207749,0.7262698,0.41191365,0.72571405,1.81024815,3.2590179,1.789809,3.26388348
all_test,step15_v6_final_selected,200,50,150,0.25,False,primary_split_component_fixed_seed_mean_with_supplemental_two_level_seed_and_component,5000,5000,2026-07-v2-tie-aware,trapezoidal_area_under_tie_grouped_precision_recall_curve,0.7848,0.577943,2.311772,0.571975,0.715,0.69,0.528926,0.450704,0.64,0.69822203,0.8622082,0.69481485,0.86069335,0.42167645,0.73613415,0.41435648,0.729774,0.40211788,0.73133882,0.3958043,0.7250085,1.76876428,3.26737161,1.75049292,3.24344338
all_test,step9_strongest_clean_validation_selected,200,50,150,0.25,False,primary_split_component_fixed_seed_mean_with_supplemental_two_level_seed_and_component,5000,5000,2026-07-v2-tie-aware,trapezoidal_area_under_tie_grouped_precision_recall_curve,0.765467,0.575633,2.302532,0.571561,0.785,0.61,0.376812,0.684211,0.26,0.66742387,0.84869155,0.66742387,0.84869155,0.42836783,0.71720042,0.42836783,0.71720042,0.41765035,0.7120439,0.41765035,0.7120439,1.7856086,3.2161312,1.7856086,3.2161312
strict_direct_or_component_positive_vs_all_negative,raw_e5_cosine,168,18,150,0.10714286,False,primary_split_component_fixed_seed_mean_with_supplemental_two_level_seed_and_component,5000,5000,2026-07-v2-tie-aware,trapezoidal_area_under_tie_grouped_precision_recall_curve,0.712593,0.306044,2.85641067,0.289619,0.821429,0.631111,0.318182,0.269231,0.388889,0.5707068,0.84825162,0.5707068,0.84825162,0.14225303,0.52526447,0.14225303,0.52526447,0.11676628,0.5063932,0.11676628,0.5063932,1.54578144,6.33261685,1.54578144,6.33261685
strict_direct_or_component_positive_vs_all_negative,raw_labse_cosine,168,18,150,0.10714286,False,primary_split_component_fixed_seed_mean_with_supplemental_two_level_seed_and_component,5000,5000,2026-07-v2-tie-aware,trapezoidal_area_under_tie_grouped_precision_recall_curve,0.78963,0.347201,3.24054267,0.330087,0.827381,0.61,0.292683,0.26087,0.333333,0.68322797,0.88580817,0.68322797,0.88580817,0.17001505,0.58354827,0.17001505,0.58354827,0.14028315,0.56301252,0.14028315,0.56301252,1.89212497,6.73822294,1.89212497,6.73822294
strict_direct_or_component_positive_vs_all_negative,raw_bge_m3_cosine,168,18,150,0.10714286,False,primary_split_component_fixed_seed_mean_with_supplemental_two_level_seed_and_component,5000,5000,2026-07-v2-tie-aware,trapezoidal_area_under_tie_grouped_precision_recall_curve,0.637778,0.281432,2.62669867,0.265886,0.863095,0.63,0.342857,0.352941,0.333333,0.50788838,0.78707345,0.50788838,0.78707345,0.1235736,0.51781908,0.1235736,0.51781908,0.10032555,0.49776462,0.10032555,0.49776462,1.35282773,6.2203793,1.35282773,6.2203793
strict_direct_or_component_positive_vs_all_negative,step9_labse_lr_l2_100pct_seed_mean,168,18,150,0.10714286,False,primary_split_component_fixed_seed_mean_with_supplemental_two_level_seed_and_component,5000,5000,2026-07-v2-tie-aware,trapezoidal_area_under_tie_grouped_precision_recall_curve,0.764074,0.353584,3.30011733,0.342124,0.744048,0.661111,0.31746,0.222222,0.555556,0.63828768,0.87000492,0.63828768,0.87000492,0.1614604,0.58190807,0.1614604,0.58190807,0.13350513,0.56779325,0.13350513,0.56779325,1.79774124,6.66185565,1.79774124,6.66185565
strict_direct_or_component_positive_vs_all_negative,step9_e5_lr_l2_100pct_seed_mean,168,18,150,0.10714286,False,primary_split_component_fixed_seed_mean_with_supplemental_two_level_seed_and_component,5000,5000,2026-07-v2-tie-aware,trapezoidal_area_under_tie_grouped_precision_recall_curve,0.705926,0.356273,3.32521467,0.347376,0.880952,0.591111,0.285714,0.4,0.222222,0.5524539,0.84910655,0.5524539,0.84910655,0.1663527,0.57932482,0.1663527,0.57932482,0.14032022,0.5689987,0.14032022,0.5689987,1.66142015,7.00129242,1.66142015,7.00129242
strict_direct_or_component_positive_vs_all_negative,step9_bge_m3_residual_lr_100pct_seed_mean,168,18,150,0.10714286,False,primary_split_component_fixed_seed_mean_with_supplemental_two_level_seed_and_component,5000,5000,2026-07-v2-tie-aware,trapezoidal_area_under_tie_grouped_precision_recall_curve,0.772593,0.338519,3.15951067,0.326723,0.845238,0.62,0.315789,0.3,0.333333,0.64275503,0.8882666,0.64275503,0.8882666,0.15989123,0.56312207,0.15989123,0.56312207,0.13445295,0.54468825,0.13445295,0.54468825,1.74867692,6.61516821,1.74867692,6.61516821
strict_direct_or_component_positive_vs_all_negative,step9_e5_mixup_100pct_seed_mean,168,18,150,0.10714286,False,primary_split_component_fixed_seed_mean_with_supplemental_two_level_seed_and_component,5000,5000,2026-07-v2-tie-aware,trapezoidal_area_under_tie_grouped_precision_recall_curve,0.693333,0.312295,2.91475333,0.301073,0.696429,0.61,0.26087,0.176471,0.5,0.53163685,0.84232232,0.5315619,0.8441815,0.12257085,0.53425628,0.1237339,0.53635297,0.10087358,0.5154372,0.1028142,0.51587307,1.44037899,5.93342222,1.43535663,6.00942768
strict_direct_or_component_positive_vs_all_negative,step9_identifier_operational_100pct_seed_mean,168,18,150,0.10714286,False,primary_split_component_fixed_seed_mean_with_supplemental_two_level_seed_and_component,5000,5000,2026-07-v2-tie-aware,trapezoidal_area_under_tie_grouped_precision_recall_curve,0.982963,0.945785,8.82732667,0.945093,0.946429,0.945556,0.790698,0.68,0.944444,0.94654238,1.0,0.94654238,1.0,0.82563617,1.0,0.82563617,1.0,0.82032675,1.0,0.82032675,1.0,6.00844902,16.50035732,6.00844902,16.50035732
strict_direct_or_component_positive_vs_all_negative,step15_v6_source_only_lr_l2,168,18,150,0.10714286,False,primary_split_component_fixed_seed_mean_with_supplemental_two_level_seed_and_component,5000,5000,2026-07-v2-tie-aware,trapezoidal_area_under_tie_grouped_precision_recall_curve,0.697778,0.309514,2.88879733,0.293367,0.833333,0.588889,0.263158,0.25,0.277778,0.56508655,0.82848153,0.56684935,0.8289526,0.13408978,0.55495177,0.13408978,0.55400502,0.10914355,0.5396625,0.10989,0.53924597,1.50273465,6.35961558,1.50633157,6.35340644
strict_direct_or_component_positive_vs_all_negative,step7_source_only_default_fusion,168,18,150,0.10714286,False,primary_split_component_fixed_seed_mean_with_supplemental_two_level_seed_and_component,5000,5000,2026-07-v2-tie-aware,trapezoidal_area_under_tie_grouped_precision_recall_curve,0.67463,0.206473,1.92708133,0.280741,0.541667,0.67,0.280374,0.168539,0.833333,0.5277332,0.79846927,0.5277332,0.79846927,0.09571855,0.40032162,0.09571855,0.40032162,0.1191528,0.48733235,0.1191528,0.48733235,1.17524523,4.08415346,1.17524523,4.08415346
strict_direct_or_component_positive_vs_all_negative,step15_v6_m0,168,18,150,0.10714286,False,primary_split_component_fixed_seed_mean_with_supplemental_two_level_seed_and_component,5000,5000,2026-07-v2-tie-aware,trapezoidal_area_under_tie_grouped_precision_recall_curve,0.824444,0.437741,4.08558267,0.429409,0.892857,0.597778,0.307692,0.5,0.222222,0.73271473,0.91576,0.73194318,0.91604222,0.23455703,0.66566495,0.23593608,0.6660304,0.2133751,0.65539595,0.2140179,0.6553447,2.33721261,8.34029693,2.33454479,8.35956512
strict_direct_or_component_positive_vs_all_negative,step15_v6_m1,168,18,150,0.10714286,False,primary_split_component_fixed_seed_mean_with_supplemental_two_level_seed_and_component,5000,5000,2026-07-v2-tie-aware,trapezoidal_area_under_tie_grouped_precision_recall_curve,0.728148,0.344943,3.219468,0.33344,0.714286,0.62,0.272727,0.1875,0.5,0.59866942,0.8441919,0.59877887,0.84616427,0.1534351,0.56784122,0.15797435,0.57627387,0.12387515,0.5547873,0.13067285,0.56411912,1.72649222,6.77350816,1.75190427,6.86415
strict_direct_or_component_positive_vs_all_negative,step15_v6_m2,168,18,150,0.10714286,False,primary_split_component_fixed_seed_mean_with_supplemental_two_level_seed_and_component,5000,5000,2026-07-v2-tie-aware,trapezoidal_area_under_tie_grouped_precision_recall_curve,0.737407,0.326193,3.044468,0.310127,0.827381,0.61,0.292683,0.26087,0.333333,0.60705048,0.84774017,0.600811,0.8497062,0.14451975,0.55441257,0.14191823,0.55114275,0.11616475,0.54051617,0.11442753,0.53726302,1.69979088,6.30494021,1.64776191,6.27538712
strict_direct_or_component_positive_vs_all_negative,step15_v6_m2b_matched_budget,168,18,150,0.10714286,False,primary_split_component_fixed_seed_mean_with_supplemental_two_level_seed_and_component,5000,5000,2026-07-v2-tie-aware,trapezoidal_area_under_tie_grouped_precision_recall_curve,0.741111,0.339405,3.16778,0.328225,0.77381,0.628889,0.296296,0.222222,0.444444,0.61792848,0.84832113,0.61306777,0.85074847,0.149392,0.55479742,0.14816355,0.55845532,0.12342108,0.5415671,0.12272353,0.5438403,1.71643856,6.62362663,1.7045804,6.55090803
strict_direct_or_component_positive_vs_all_negative,step15_v6_m3,168,18,150,0.10714286,False,primary_split_component_fixed_seed_mean_with_supplemental_two_level_seed_and_component,5000,5000,2026-07-v2-tie-aware,trapezoidal_area_under_tie_grouped_precision_recall_curve,0.75,0.346362,3.232712,0.334942,0.809524,0.624444,0.304348,0.25,0.388889,0.62436673,0.85664345,0.6067901,0.85779127,0.15353265,0.56531355,0.15044603,0.56178655,0.12801567,0.55119602,0.1250322,0.54950475,1.75180445,6.61882445,1.71919807,6.4697672
strict_direct_or_component_positive_vs_all_negative,step15_v6_m4,168,18,150,0.10714286,False,primary_split_component_fixed_seed_mean_with_supplemental_two_level_seed_and_component,5000,5000,2026-07-v2-tie-aware,trapezoidal_area_under_tie_grouped_precision_recall_curve,0.730741,0.311649,2.908724,0.295117,0.720238,0.647778,0.298507,0.204082,0.555556,0.58840883,0.84704747,0.58409193,0.84540733,0.13820723,0.5439714,0.13321745,0.53845207,0.111582,0.5260866,0.10787208,0.5218485,1.6278633,6.06657037,1.57132576,5.97538976
strict_direct_or_component_positive_vs_all_negative,step15_v6_m4c_no_mixup_continuation,168,18,150,0.10714286,False,primary_split_component_fixed_seed_mean_with_supplemental_two_level_seed_and_component,5000,5000,2026-07-v2-tie-aware,trapezoidal_area_under_tie_grouped_precision_recall_curve,0.730741,0.32917,3.07225333,0.317316,0.779762,0.632222,0.301887,0.228571,0.444444,0.5918096,0.84555765,0.58620218,0.84489857,0.14090743,0.55563072,0.14075163,0.54925605,0.11511228,0.53956862,0.11510603,0.53664657,1.66297099,6.25865458,1.64800629,6.1789558
strict_direct_or_component_positive_vs_all_negative,step15_v6_m3_normalized_retrieval,168,18,150,0.10714286,False,primary_split_component_fixed_seed_mean_with_supplemental_two_level_seed_and_component,5000,5000,2026-07-v2-tie-aware,trapezoidal_area_under_tie_grouped_precision_recall_curve,0.805926,0.402586,3.75746933,0.389723,0.803571,0.67,0.352941,0.272727,0.5,0.68382058,0.9064823,0.6716372,0.90570672,0.20026513,0.63409122,0.19536145,0.63655087,0.16759838,0.62231847,0.16801978,0.6236504,2.2156606,7.41009013,2.17454456,7.52060155
strict_direct_or_component_positive_vs_all_negative,step15_v6_m3_gold_only,168,18,150,0.10714286,False,primary_split_component_fixed_seed_mean_with_supplemental_two_level_seed_and_component,5000,5000,2026-07-v2-tie-aware,trapezoidal_area_under_tie_grouped_precision_recall_curve,0.745185,0.292105,2.72631333,0.265556,0.85119,0.647778,0.358974,0.333333,0.388889,0.61581477,0.86825712,0.60459293,0.86214732,0.14835808,0.53830252,0.14800078,0.5351936,0.12021473,0.49089602,0.11854242,0.49928077,1.74148004,5.55858196,1.68542428,5.65805904
strict_direct_or_component_positive_vs_all_negative,step15_v6_m3_gold_plus_high_confidence_silver,168,18,150,0.10714286,False,primary_split_component_fixed_seed_mean_with_supplemental_two_level_seed_and_component,5000,5000,2026-07-v2-tie-aware,trapezoidal_area_under_tie_grouped_precision_recall_curve,0.672222,0.191071,1.78332933,0.172933,0.738095,0.657778,0.3125,0.217391,0.555556,0.5204399,0.7948626,0.52220915,0.79579307,0.09830053,0.3773952,0.09970097,0.3914668,0.079268,0.32619635,0.08035145,0.34335255,1.23953432,3.65941382,1.24382401,3.82650468
strict_direct_or_component_positive_vs_all_negative,step15_v6_m5_lambda_0p1,168,18,150,0.10714286,False,primary_split_component_fixed_seed_mean_with_supplemental_two_level_seed_and_component,5000,5000,2026-07-v2-tie-aware,trapezoidal_area_under_tie_grouped_precision_recall_curve,0.764444,0.353484,3.299184,0.344847,0.845238,0.546667,0.1875,0.214286,0.166667,0.6524743,0.86296987,0.64409698,0.86042652,0.16572715,0.55830847,0.15499983,0.5521011,0.14269783,0.54722145,0.13191448,0.53934562,1.80490674,6.8171101,1.73840905,6.52314147
strict_direct_or_component_positive_vs_all_negative,step15_v6_m5_selected,168,18,150,0.10714286,False,primary_split_component_fixed_seed_mean_with_supplemental_two_level_seed_and_component,5000,5000,2026-07-v2-tie-aware,trapezoidal_area_under_tie_grouped_precision_recall_curve,0.764444,0.353484,3.299184,0.344847,0.845238,0.546667,0.1875,0.214286,0.166667,0.6524743,0.86296987,0.64409698,0.86042652,0.16572715,0.55830847,0.15499983,0.5521011,0.14269783,0.54722145,0.13191448,0.53934562,1.80490674,6.8171101,1.73840905,6.52314147
strict_direct_or_component_positive_vs_all_negative,step15_v6_final_selected,168,18,150,0.10714286,False,primary_split_component_fixed_seed_mean_with_supplemental_two_level_seed_and_component,5000,5000,2026-07-v2-tie-aware,trapezoidal_area_under_tie_grouped_precision_recall_curve,0.730741,0.311649,2.908724,0.295117,0.720238,0.647778,0.298507,0.204082,0.555556,0.58840883,0.84704747,0.58409193,0.84540733,0.13820723,0.5439714,0.13321745,0.53845207,0.111582,0.5260866,0.10787208,0.5218485,1.6278633,6.06657037,1.57132576,5.97538976
strict_direct_or_component_positive_vs_all_negative,step9_strongest_clean_validation_selected,168,18,150,0.10714286,False,primary_split_component_fixed_seed_mean_with_supplemental_two_level_seed_and_component,5000,5000,2026-07-v2-tie-aware,trapezoidal_area_under_tie_grouped_precision_recall_curve,0.705926,0.356273,3.32521467,0.347376,0.880952,0.591111,0.285714,0.4,0.222222,0.5524539,0.84910655,0.5524539,0.84910655,0.1663527,0.57932482,0.1663527,0.57932482,0.14032022,0.5689987,0.14032022,0.5689987,1.66142015,7.00129242,1.66142015,7.00129242
strict_plus_soft_primary_positive_vs_all_negative,raw_e5_cosine,174,24,150,0.13793103,False,primary_split_component_fixed_seed_mean_with_supplemental_two_level_seed_and_component,5000,5000,2026-07-v2-tie-aware,trapezoidal_area_under_tie_grouped_precision_recall_curve,0.765,0.426188,3.089863,0.414598,0.821839,0.686667,0.436364,0.387097,0.5,0.61816863,0.8746183,0.61816863,0.8746183,0.20799438,0.61593247,0.20799438,0.61593247,0.18165798,0.59965753,0.18165798,0.59965753,1.91942587,5.42537067,1.91942587,5.42537067
strict_plus_soft_primary_positive_vs_all_negative,raw_labse_cosine,174,24,150,0.13793103,False,primary_split_component_fixed_seed_mean_with_supplemental_two_level_seed_and_component,5000,5000,2026-07-v2-tie-aware,trapezoidal_area_under_tie_grouped_precision_recall_curve,0.820833,0.484749,3.51443025,0.475133,0.827586,0.6725,0.423077,0.392857,0.458333,0.73243742,0.89971095,0.73243742,0.89971095,0.29054175,0.66370897,0.29054175,0.66370897,0.26117728,0.65141003,0.26117728,0.65141003,2.39846703,6.3260633,2.39846703,6.3260633
strict_plus_soft_primary_positive_vs_all_negative,raw_bge_m3_cosine,174,24,150,0.13793103,False,primary_split_component_fixed_seed_mean_with_supplemental_two_level_seed_and_component,5000,5000,2026-07-v2-tie-aware,trapezoidal_area_under_tie_grouped_precision_recall_curve,0.691111,0.341417,2.47527325,0.326837,0.856322,0.671667,0.444444,0.47619,0.416667,0.58071233,0.8167659,0.58071233,0.8167659,0.1899698,0.53435725,0.1899698,0.53435725,0.16063578,0.51554615,0.16063578,0.51554615,1.55200027,5.16872102,1.55200027,5.16872102
strict_plus_soft_primary_positive_vs_all_negative,step9_labse_lr_l2_100pct_seed_mean,174,24,150,0.13793103,False,primary_split_component_fixed_seed_mean_with_supplemental_two_level_seed_and_component,5000,5000,2026-07-v2-tie-aware,trapezoidal_area_under_tie_grouped_precision_recall_curve,0.813889,0.516709,3.74614025,0.509764,0.752874,0.716667,0.426667,0.313725,0.666667,0.69526783,0.90239287,0.69526783,0.90239287,0.31316965,0.71587227,0.31316965,0.71587227,0.2933328,0.70898552,0.2933328,0.70898552,2.4875473,7.00703706,2.4875473,7.00703706
strict_plus_soft_primary_positive_vs_all_negative,step9_e5_lr_l2_100pct_seed_mean,174,24,150,0.13793103,False,primary_split_component_fixed_seed_mean_with_supplemental_two_level_seed_and_component,5000,5000,2026-07-v2-tie-aware,trapezoidal_area_under_tie_grouped_precision_recall_curve,0.770556,0.508705,3.68811125,0.502517,0.873563,0.646667,0.421053,0.571429,0.333333,0.61736973,0.88586283,0.61736973,0.88586283,0.30069638,0.70710445,0.30069638,0.70710445,0.2841688,0.69951475,0.2841688,0.69951475,2.35628525,7.07729639,2.35628525,7.07729639
strict_plus_soft_primary_positive_vs_all_negative,step9_bge_m3_residual_lr_100pct_seed_mean,174,24,150,0.13793103,False,primary_split_component_fixed_seed_mean_with_supplemental_two_level_seed_and_component,5000,5000,2026-07-v2-tie-aware,trapezoidal_area_under_tie_grouped_precision_recall_curve,0.800833,0.425658,3.0860205,0.415817,0.83908,0.661667,0.416667,0.416667,0.416667,0.68612843,0.8949828,0.68612843,0.8949828,0.24855115,0.63083175,0.24855115,0.63083175,0.22439463,0.6176428,0.22439463,0.6176428,2.00176817,5.96372573,2.00176817,5.96372573
strict_plus_soft_primary_positive_vs_all_negative,step9_e5_mixup_100pct_seed_mean,174,24,150,0.13793103,False,primary_split_component_fixed_seed_mean_with_supplemental_two_level_seed_and_component,5000,5000,2026-07-v2-tie-aware,trapezoidal_area_under_tie_grouped_precision_recall_curve,0.763889,0.496209,3.59751525,0.489025,0.706897,0.6725,0.37037,0.263158,0.625,0.5987507,0.8852929,0.59795605,0.88737177,0.26687308,0.6991276,0.26577213,0.69981067,0.2488134,0.68926073,0.24840503,0.69030837,2.24569821,6.4428043,2.26037798,6.44274854
strict_plus_soft_primary_positive_vs_all_negative,step9_identifier_operational_100pct_seed_mean,174,24,150,0.13793103,False,primary_split_component_fixed_seed_mean_with_supplemental_two_level_seed_and_component,5000,5000,2026-07-v2-tie-aware,trapezoidal_area_under_tie_grouped_precision_recall_curve,0.952778,0.890863,6.45875675,0.889794,0.931034,0.89,0.769231,0.714286,0.833333,0.90271533,1.0,0.90271533,1.0,0.78893205,1.0,0.78893205,1.0,0.7843896,1.0,0.7843896,1.0,4.22511814,12.50034527,4.22511814,12.50034527
strict_plus_soft_primary_positive_vs_all_negative,step15_v6_source_only_lr_l2,174,24,150,0.13793103,False,primary_split_component_fixed_seed_mean_with_supplemental_two_level_seed_and_component,5000,5000,2026-07-v2-tie-aware,trapezoidal_area_under_tie_grouped_precision_recall_curve,0.742778,0.442324,3.206849,0.434104,0.821839,0.616667,0.340426,0.347826,0.333333,0.63438863,0.86253725,0.63415308,0.8634876,0.25940725,0.66612737,0.25807275,0.66636085,0.23363885,0.6569014,0.23360365,0.65703422,1.88484871,6.8666079,1.88393277,6.86772517
strict_plus_soft_primary_positive_vs_all_negative,step7_source_only_default_fusion,174,24,150,0.13793103,False,primary_split_component_fixed_seed_mean_with_supplemental_two_level_seed_and_component,5000,5000,2026-07-v2-tie-aware,trapezoidal_area_under_tie_grouped_precision_recall_curve,0.681389,0.289295,2.09738875,0.374362,0.545977,0.649167,0.324786,0.204301,0.791667,0.5662926,0.8250023,0.5662926,0.8250023,0.1524066,0.50297527,0.1524066,0.50297527,0.206968,0.59168012,0.206968,0.59168012,1.2849644,4.467681,1.2849644,4.467681
strict_plus_soft_primary_positive_vs_all_negative,step15_v6_m0,174,24,150,0.13793103,False,primary_split_component_fixed_seed_mean_with_supplemental_two_level_seed_and_component,5000,5000,2026-07-v2-tie-aware,trapezoidal_area_under_tie_grouped_precision_recall_curve,0.846389,0.545156,3.952381,0.539316,0.87931,0.6325,0.4,0.636364,0.291667,0.76629348,0.9336436,0.76681905,0.93371727,0.36046983,0.75713987,0.36108673,0.7559961,0.34407553,0.75032327,0.34497708,0.7500479,2.461708,8.28426647,2.4631111,8.26786577
strict_plus_soft_primary_positive_vs_all_negative,step15_v6_m1,174,24,150,0.13793103,False,primary_split_component_fixed_seed_mean_with_supplemental_two_level_seed_and_component,5000,5000,2026-07-v2-tie-aware,trapezoidal_area_under_tie_grouped_precision_recall_curve,0.779167,0.487276,3.532751,0.479793,0.718391,0.661667,0.363636,0.264151,0.583333,0.67002973,0.87572388,0.6666474,0.87519915,0.29268145,0.6855206,0.296013,0.68603282,0.26547572,0.67936335,0.27150833,0.6803692,2.23465403,6.8509849,2.25681008,6.98055663
strict_plus_soft_primary_positive_vs_all_negative,step15_v6_m2,174,24,150,0.13793103,False,primary_split_component_fixed_seed_mean_with_supplemental_two_level_seed_and_component,5000,5000,2026-07-v2-tie-aware,trapezoidal_area_under_tie_grouped_precision_recall_curve,0.789444,0.484868,3.515293,0.476277,0.827586,0.6725,0.423077,0.392857,0.458333,0.67012475,0.8805436,0.66256475,0.87868822,0.2867004,0.68748177,0.28288765,0.68367037,0.25748087,0.67962785,0.25705442,0.67494252,2.2703266,6.65211209,2.24949647,6.75444322
strict_plus_soft_primary_positive_vs_all_negative,step15_v6_m2b_matched_budget,174,24,150,0.13793103,False,primary_split_component_fixed_seed_mean_with_supplemental_two_level_seed_and_component,5000,5000,2026-07-v2-tie-aware,trapezoidal_area_under_tie_grouped_precision_recall_curve,0.790556,0.492428,3.570103,0.485598,0.775862,0.6775,0.4,0.317073,0.541667,0.67767625,0.88042318,0.67412057,0.8820215,0.30026608,0.68793488,0.29774218,0.68568662,0.28089235,0.68241743,0.2748963,0.67824315,2.28620432,6.9546253,2.26264691,6.86522541
strict_plus_soft_primary_positive_vs_all_negative,step15_v6_m3,174,24,150,0.13793103,False,primary_split_component_fixed_seed_mean_with_supplemental_two_level_seed_and_component,5000,5000,2026-07-v2-tie-aware,trapezoidal_area_under_tie_grouped_precision_recall_curve,0.798056,0.498694,3.6155315,0.491794,0.810345,0.68,0.421053,0.363636,0.5,0.68069377,0.88489705,0.67013535,0.886115,0.30616555,0.69373173,0.29645123,0.69045197,0.2858695,0.68636555,0.27146788,0.68423487,2.32923032,6.94545889,2.28093308,6.87750827
strict_plus_soft_primary_positive_vs_all_negative,step15_v6_m4,174,24,150,0.13793103,False,primary_split_component_fixed_seed_mean_with_supplemental_two_level_seed_and_component,5000,5000,2026-07-v2-tie-aware,trapezoidal_area_under_tie_grouped_precision_recall_curve,0.781944,0.453095,3.28493875,0.44196,0.729885,0.703333,0.405063,0.290909,0.666667,0.65409623,0.87551828,0.648803,0.875,0.25814493,0.6658701,0.25442888,0.66247422,0.22342075,0.65762155,0.22292875,0.65275987,2.08010907,6.24905175,2.02956027,6.21571453
strict_plus_soft_primary_positive_vs_all_negative,step15_v6_m4c_no_mixup_continuation,174,24,150,0.13793103,False,primary_split_component_fixed_seed_mean_with_supplemental_two_level_seed_and_component,5000,5000,2026-07-v2-tie-aware,trapezoidal_area_under_tie_grouped_precision_recall_curve,0.782778,0.480116,3.480841,0.472217,0.781609,0.680833,0.40625,0.325,0.541667,0.6563202,0.87645187,0.6515423,0.87547935,0.28340483,0.68182105,0.27655252,0.6769841,0.2597977,0.67459372,0.25149673,0.6691414,2.20793363,6.60259522,2.16125995,6.55285272
strict_plus_soft_primary_positive_vs_all_negative,step15_v6_m3_normalized_retrieval,174,24,150,0.13793103,False,primary_split_component_fixed_seed_mean_with_supplemental_two_level_seed_and_component,5000,5000,2026-07-v2-tie-aware,trapezoidal_area_under_tie_grouped_precision_recall_curve,0.841111,0.542828,3.935503,0.534609,0.804598,0.711667,0.451613,0.368421,0.583333,0.74008385,0.9196799,0.72810297,0.92262182,0.34643875,0.73681737,0.33691572,0.74054225,0.3206573,0.72988692,0.30993773,0.73307667,2.65518544,7.27703099,2.61842004,7.26798929
strict_plus_soft_primary_positive_vs_all_negative,step15_v6_m3_gold_only,174,24,150,0.13793103,False,primary_split_component_fixed_seed_mean_with_supplemental_two_level_seed_and_component,5000,5000,2026-07-v2-tie-aware,trapezoidal_area_under_tie_grouped_precision_recall_curve,0.788333,0.423905,3.07331125,0.408483,0.83908,0.661667,0.416667,0.416667,0.416667,0.68794715,0.88149497,0.678318,0.87683042,0.242807,0.626022,0.23723525,0.62264725,0.20767355,0.60684095,0.2036387,0.60612372,2.13947996,5.68995371,2.08780896,5.63842724
strict_plus_soft_primary_positive_vs_all_negative,step15_v6_m3_gold_plus_high_confidence_silver,174,24,150,0.13793103,False,primary_split_component_fixed_seed_mean_with_supplemental_two_level_seed_and_component,5000,5000,2026-07-v2-tie-aware,trapezoidal_area_under_tie_grouped_precision_recall_curve,0.731944,0.318731,2.31079975,0.305169,0.747126,0.713333,0.421053,0.307692,0.666667,0.59538133,0.83199817,0.5942965,0.83358365,0.15996165,0.51822125,0.1608202,0.52529562,0.13674278,0.49316235,0.13888173,0.50311732,1.53652981,4.20998394,1.53934583,4.29383947
strict_plus_soft_primary_positive_vs_all_negative,step15_v6_m5_lambda_0p1,174,24,150,0.13793103,False,primary_split_component_fixed_seed_mean_with_supplemental_two_level_seed_and_component,5000,5000,2026-07-v2-tie-aware,trapezoidal_area_under_tie_grouped_precision_recall_curve,0.808333,0.482091,3.49515975,0.474732,0.844828,0.63,0.372093,0.421053,0.333333,0.70314645,0.8908777,0.69697,0.891781,0.29193533,0.67803252,0.2818968,0.67554163,0.27339245,0.66916757,0.26328303,0.66693492,2.27172793,6.64248399,2.19462294,6.61051105
strict_plus_soft_primary_positive_vs_all_negative,step15_v6_m5_selected,174,24,150,0.13793103,False,primary_split_component_fixed_seed_mean_with_supplemental_two_level_seed_and_component,5000,5000,2026-07-v2-tie-aware,trapezoidal_area_under_tie_grouped_precision_recall_curve,0.808333,0.482091,3.49515975,0.474732,0.844828,0.63,0.372093,0.421053,0.333333,0.70314645,0.8908777,0.69697,0.891781,0.29193533,0.67803252,0.2818968,0.67554163,0.27339245,0.66916757,0.26328303,0.66693492,2.27172793,6.64248399,2.19462294,6.61051105
strict_plus_soft_primary_positive_vs_all_negative,step15_v6_final_selected,174,24,150,0.13793103,False,primary_split_component_fixed_seed_mean_with_supplemental_two_level_seed_and_component,5000,5000,2026-07-v2-tie-aware,trapezoidal_area_under_tie_grouped_precision_recall_curve,0.781944,0.453095,3.28493875,0.44196,0.729885,0.703333,0.405063,0.290909,0.666667,0.65409623,0.87551828,0.648803,0.875,0.25814493,0.6658701,0.25442888,0.66247422,0.22342075,0.65762155,0.22292875,0.65275987,2.08010907,6.24905175,2.02956027,6.21571453
strict_plus_soft_primary_positive_vs_all_negative,step9_strongest_clean_validation_selected,174,24,150,0.13793103,False,primary_split_component_fixed_seed_mean_with_supplemental_two_level_seed_and_component,5000,5000,2026-07-v2-tie-aware,trapezoidal_area_under_tie_grouped_precision_recall_curve,0.770556,0.508705,3.68811125,0.502517,0.873563,0.646667,0.421053,0.571429,0.333333,0.61736973,0.88586283,0.61736973,0.88586283,0.30069638,0.70710445,0.30069638,0.70710445,0.2841688,0.69951475,0.2841688,0.69951475,2.35628525,7.07729639,2.35628525,7.07729639
soft_primary_positive_vs_all_negative,raw_e5_cosine,156,6,150,0.03846154,True,primary_split_component_fixed_seed_mean_with_supplemental_two_level_seed_and_component,4912,4912,2026-07-v2-tie-aware,trapezoidal_area_under_tie_grouped_precision_recall_curve,0.922222,0.408425,10.61905,0.380584,0.871795,0.853333,0.333333,0.208333,0.833333,0.7699514,0.979592,0.7699514,0.979592,0.05534315,0.66503652,0.05534315,0.66503652,0.029412,0.62129362,0.029412,0.62129362,3.81580547,27.70687703,3.81580547,27.70687703
soft_primary_positive_vs_all_negative,raw_labse_cosine,156,6,150,0.03846154,True,primary_split_component_fixed_seed_mean_with_supplemental_two_level_seed_and_component,4912,4912,2026-07-v2-tie-aware,trapezoidal_area_under_tie_grouped_precision_recall_curve,0.914444,0.525643,13.666718,0.507997,0.884615,0.86,0.357143,0.227273,0.833333,0.86456875,1.0,0.86456875,1.0,0.11508138,1.0,0.11508138,1.0,0.0625,1.0,0.0625,1.0,6.88184803,73.1125,6.88184803,73.1125
soft_primary_positive_vs_all_negative,raw_bge_m3_cosine,156,6,150,0.03846154,True,primary_split_component_fixed_seed_mean_with_supplemental_two_level_seed_and_component,4912,4912,2026-07-v2-tie-aware,trapezoidal_area_under_tie_grouped_precision_recall_curve,0.851111,0.178628,4.644328,0.144691,0.916667,0.796667,0.380952,0.266667,0.666667,0.7519309,0.96755315,0.7519309,0.96755315,0.08578965,0.39191652,0.08578965,0.39191652,0.04739155,0.2881804,0.04739155,0.2881804,3.01160761,19.0,3.01160761,19.0
soft_primary_positive_vs_all_negative,step9_labse_lr_l2_100pct_seed_mean,156,6,150,0.03846154,True,primary_split_component_fixed_seed_mean_with_supplemental_two_level_seed_and_component,4912,4912,2026-07-v2-tie-aware,trapezoidal_area_under_tie_grouped_precision_recall_curve,0.963333,0.681319,17.714294,0.668681,0.775641,0.883333,0.255319,0.146341,1.0,0.91843438,1.0,0.91843438,1.0,0.357738,1.0,0.357738,1.0,0.30408133,1.0,0.30408133,1.0,7.58621518,149.0,7.58621518,149.0
soft_primary_positive_vs_all_negative,step9_e5_lr_l2_100pct_seed_mean,156,6,150,0.03846154,True,primary_split_component_fixed_seed_mean_with_supplemental_two_level_seed_and_component,4912,4912,2026-07-v2-tie-aware,trapezoidal_area_under_tie_grouped_precision_recall_curve,0.964444,0.670713,17.438538,0.658273,0.948718,0.813333,0.5,0.4,0.666667,0.9211841,1.0,0.9211841,1.0,0.33289425,1.0,0.33289425,1.0,0.24528045,1.0,0.24528045,1.0,7.44862327,149.0,7.44862327,149.0
soft_primary_positive_vs_all_negative,step9_bge_m3_residual_lr_100pct_seed_mean,156,6,150,0.03846154,True,primary_split_component_fixed_seed_mean_with_supplemental_two_level_seed_and_component,4912,4912,2026-07-v2-tie-aware,trapezoidal_area_under_tie_grouped_precision_recall_curve,0.885556,0.330494,8.592844,0.308586,0.897436,0.786667,0.333333,0.222222,0.666667,0.8012254,1.0,0.8012254,1.0,0.07995145,1.0,0.07995145,1.0,0.049448,1.0,0.049448,1.0,3.07416069,70.1125,3.07416069,70.1125
soft_primary_positive_vs_all_negative,step9_e5_mixup_100pct_seed_mean,156,6,150,0.03846154,True,primary_split_component_fixed_seed_mean_with_supplemental_two_level_seed_and_component,4912,4912,2026-07-v2-tie-aware,trapezoidal_area_under_tie_grouped_precision_recall_curve,0.975556,0.720238,18.726188,0.706599,0.730769,0.86,0.222222,0.125,1.0,0.946009,1.0,0.94641955,1.0,0.4065926,1.0,0.41090233,1.0,0.31195898,1.0,0.32338498,1.0,8.63577952,149.0,8.70141371,149.0
soft_primary_positive_vs_all_negative,step9_identifier_operational_100pct_seed_mean,156,6,150,0.03846154,True,primary_split_component_fixed_seed_mean_with_supplemental_two_level_seed_and_component,4912,4912,2026-07-v2-tie-aware,trapezoidal_area_under_tie_grouped_precision_recall_curve,0.862222,0.573308,14.906008,0.566536,0.929487,0.723333,0.352941,0.272727,0.5,0.72129945,1.0,0.72129945,1.0,0.1229467,1.0,0.1229467,1.0,0.08574573,1.0,0.08574573,1.0,3.44137632,149.0,3.44137632,149.0
soft_primary_positive_vs_all_negative,step15_v6_source_only_lr_l2,156,6,150,0.03846154,True,primary_split_component_fixed_seed_mean_with_supplemental_two_level_seed_and_component,4912,4912,2026-07-v2-tie-aware,trapezoidal_area_under_tie_grouped_precision_recall_curve,0.877778,0.527271,13.709046,0.513896,0.884615,0.7,0.25,0.166667,0.5,0.7567498,1.0,0.75859775,1.0,0.1129352,1.0,0.11330333,1.0,0.07780013,1.0,0.07808223,1.0,3.10962123,145.0,3.10526169,145.0
soft_primary_positive_vs_all_negative,step7_source_only_default_fusion,156,6,150,0.03846154,True,primary_split_component_fixed_seed_mean_with_supplemental_two_level_seed_and_component,4912,4912,2026-07-v2-tie-aware,trapezoidal_area_under_tie_grouped_precision_recall_curve,0.701667,0.191183,4.970758,0.366043,0.512821,0.586667,0.095238,0.051282,0.666667,0.45160253,0.9924936,0.45160253,0.9924936,0.0396048,0.625,0.0396048,0.625,0.02994833,0.8125,0.02994833,0.8125,1.04828345,30.2,1.04828345,30.2
soft_primary_positive_vs_all_negative,step15_v6_m0,156,6,150,0.03846154,True,primary_split_component_fixed_seed_mean_with_supplemental_two_level_seed_and_component,4912,4912,2026-07-v2-tie-aware,trapezoidal_area_under_tie_grouped_precision_recall_curve,0.912222,0.586943,15.260518,0.579208,0.955128,0.736667,0.461538,0.428571,0.5,0.81806638,1.0,0.81857438,1.0,0.1563734,1.0,0.15703215,1.0,0.1133921,1.0,0.11389275,1.0,4.12522949,149.0,4.1297599,149.0
soft_primary_positive_vs_all_negative,step15_v6_m1,156,6,150,0.03846154,True,primary_split_component_fixed_seed_mean_with_supplemental_two_level_seed_and_component,4912,4912,2026-07-v2-tie-aware,trapezoidal_area_under_tie_grouped_precision_recall_curve,0.932222,0.591856,15.388256,0.574238,0.74359,0.786667,0.2,0.113636,0.833333,0.86071838,1.0,0.8575195,1.0,0.21416698,1.0,0.2097926,1.0,0.14089063,1.0,0.13664618,1.0,5.71919833,145.0,5.53683252,144.0
soft_primary_positive_vs_all_negative,step15_v6_m2,156,6,150,0.03846154,True,primary_split_component_fixed_seed_mean_with_supplemental_two_level_seed_and_component,4912,4912,2026-07-v2-tie-aware,trapezoidal_area_under_tie_grouped_precision_recall_curve,0.945556,0.610165,15.86429,0.591688,0.884615,0.86,0.357143,0.227273,0.833333,0.8870533,1.0,0.88171122,1.0,0.2462329,1.0,0.24356495,1.0,0.166667,1.0,0.166667,1.0,6.33277225,145.0,6.31724873,147.0
soft_primary_positive_vs_all_negative,step15_v6_m2b_matched_budget,156,6,150,0.03846154,True,primary_split_component_fixed_seed_mean_with_supplemental_two_level_seed_and_component,4912,4912,2026-07-v2-tie-aware,trapezoidal_area_under_tie_grouped_precision_recall_curve,0.938889,0.641477,16.678402,0.630429,0.814103,0.823333,0.25641,0.151515,0.833333,0.87338182,1.0,0.87001628,1.0,0.27167528,1.0,0.23438505,1.0,0.18586088,1.0,0.16184763,1.0,6.23175932,149.0,5.99054477,148.225
soft_primary_positive_vs_all_negative,step15_v6_m3,156,6,150,0.03846154,True,primary_split_component_fixed_seed_mean_with_supplemental_two_level_seed_and_component,4912,4912,2026-07-v2-tie-aware,trapezoidal_area_under_tie_grouped_precision_recall_curve,0.942222,0.640552,16.654352,0.629502,0.858974,0.846667,0.3125,0.192308,0.833333,0.87662205,1.0,0.8747647,1.0,0.26235898,1.0,0.21810408,1.0,0.18551373,1.0,0.14499433,1.0,6.21084682,149.0,5.89224537,147.225
soft_primary_positive_vs_all_negative,step15_v6_m4,156,6,150,0.03846154,True,primary_split_component_fixed_seed_mean_with_supplemental_two_level_seed_and_component,4912,4912,2026-07-v2-tie-aware,trapezoidal_area_under_tie_grouped_precision_recall_curve,0.935556,0.49761,12.93786,0.464523,0.75,0.87,0.235294,0.133333,1.0,0.87154215,1.0,0.8695308,1.0,0.166667,1.0,0.166667,1.0,0.10821615,1.0,0.10704435,1.0,5.13534631,128.0,4.99797583,134.225
soft_primary_positive_vs_all_negative,step15_v6_m4c_no_mixup_continuation,156,6,150,0.03846154,True,primary_split_component_fixed_seed_mean_with_supplemental_two_level_seed_and_component,4912,4912,2026-07-v2-tie-aware,trapezoidal_area_under_tie_grouped_precision_recall_curve,0.938889,0.597751,15.541526,0.579828,0.820513,0.826667,0.263158,0.15625,0.833333,0.87278848,1.0,0.8735609,1.0,0.21788703,1.0,0.19557823,1.0,0.14708173,1.0,0.1279153,1.0,5.84282864,144.0,5.67285782,144.0
soft_primary_positive_vs_all_negative,step15_v6_m3_normalized_retrieval,156,6,150,0.03846154,True,primary_split_component_fixed_seed_mean_with_supplemental_two_level_seed_and_component,4912,4912,2026-07-v2-tie-aware,trapezoidal_area_under_tie_grouped_precision_recall_curve,0.946667,0.600148,15.603848,0.579538,0.839744,0.836667,0.285714,0.172414,0.833333,0.89531193,1.0,0.89093085,1.0,0.20187705,1.0,0.2,1.0,0.1271339,1.0,0.125,1.0,6.93945386,143.0,6.62572851,142.0
soft_primary_positive_vs_all_negative,step15_v6_m3_gold_only,156,6,150,0.03846154,True,primary_split_component_fixed_seed_mean_with_supplemental_two_level_seed_and_component,4912,4912,2026-07-v2-tie-aware,trapezoidal_area_under_tie_grouped_precision_recall_curve,0.917778,0.404869,10.526594,0.375443,0.891026,0.703333,0.26087,0.176471,0.5,0.82021703,1.0,0.80712028,1.0,0.0740632,1.0,0.066667,1.0,0.03814138,1.0,0.034483,1.0,4.47045407,70.6125,4.081077,71.5
soft_primary_positive_vs_all_negative,step15_v6_m3_gold_plus_high_confidence_silver,156,6,150,0.03846154,True,primary_split_component_fixed_seed_mean_with_supplemental_two_level_seed_and_component,4912,4912,2026-07-v2-tie-aware,trapezoidal_area_under_tie_grouped_precision_recall_curve,0.911111,0.339206,8.819356,0.317751,0.769231,0.88,0.25,0.142857,1.0,0.850746,1.0,0.84966513,1.0,0.08288378,1.0,0.07912483,1.0,0.045455,1.0,0.045455,1.0,3.7640702,70.1125,3.73291206,70.1125
soft_primary_positive_vs_all_negative,step15_v6_m5_lambda_0p1,156,6,150,0.03846154,True,primary_split_component_fixed_seed_mean_with_supplemental_two_level_seed_and_component,4912,4912,2026-07-v2-tie-aware,trapezoidal_area_under_tie_grouped_precision_recall_curve,0.94,0.543697,14.136122,0.524877,0.923077,0.88,0.454545,0.3125,0.833333,0.8807329,1.0,0.87794695,1.0,0.1595843,1.0,0.15507405,1.0,0.1,1.0,0.0995662,1.0,5.60153842,142.0,5.5031435,142.0
soft_primary_positive_vs_all_negative,step15_v6_m5_selected,156,6,150,0.03846154,True,primary_split_component_fixed_seed_mean_with_supplemental_two_level_seed_and_component,4912,4912,2026-07-v2-tie-aware,trapezoidal_area_under_tie_grouped_precision_recall_curve,0.94,0.543697,14.136122,0.524877,0.923077,0.88,0.454545,0.3125,0.833333,0.8807329,1.0,0.87794695,1.0,0.1595843,1.0,0.15507405,1.0,0.1,1.0,0.0995662,1.0,5.60153842,142.0,5.5031435,142.0
soft_primary_positive_vs_all_negative,step15_v6_final_selected,156,6,150,0.03846154,True,primary_split_component_fixed_seed_mean_with_supplemental_two_level_seed_and_component,4912,4912,2026-07-v2-tie-aware,trapezoidal_area_under_tie_grouped_precision_recall_curve,0.935556,0.49761,12.93786,0.464523,0.75,0.87,0.235294,0.133333,1.0,0.87154215,1.0,0.8695308,1.0,0.166667,1.0,0.166667,1.0,0.10821615,1.0,0.10704435,1.0,5.13534631,128.0,4.99797583,134.225
soft_primary_positive_vs_all_negative,step9_strongest_clean_validation_selected,156,6,150,0.03846154,True,primary_split_component_fixed_seed_mean_with_supplemental_two_level_seed_and_component,4912,4912,2026-07-v2-tie-aware,trapezoidal_area_under_tie_grouped_precision_recall_curve,0.964444,0.670713,17.438538,0.658273,0.948718,0.813333,0.5,0.4,0.666667,0.9211841,1.0,0.9211841,1.0,0.33289425,1.0,0.33289425,1.0,0.24528045,1.0,0.24528045,1.0,7.44862327,149.0,7.44862327,149.0
secondary_positive_vs_all_negative,raw_e5_cosine,176,26,150,0.14772727,False,primary_split_component_fixed_seed_mean_with_supplemental_two_level_seed_and_component,5000,5000,2026-07-v2-tie-aware,trapezoidal_area_under_tie_grouped_precision_recall_curve,0.732308,0.388797,2.63185662,0.377947,0.823864,0.705897,0.474576,0.424242,0.538462,0.59693452,0.8674964,0.59693452,0.8674964,0.2235196,0.60022197,0.2235196,0.60022197,0.2015479,0.5811762,0.2015479,0.5811762,1.64862218,4.76118809,1.64862218,4.76118809
secondary_positive_vs_all_negative,raw_labse_cosine,176,26,150,0.14772727,False,primary_split_component_fixed_seed_mean_with_supplemental_two_level_seed_and_component,5000,5000,2026-07-v2-tie-aware,trapezoidal_area_under_tie_grouped_precision_recall_curve,0.80641,0.460086,3.11442831,0.448785,0.818182,0.654872,0.407407,0.392857,0.423077,0.6906167,0.90807623,0.6906167,0.90807623,0.28327623,0.66083887,0.28327623,0.66083887,0.2541897,0.64801175,0.2541897,0.64801175,2.04856735,5.4282985,2.04856735,5.4282985
secondary_positive_vs_all_negative,raw_bge_m3_cosine,176,26,150,0.14772727,False,primary_split_component_fixed_seed_mean_with_supplemental_two_level_seed_and_component,5000,5000,2026-07-v2-tie-aware,trapezoidal_area_under_tie_grouped_precision_recall_curve,0.802308,0.427895,2.89652,0.413345,0.846591,0.655641,0.425532,0.47619,0.384615,0.6995218,0.8968842,0.6995218,0.8968842,0.25827673,0.63967447,0.25827673,0.63967447,0.22943228,0.62186972,0.22943228,0.62186972,2.04402914,4.79076791,2.04402914,4.79076791
secondary_positive_vs_all_negative,step9_labse_lr_l2_100pct_seed_mean,176,26,150,0.14772727,False,primary_split_component_fixed_seed_mean_with_supplemental_two_level_seed_and_component,5000,5000,2026-07-v2-tie-aware,trapezoidal_area_under_tie_grouped_precision_recall_curve,0.847436,0.435776,2.94986831,0.424388,0.767045,0.767949,0.493827,0.363636,0.769231,0.76304757,0.91917595,0.76304757,0.91917595,0.25904545,0.65355407,0.25904545,0.65355407,0.23351493,0.63720497,0.23351493,0.63720497,2.05155054,4.91705591,2.05155054,4.91705591
secondary_positive_vs_all_negative,step9_e5_lr_l2_100pct_seed_mean,176,26,150,0.14772727,False,primary_split_component_fixed_seed_mean_with_supplemental_two_level_seed_and_component,5000,5000,2026-07-v2-tie-aware,trapezoidal_area_under_tie_grouped_precision_recall_curve,0.760769,0.39037,2.64250462,0.379554,0.846591,0.576154,0.27027,0.454545,0.192308,0.63821425,0.86253725,0.63821425,0.86253725,0.2049646,0.60732122,0.2049646,0.60732122,0.18484,0.59111602,0.18484,0.59111602,1.685721,4.43387298,1.685721,4.43387298
secondary_positive_vs_all_negative,step9_bge_m3_residual_lr_100pct_seed_mean,176,26,150,0.14772727,False,primary_split_component_fixed_seed_mean_with_supplemental_two_level_seed_and_component,5000,5000,2026-07-v2-tie-aware,trapezoidal_area_under_tie_grouped_precision_recall_curve,0.788205,0.412257,2.79066277,0.403116,0.835227,0.664872,0.431373,0.44,0.423077,0.68953317,0.87671097,0.68953317,0.87671097,0.22152785,0.62729523,0.22152785,0.62729523,0.2001146,0.6129974,0.2001146,0.6129974,1.82745758,4.54337894,1.82745758,4.54337894
secondary_positive_vs_all_negative,step9_e5_mixup_100pct_seed_mean,176,26,150,0.14772727,False,primary_split_component_fixed_seed_mean_with_supplemental_two_level_seed_and_component,5000,5000,2026-07-v2-tie-aware,trapezoidal_area_under_tie_grouped_precision_recall_curve,0.755641,0.361541,2.44735446,0.347172,0.704545,0.667692,0.380952,0.275862,0.615385,0.65250293,0.84668617,0.65265613,0.8459267,0.20478225,0.56049272,0.20622815,0.56336305,0.17824093,0.5409138,0.17852347,0.54396482,1.664413,4.22883108,1.66107967,4.27098952
secondary_positive_vs_all_negative,step9_identifier_operational_100pct_seed_mean,176,26,150,0.14772727,False,primary_split_component_fixed_seed_mean_with_supplemental_two_level_seed_and_component,5000,5000,2026-07-v2-tie-aware,trapezoidal_area_under_tie_grouped_precision_recall_curve,0.780769,0.501968,3.39793723,0.494866,0.840909,0.588718,0.3,0.428571,0.230769,0.64431265,0.89238597,0.64431265,0.89238597,0.2306713,0.7488018,0.2306713,0.7488018,0.20368833,0.7426209,0.20368833,0.7426209,1.95552744,5.55777343,1.95552744,5.55777343
secondary_positive_vs_all_negative,step15_v6_source_only_lr_l2,176,26,150,0.14772727,False,primary_split_component_fixed_seed_mean_with_supplemental_two_level_seed_and_component,5000,5000,2026-07-v2-tie-aware,trapezoidal_area_under_tie_grouped_precision_recall_curve,0.722308,0.330578,2.23775877,0.316803,0.8125,0.603846,0.326531,0.347826,0.307692,0.581745,0.83882127,0.5821646,0.83861497,0.16350495,0.57147987,0.162759,0.57197772,0.14400467,0.5542658,0.14418093,0.5548398,1.38065589,3.9649942,1.38296136,3.98070814
secondary_positive_vs_all_negative,step7_source_only_default_fusion,176,26,150,0.14772727,False,primary_split_component_fixed_seed_mean_with_supplemental_two_level_seed_and_component,5000,5000,2026-07-v2-tie-aware,trapezoidal_area_under_tie_grouped_precision_recall_curve,0.532564,0.182974,1.23859323,0.224468,0.505682,0.503333,0.230088,0.149425,0.5,0.4051508,0.65472395,0.4051508,0.65472395,0.10056255,0.32016547,0.10056255,0.32016547,0.1014046,0.37634212,0.1014046,0.37634212,0.93945642,2.05302846,0.93945642,2.05302846
secondary_positive_vs_all_negative,step15_v6_m0,176,26,150,0.14772727,False,primary_split_component_fixed_seed_mean_with_supplemental_two_level_seed_and_component,5000,5000,2026-07-v2-tie-aware,trapezoidal_area_under_tie_grouped_precision_recall_curve,0.832308,0.429576,2.90789908,0.418011,0.846591,0.544359,0.181818,0.428571,0.115385,0.7391222,0.91134782,0.73729592,0.9110833,0.24481823,0.65577235,0.24436963,0.65429938,0.22007738,0.6403192,0.22042135,0.639432,2.00300591,4.76393663,2.00319548,4.75155694
secondary_positive_vs_all_negative,step15_v6_m1,176,26,150,0.14772727,False,primary_split_component_fixed_seed_mean_with_supplemental_two_level_seed_and_component,5000,5000,2026-07-v2-tie-aware,trapezoidal_area_under_tie_grouped_precision_recall_curve,0.78359,0.402414,2.72403323,0.378345,0.727273,0.696923,0.414634,0.303571,0.653846,0.67848295,0.88091435,0.67784482,0.87876475,0.23369048,0.6570638,0.2345804,0.65504812,0.2047203,0.6444618,0.2042256,0.64037845,1.8632449,4.99443804,1.86244148,4.99173964
secondary_positive_vs_all_negative,step15_v6_m2,176,26,150,0.14772727,False,primary_split_component_fixed_seed_mean_with_supplemental_two_level_seed_and_component,5000,5000,2026-07-v2-tie-aware,trapezoidal_area_under_tie_grouped_precision_recall_curve,0.793077,0.435038,2.94487262,0.411302,0.829545,0.693333,0.464286,0.433333,0.5,0.686074,0.887936,0.68557037,0.88836647,0.26148265,0.66375047,0.26072203,0.66730632,0.22911295,0.64927945,0.22851873,0.65106035,2.02980382,5.26719602,2.02402463,5.29716303
secondary_positive_vs_all_negative,step15_v6_m2b_matched_budget,176,26,150,0.14772727,False,primary_split_component_fixed_seed_mean_with_supplemental_two_level_seed_and_component,5000,5000,2026-07-v2-tie-aware,trapezoidal_area_under_tie_grouped_precision_recall_curve,0.792051,0.43314,2.93202462,0.409203,0.789773,0.73359,0.478873,0.377778,0.653846,0.6860503,0.887482,0.68959775,0.88955492,0.25510788,0.66435435,0.25845058,0.66956627,0.22109383,0.64763122,0.22845395,0.65272397,2.01578187,5.17803151,2.04738438,5.24547714
secondary_positive_vs_all_negative,step15_v6_m3,176,26,150,0.14772727,False,primary_split_component_fixed_seed_mean_with_supplemental_two_level_seed_and_component,5000,5000,2026-07-v2-tie-aware,trapezoidal_area_under_tie_grouped_precision_recall_curve,0.793077,0.41419,2.80374769,0.399649,0.818182,0.718462,0.483871,0.416667,0.576923,0.68862932,0.8863768,0.68715675,0.8865157,0.24264833,0.6505098,0.24196478,0.65203972,0.21469855,0.6323923,0.21477703,0.63662675,1.89166552,5.02575196,1.89005402,5.00602696
secondary_positive_vs_all_negative,step15_v6_m4,176,26,150,0.14772727,False,primary_split_component_fixed_seed_mean_with_supplemental_two_level_seed_and_component,5000,5000,2026-07-v2-tie-aware,trapezoidal_area_under_tie_grouped_precision_recall_curve,0.787436,0.421072,2.85033354,0.406538,0.721591,0.677692,0.395062,0.290909,0.615385,0.6775883,0.88553353,0.67652128,0.88474577,0.24928933,0.66114987,0.24467455,0.65425427,0.22032808,0.6469512,0.2152834,0.64064227,1.90670517,5.12779632,1.87884952,5.07938777
secondary_positive_vs_all_negative,step15_v6_m4c_no_mixup_continuation,176,26,150,0.14772727,False,primary_split_component_fixed_seed_mean_with_supplemental_two_level_seed_and_component,5000,5000,2026-07-v2-tie-aware,trapezoidal_area_under_tie_grouped_precision_recall_curve,0.785641,0.411301,2.78419138,0.396783,0.784091,0.698462,0.441176,0.357143,0.576923,0.67593578,0.88470755,0.67460675,0.88422822,0.24003585,0.6499873,0.23250842,0.64555807,0.21345885,0.6302789,0.2058206,0.62643535,1.87650614,5.00061812,1.84283376,4.93767692
secondary_positive_vs_all_negative,step15_v6_m3_normalized_retrieval,176,26,150,0.14772727,False,primary_split_component_fixed_seed_mean_with_supplemental_two_level_seed_and_component,5000,5000,2026-07-v2-tie-aware,trapezoidal_area_under_tie_grouped_precision_recall_curve,0.768974,0.362219,2.451944,0.338679,0.789773,0.67,0.412698,0.351351,0.5,0.66742888,0.861111,0.6693446,0.8594551,0.21188335,0.59340797,0.21054892,0.5920342,0.18311388,0.56955235,0.18504075,0.56661462,1.73785366,4.39254948,1.72440724,4.41122362
secondary_positive_vs_all_negative,step15_v6_m3_gold_only,176,26,150,0.14772727,False,primary_split_component_fixed_seed_mean_with_supplemental_two_level_seed_and_component,5000,5000,2026-07-v2-tie-aware,trapezoidal_area_under_tie_grouped_precision_recall_curve,0.738205,0.353131,2.39042523,0.339146,0.8125,0.587949,0.297872,0.333333,0.269231,0.61637558,0.8507733,0.60861323,0.84869195,0.20979025,0.54355267,0.2046735,0.53975055,0.1843585,0.5249708,0.17781865,0.51791422,1.5780462,4.39113215,1.54101332,4.24599241
secondary_positive_vs_all_negative,step15_v6_m3_gold_plus_high_confidence_silver,176,26,150,0.14772727,False,primary_split_component_fixed_seed_mean_with_supplemental_two_level_seed_and_component,5000,5000,2026-07-v2-tie-aware,trapezoidal_area_under_tie_grouped_precision_recall_curve,0.716923,0.293805,1.98883385,0.277161,0.732955,0.668462,0.38961,0.294118,0.576923,0.6037977,0.83305595,0.60163957,0.832375,0.18344275,0.49764487,0.18250735,0.4988705,0.15955163,0.46455765,0.15902755,0.46416867,1.44422904,3.70372261,1.43633195,3.73982535
secondary_positive_vs_all_negative,step15_v6_m5_lambda_0p1,176,26,150,0.14772727,False,primary_split_component_fixed_seed_mean_with_supplemental_two_level_seed_and_component,5000,5000,2026-07-v2-tie-aware,trapezoidal_area_under_tie_grouped_precision_recall_curve,0.795385,0.404653,2.73918954,0.389892,0.835227,0.617179,0.355556,0.421053,0.307692,0.69390218,0.88353285,0.6941315,0.88527655,0.23002918,0.6306147,0.22989335,0.62968355,0.20532533,0.6135483,0.204267,0.61280302,1.84916255,4.7958889,1.84508886,4.81423474
secondary_positive_vs_all_negative,step15_v6_m5_selected,176,26,150,0.14772727,False,primary_split_component_fixed_seed_mean_with_supplemental_two_level_seed_and_component,5000,5000,2026-07-v2-tie-aware,trapezoidal_area_under_tie_grouped_precision_recall_curve,0.795385,0.404653,2.73918954,0.389892,0.835227,0.617179,0.355556,0.421053,0.307692,0.69390218,0.88353285,0.6941315,0.88527655,0.23002918,0.6306147,0.22989335,0.62968355,0.20532533,0.6135483,0.204267,0.61280302,1.84916255,4.7958889,1.84508886,4.81423474
secondary_positive_vs_all_negative,step15_v6_final_selected,176,26,150,0.14772727,False,primary_split_component_fixed_seed_mean_with_supplemental_two_level_seed_and_component,5000,5000,2026-07-v2-tie-aware,trapezoidal_area_under_tie_grouped_precision_recall_curve,0.787436,0.421072,2.85033354,0.406538,0.721591,0.677692,0.395062,0.290909,0.615385,0.6775883,0.88553353,0.67652128,0.88474577,0.24928933,0.66114987,0.24467455,0.65425427,0.22032808,0.6469512,0.2152834,0.64064227,1.90670517,5.12779632,1.87884952,5.07938777
secondary_positive_vs_all_negative,step9_strongest_clean_validation_selected,176,26,150,0.14772727,False,primary_split_component_fixed_seed_mean_with_supplemental_two_level_seed_and_component,5000,5000,2026-07-v2-tie-aware,trapezoidal_area_under_tie_grouped_precision_recall_curve,0.760769,0.39037,2.64250462,0.379554,0.846591,0.576154,0.27027,0.454545,0.192308,0.63821425,0.86253725,0.63821425,0.86253725,0.2049646,0.60732122,0.2049646,0.60732122,0.18484,0.59111602,0.18484,0.59111602,1.685721,4.43387298,1.685721,4.43387298
