metric,candidate_value,baseline_value,difference,ci_low,ci_high,p_value_raw,permutation_p_value_raw,p_value_method,valid_permutations,permutation_extreme_count,valid_bootstrap_resamples,candidate_positive_seed_count,candidate_seed_count,baseline_seed_count,paired_by_seed_id,paired_seed_ids,analysis_mode,bootstrap_mode,comparison_id,candidate_model_id,baseline_model_id,evaluation_scope,evaluation_row_count,evaluation_positive_count,evaluation_negative_count,p_value_holm,p_value_holm_source,holm_family
average_precision,0.587261,0.623361,-0.0361,-0.12386555,0.05193322,0.6004799,0.6004799,paired_split_component_score_swap_randomization_two_sided,5000,3002,5000,0,10,10,True,20260320;20260321;20260322;20260323;20260324;20260325;20260326;20260327;20260328;20260329,primary_paired_grouped_component_bootstrap,paired_split_component_fixed_seed_mean,m1_vs_m0,step15_v6_m1,step15_v6_m0,all_test,200,50,150,1.0,permutation_p_value_raw,primary_paired_grouped_component_bootstrap|average_precision
roc_auc,0.781467,0.839067,-0.0576,-0.1213038,-0.00073473,0.34953009,0.34953009,paired_split_component_score_swap_randomization_two_sided,5000,1747,5000,,10,10,True,20260320;20260321;20260322;20260323;20260324;20260325;20260326;20260327;20260328;20260329,primary_paired_grouped_component_bootstrap,paired_split_component_fixed_seed_mean,m1_vs_m0,step15_v6_m1,step15_v6_m0,all_test,200,50,150,1.0,permutation_p_value_raw,primary_paired_grouped_component_bootstrap|roc_auc
pr_auc,0.582196,0.619269,-0.037073,-0.12855882,0.05163425,0.61407718,0.61407718,paired_split_component_score_swap_randomization_two_sided,5000,3070,5000,,10,10,True,20260320;20260321;20260322;20260323;20260324;20260325;20260326;20260327;20260328;20260329,primary_paired_grouped_component_bootstrap,paired_split_component_fixed_seed_mean,m1_vs_m0,step15_v6_m1,step15_v6_m0,all_test,200,50,150,1.0,permutation_p_value_raw,primary_paired_grouped_component_bootstrap|pr_auc
average_precision,0.587261,0.623361,-0.0361,-0.1221286,0.0523712,,,not_computed_for_supplemental_bootstrap,0,,5000,0,10,10,True,20260320;20260321;20260322;20260323;20260324;20260325;20260326;20260327;20260328;20260329,supplemental_two_level_seed_and_component_bootstrap,two_level_seed_and_split_component_paired_when_seed_ids_match,m1_vs_m0,step15_v6_m1,step15_v6_m0,all_test,200,50,150,,,
roc_auc,0.781467,0.839067,-0.0576,-0.12056818,-0.0011011,,,not_computed_for_supplemental_bootstrap,0,,5000,,10,10,True,20260320;20260321;20260322;20260323;20260324;20260325;20260326;20260327;20260328;20260329,supplemental_two_level_seed_and_component_bootstrap,two_level_seed_and_split_component_paired_when_seed_ids_match,m1_vs_m0,step15_v6_m1,step15_v6_m0,all_test,200,50,150,,,
pr_auc,0.582196,0.619269,-0.037073,-0.12622172,0.05248207,,,not_computed_for_supplemental_bootstrap,0,,5000,,10,10,True,20260320;20260321;20260322;20260323;20260324;20260325;20260326;20260327;20260328;20260329,supplemental_two_level_seed_and_component_bootstrap,two_level_seed_and_split_component_paired_when_seed_ids_match,m1_vs_m0,step15_v6_m1,step15_v6_m0,all_test,200,50,150,,,
average_precision,0.598599,0.587261,0.011338,-0.02035218,0.04248708,0.76664667,0.76664667,paired_split_component_score_swap_randomization_two_sided,5000,3833,5000,6,10,10,True,20260320;20260321;20260322;20260323;20260324;20260325;20260326;20260327;20260328;20260329,primary_paired_grouped_component_bootstrap,paired_split_component_fixed_seed_mean,m2_vs_m1,step15_v6_m2,step15_v6_m1,all_test,200,50,150,1.0,permutation_p_value_raw,primary_paired_grouped_component_bootstrap|average_precision
roc_auc,0.791333,0.781467,0.009866,-0.00978652,0.02892965,0.68846231,0.68846231,paired_split_component_score_swap_randomization_two_sided,5000,3442,5000,,10,10,True,20260320;20260321;20260322;20260323;20260324;20260325;20260326;20260327;20260328;20260329,primary_paired_grouped_component_bootstrap,paired_split_component_fixed_seed_mean,m2_vs_m1,step15_v6_m2,step15_v6_m1,all_test,200,50,150,1.0,permutation_p_value_raw,primary_paired_grouped_component_bootstrap|roc_auc
pr_auc,0.593361,0.582196,0.011165,-0.02418583,0.04411705,0.78564287,0.78564287,paired_split_component_score_swap_randomization_two_sided,5000,3928,5000,,10,10,True,20260320;20260321;20260322;20260323;20260324;20260325;20260326;20260327;20260328;20260329,primary_paired_grouped_component_bootstrap,paired_split_component_fixed_seed_mean,m2_vs_m1,step15_v6_m2,step15_v6_m1,all_test,200,50,150,1.0,permutation_p_value_raw,primary_paired_grouped_component_bootstrap|pr_auc
average_precision,0.598599,0.587261,0.011338,-0.03126755,0.04564475,,,not_computed_for_supplemental_bootstrap,0,,5000,6,10,10,True,20260320;20260321;20260322;20260323;20260324;20260325;20260326;20260327;20260328;20260329,supplemental_two_level_seed_and_component_bootstrap,two_level_seed_and_split_component_paired_when_seed_ids_match,m2_vs_m1,step15_v6_m2,step15_v6_m1,all_test,200,50,150,,,
roc_auc,0.791333,0.781467,0.009866,-0.01789753,0.03475917,,,not_computed_for_supplemental_bootstrap,0,,5000,,10,10,True,20260320;20260321;20260322;20260323;20260324;20260325;20260326;20260327;20260328;20260329,supplemental_two_level_seed_and_component_bootstrap,two_level_seed_and_split_component_paired_when_seed_ids_match,m2_vs_m1,step15_v6_m2,step15_v6_m1,all_test,200,50,150,,,
pr_auc,0.593361,0.582196,0.011165,-0.03635297,0.04802942,,,not_computed_for_supplemental_bootstrap,0,,5000,,10,10,True,20260320;20260321;20260322;20260323;20260324;20260325;20260326;20260327;20260328;20260329,supplemental_two_level_seed_and_component_bootstrap,two_level_seed_and_split_component_paired_when_seed_ids_match,m2_vs_m1,step15_v6_m2,step15_v6_m1,all_test,200,50,150,,,
average_precision,0.594897,0.598599,-0.003702,-0.04458085,0.0373231,0.94361128,0.94361128,paired_split_component_score_swap_randomization_two_sided,5000,4718,5000,4,10,10,True,20260320;20260321;20260322;20260323;20260324;20260325;20260326;20260327;20260328;20260329,primary_paired_grouped_component_bootstrap,paired_split_component_fixed_seed_mean,m3_vs_m2,step15_v6_m3,step15_v6_m2,all_test,200,50,150,1.0,permutation_p_value_raw,primary_paired_grouped_component_bootstrap|average_precision
roc_auc,0.795467,0.791333,0.004134,-0.00915803,0.0175904,0.90681864,0.90681864,paired_split_component_score_swap_randomization_two_sided,5000,4534,5000,,10,10,True,20260320;20260321;20260322;20260323;20260324;20260325;20260326;20260327;20260328;20260329,primary_paired_grouped_component_bootstrap,paired_split_component_fixed_seed_mean,m3_vs_m2,step15_v6_m3,step15_v6_m2,all_test,200,50,150,1.0,permutation_p_value_raw,primary_paired_grouped_component_bootstrap|roc_auc
pr_auc,0.59026,0.593361,-0.003101,-0.04758155,0.0440667,0.95720856,0.95720856,paired_split_component_score_swap_randomization_two_sided,5000,4786,5000,,10,10,True,20260320;20260321;20260322;20260323;20260324;20260325;20260326;20260327;20260328;20260329,primary_paired_grouped_component_bootstrap,paired_split_component_fixed_seed_mean,m3_vs_m2,step15_v6_m3,step15_v6_m2,all_test,200,50,150,1.0,permutation_p_value_raw,primary_paired_grouped_component_bootstrap|pr_auc
average_precision,0.594897,0.598599,-0.003702,-0.0551163,0.03754125,,,not_computed_for_supplemental_bootstrap,0,,5000,4,10,10,True,20260320;20260321;20260322;20260323;20260324;20260325;20260326;20260327;20260328;20260329,supplemental_two_level_seed_and_component_bootstrap,two_level_seed_and_split_component_paired_when_seed_ids_match,m3_vs_m2,step15_v6_m3,step15_v6_m2,all_test,200,50,150,,,
roc_auc,0.795467,0.791333,0.004134,-0.02394145,0.0307014,,,not_computed_for_supplemental_bootstrap,0,,5000,,10,10,True,20260320;20260321;20260322;20260323;20260324;20260325;20260326;20260327;20260328;20260329,supplemental_two_level_seed_and_component_bootstrap,two_level_seed_and_split_component_paired_when_seed_ids_match,m3_vs_m2,step15_v6_m3,step15_v6_m2,all_test,200,50,150,,,
pr_auc,0.59026,0.593361,-0.003101,-0.05884633,0.04412755,,,not_computed_for_supplemental_bootstrap,0,,5000,,10,10,True,20260320;20260321;20260322;20260323;20260324;20260325;20260326;20260327;20260328;20260329,supplemental_two_level_seed_and_component_bootstrap,two_level_seed_and_split_component_paired_when_seed_ids_match,m3_vs_m2,step15_v6_m3,step15_v6_m2,all_test,200,50,150,,,
average_precision,0.594897,0.602101,-0.007204,-0.04318805,0.02509813,0.88062388,0.88062388,paired_split_component_score_swap_randomization_two_sided,5000,4403,5000,2,10,10,True,20260320;20260321;20260322;20260323;20260324;20260325;20260326;20260327;20260328;20260329,primary_paired_grouped_component_bootstrap,paired_split_component_fixed_seed_mean,m3_curriculum_vs_m2b_matched_budget,step15_v6_m3,step15_v6_m2b_matched_budget,all_test,200,50,150,1.0,permutation_p_value_raw,primary_paired_grouped_component_bootstrap|average_precision
roc_auc,0.795467,0.791333,0.004134,-0.01253368,0.0197716,0.84503099,0.84503099,paired_split_component_score_swap_randomization_two_sided,5000,4225,5000,,10,10,True,20260320;20260321;20260322;20260323;20260324;20260325;20260326;20260327;20260328;20260329,primary_paired_grouped_component_bootstrap,paired_split_component_fixed_seed_mean,m3_curriculum_vs_m2b_matched_budget,step15_v6_m3,step15_v6_m2b_matched_budget,all_test,200,50,150,1.0,permutation_p_value_raw,primary_paired_grouped_component_bootstrap|roc_auc
pr_auc,0.59026,0.597639,-0.007379,-0.04663135,0.02723932,0.87682464,0.87682464,paired_split_component_score_swap_randomization_two_sided,5000,4384,5000,,10,10,True,20260320;20260321;20260322;20260323;20260324;20260325;20260326;20260327;20260328;20260329,primary_paired_grouped_component_bootstrap,paired_split_component_fixed_seed_mean,m3_curriculum_vs_m2b_matched_budget,step15_v6_m3,step15_v6_m2b_matched_budget,all_test,200,50,150,1.0,permutation_p_value_raw,primary_paired_grouped_component_bootstrap|pr_auc
average_precision,0.594897,0.602101,-0.007204,-0.0566614,0.028333,,,not_computed_for_supplemental_bootstrap,0,,5000,2,10,10,True,20260320;20260321;20260322;20260323;20260324;20260325;20260326;20260327;20260328;20260329,supplemental_two_level_seed_and_component_bootstrap,two_level_seed_and_split_component_paired_when_seed_ids_match,m3_curriculum_vs_m2b_matched_budget,step15_v6_m3,step15_v6_m2b_matched_budget,all_test,200,50,150,,,
roc_auc,0.795467,0.791333,0.004134,-0.02504198,0.02363322,,,not_computed_for_supplemental_bootstrap,0,,5000,,10,10,True,20260320;20260321;20260322;20260323;20260324;20260325;20260326;20260327;20260328;20260329,supplemental_two_level_seed_and_component_bootstrap,two_level_seed_and_split_component_paired_when_seed_ids_match,m3_curriculum_vs_m2b_matched_budget,step15_v6_m3,step15_v6_m2b_matched_budget,all_test,200,50,150,,,
pr_auc,0.59026,0.597639,-0.007379,-0.06100888,0.03165253,,,not_computed_for_supplemental_bootstrap,0,,5000,,10,10,True,20260320;20260321;20260322;20260323;20260324;20260325;20260326;20260327;20260328;20260329,supplemental_two_level_seed_and_component_bootstrap,two_level_seed_and_split_component_paired_when_seed_ids_match,m3_curriculum_vs_m2b_matched_budget,step15_v6_m3,step15_v6_m2b_matched_budget,all_test,200,50,150,,,
average_precision,0.577943,0.594897,-0.016954,-0.04923517,0.00932562,0.71385723,0.71385723,paired_split_component_score_swap_randomization_two_sided,5000,3569,5000,1,10,10,True,20260320;20260321;20260322;20260323;20260324;20260325;20260326;20260327;20260328;20260329,primary_paired_grouped_component_bootstrap,paired_split_component_fixed_seed_mean,m4_vs_m3,step15_v6_m4,step15_v6_m3,all_test,200,50,150,1.0,permutation_p_value_raw,primary_paired_grouped_component_bootstrap|average_precision
roc_auc,0.7848,0.795467,-0.010667,-0.02364305,0.00186733,0.5404919,0.5404919,paired_split_component_score_swap_randomization_two_sided,5000,2702,5000,,10,10,True,20260320;20260321;20260322;20260323;20260324;20260325;20260326;20260327;20260328;20260329,primary_paired_grouped_component_bootstrap,paired_split_component_fixed_seed_mean,m4_vs_m3,step15_v6_m4,step15_v6_m3,all_test,200,50,150,1.0,permutation_p_value_raw,primary_paired_grouped_component_bootstrap|roc_auc
pr_auc,0.571975,0.59026,-0.018285,-0.05821055,0.0096943,0.72545491,0.72545491,paired_split_component_score_swap_randomization_two_sided,5000,3627,5000,,10,10,True,20260320;20260321;20260322;20260323;20260324;20260325;20260326;20260327;20260328;20260329,primary_paired_grouped_component_bootstrap,paired_split_component_fixed_seed_mean,m4_vs_m3,step15_v6_m4,step15_v6_m3,all_test,200,50,150,1.0,permutation_p_value_raw,primary_paired_grouped_component_bootstrap|pr_auc
average_precision,0.577943,0.594897,-0.016954,-0.0602116,0.01330975,,,not_computed_for_supplemental_bootstrap,0,,5000,1,10,10,True,20260320;20260321;20260322;20260323;20260324;20260325;20260326;20260327;20260328;20260329,supplemental_two_level_seed_and_component_bootstrap,two_level_seed_and_split_component_paired_when_seed_ids_match,m4_vs_m3,step15_v6_m4,step15_v6_m3,all_test,200,50,150,,,
roc_auc,0.7848,0.795467,-0.010667,-0.03656773,0.00590747,,,not_computed_for_supplemental_bootstrap,0,,5000,,10,10,True,20260320;20260321;20260322;20260323;20260324;20260325;20260326;20260327;20260328;20260329,supplemental_two_level_seed_and_component_bootstrap,two_level_seed_and_split_component_paired_when_seed_ids_match,m4_vs_m3,step15_v6_m4,step15_v6_m3,all_test,200,50,150,,,
pr_auc,0.571975,0.59026,-0.018285,-0.06978227,0.01352622,,,not_computed_for_supplemental_bootstrap,0,,5000,,10,10,True,20260320;20260321;20260322;20260323;20260324;20260325;20260326;20260327;20260328;20260329,supplemental_two_level_seed_and_component_bootstrap,two_level_seed_and_split_component_paired_when_seed_ids_match,m4_vs_m3,step15_v6_m4,step15_v6_m3,all_test,200,50,150,,,
average_precision,0.577943,0.584196,-0.006253,-0.0313966,0.01627665,0.47610478,0.47610478,paired_split_component_score_swap_randomization_two_sided,5000,2380,5000,2,10,10,True,20260320;20260321;20260322;20260323;20260324;20260325;20260326;20260327;20260328;20260329,primary_paired_grouped_component_bootstrap,paired_split_component_fixed_seed_mean,m4_mixup_vs_m4c_matched_continuation,step15_v6_m4,step15_v6_m4c_no_mixup_continuation,all_test,200,50,150,1.0,permutation_p_value_raw,primary_paired_grouped_component_bootstrap|average_precision
roc_auc,0.7848,0.784267,0.000533,-0.00633282,0.00860242,0.90861828,0.90861828,paired_split_component_score_swap_randomization_two_sided,5000,4543,5000,,10,10,True,20260320;20260321;20260322;20260323;20260324;20260325;20260326;20260327;20260328;20260329,primary_paired_grouped_component_bootstrap,paired_split_component_fixed_seed_mean,m4_mixup_vs_m4c_matched_continuation,step15_v6_m4,step15_v6_m4c_no_mixup_continuation,all_test,200,50,150,1.0,permutation_p_value_raw,primary_paired_grouped_component_bootstrap|roc_auc
pr_auc,0.571975,0.57917,-0.007195,-0.03903215,0.01703215,0.44931014,0.44931014,paired_split_component_score_swap_randomization_two_sided,5000,2246,5000,,10,10,True,20260320;20260321;20260322;20260323;20260324;20260325;20260326;20260327;20260328;20260329,primary_paired_grouped_component_bootstrap,paired_split_component_fixed_seed_mean,m4_mixup_vs_m4c_matched_continuation,step15_v6_m4,step15_v6_m4c_no_mixup_continuation,all_test,200,50,150,1.0,permutation_p_value_raw,primary_paired_grouped_component_bootstrap|pr_auc
average_precision,0.577943,0.584196,-0.006253,-0.03732018,0.02064203,,,not_computed_for_supplemental_bootstrap,0,,5000,2,10,10,True,20260320;20260321;20260322;20260323;20260324;20260325;20260326;20260327;20260328;20260329,supplemental_two_level_seed_and_component_bootstrap,two_level_seed_and_split_component_paired_when_seed_ids_match,m4_mixup_vs_m4c_matched_continuation,step15_v6_m4,step15_v6_m4c_no_mixup_continuation,all_test,200,50,150,,,
roc_auc,0.7848,0.784267,0.000533,-0.0098903,0.01024917,,,not_computed_for_supplemental_bootstrap,0,,5000,,10,10,True,20260320;20260321;20260322;20260323;20260324;20260325;20260326;20260327;20260328;20260329,supplemental_two_level_seed_and_component_bootstrap,two_level_seed_and_split_component_paired_when_seed_ids_match,m4_mixup_vs_m4c_matched_continuation,step15_v6_m4,step15_v6_m4c_no_mixup_continuation,all_test,200,50,150,,,
pr_auc,0.571975,0.57917,-0.007195,-0.04667715,0.0219153,,,not_computed_for_supplemental_bootstrap,0,,5000,,10,10,True,20260320;20260321;20260322;20260323;20260324;20260325;20260326;20260327;20260328;20260329,supplemental_two_level_seed_and_component_bootstrap,two_level_seed_and_split_component_paired_when_seed_ids_match,m4_mixup_vs_m4c_matched_continuation,step15_v6_m4,step15_v6_m4c_no_mixup_continuation,all_test,200,50,150,,,
average_precision,0.583457,0.594897,-0.01144,-0.0447479,0.0174822,0.65026995,0.65026995,paired_split_component_score_swap_randomization_two_sided,5000,3251,5000,5,10,10,True,20260320;20260321;20260322;20260323;20260324;20260325;20260326;20260327;20260328;20260329,primary_paired_grouped_component_bootstrap,paired_split_component_fixed_seed_mean,m5_vs_m3,step15_v6_m5_selected,step15_v6_m3,all_test,200,50,150,1.0,permutation_p_value_raw,primary_paired_grouped_component_bootstrap|average_precision
roc_auc,0.8016,0.795467,0.006133,-0.0113047,0.02418352,0.6114777,0.6114777,paired_split_component_score_swap_randomization_two_sided,5000,3057,5000,,10,10,True,20260320;20260321;20260322;20260323;20260324;20260325;20260326;20260327;20260328;20260329,primary_paired_grouped_component_bootstrap,paired_split_component_fixed_seed_mean,m5_vs_m3,step15_v6_m5_selected,step15_v6_m3,all_test,200,50,150,1.0,permutation_p_value_raw,primary_paired_grouped_component_bootstrap|roc_auc
pr_auc,0.578627,0.59026,-0.011633,-0.04746577,0.02024575,0.68606279,0.68606279,paired_split_component_score_swap_randomization_two_sided,5000,3430,5000,,10,10,True,20260320;20260321;20260322;20260323;20260324;20260325;20260326;20260327;20260328;20260329,primary_paired_grouped_component_bootstrap,paired_split_component_fixed_seed_mean,m5_vs_m3,step15_v6_m5_selected,step15_v6_m3,all_test,200,50,150,1.0,permutation_p_value_raw,primary_paired_grouped_component_bootstrap|pr_auc
average_precision,0.583457,0.594897,-0.01144,-0.0621868,0.04156035,,,not_computed_for_supplemental_bootstrap,0,,5000,5,10,10,True,20260320;20260321;20260322;20260323;20260324;20260325;20260326;20260327;20260328;20260329,supplemental_two_level_seed_and_component_bootstrap,two_level_seed_and_split_component_paired_when_seed_ids_match,m5_vs_m3,step15_v6_m5_selected,step15_v6_m3,all_test,200,50,150,,,
roc_auc,0.8016,0.795467,0.006133,-0.02895085,0.05125098,,,not_computed_for_supplemental_bootstrap,0,,5000,,10,10,True,20260320;20260321;20260322;20260323;20260324;20260325;20260326;20260327;20260328;20260329,supplemental_two_level_seed_and_component_bootstrap,two_level_seed_and_split_component_paired_when_seed_ids_match,m5_vs_m3,step15_v6_m5_selected,step15_v6_m3,all_test,200,50,150,,,
pr_auc,0.578627,0.59026,-0.011633,-0.06498945,0.04466425,,,not_computed_for_supplemental_bootstrap,0,,5000,,10,10,True,20260320;20260321;20260322;20260323;20260324;20260325;20260326;20260327;20260328;20260329,supplemental_two_level_seed_and_component_bootstrap,two_level_seed_and_split_component_paired_when_seed_ids_match,m5_vs_m3,step15_v6_m5_selected,step15_v6_m3,all_test,200,50,150,,,
average_precision,0.594897,0.575633,0.019264,-0.0816076,0.11512708,0.80223955,0.80223955,paired_split_component_score_swap_randomization_two_sided,5000,4011,5000,4,10,10,True,20260320;20260321;20260322;20260323;20260324;20260325;20260326;20260327;20260328;20260329,primary_paired_grouped_component_bootstrap,paired_split_component_fixed_seed_mean,m3_vs_strongest_step9,step15_v6_m3,step9_strongest_clean_validation_selected,all_test,200,50,150,1.0,permutation_p_value_raw,primary_paired_grouped_component_bootstrap|average_precision
roc_auc,0.795467,0.765467,0.03,-0.04422395,0.10982462,0.47130574,0.47130574,paired_split_component_score_swap_randomization_two_sided,5000,2356,5000,,10,10,True,20260320;20260321;20260322;20260323;20260324;20260325;20260326;20260327;20260328;20260329,primary_paired_grouped_component_bootstrap,paired_split_component_fixed_seed_mean,m3_vs_strongest_step9,step15_v6_m3,step9_strongest_clean_validation_selected,all_test,200,50,150,1.0,permutation_p_value_raw,primary_paired_grouped_component_bootstrap|roc_auc
pr_auc,0.59026,0.571561,0.018699,-0.08461348,0.11493775,0.81643671,0.81643671,paired_split_component_score_swap_randomization_two_sided,5000,4082,5000,,10,10,True,20260320;20260321;20260322;20260323;20260324;20260325;20260326;20260327;20260328;20260329,primary_paired_grouped_component_bootstrap,paired_split_component_fixed_seed_mean,m3_vs_strongest_step9,step15_v6_m3,step9_strongest_clean_validation_selected,all_test,200,50,150,1.0,permutation_p_value_raw,primary_paired_grouped_component_bootstrap|pr_auc
average_precision,0.594897,0.575633,0.019264,-0.08824522,0.11603938,,,not_computed_for_supplemental_bootstrap,0,,5000,4,10,10,True,20260320;20260321;20260322;20260323;20260324;20260325;20260326;20260327;20260328;20260329,supplemental_two_level_seed_and_component_bootstrap,two_level_seed_and_split_component_paired_when_seed_ids_match,m3_vs_strongest_step9,step15_v6_m3,step9_strongest_clean_validation_selected,all_test,200,50,150,,,
roc_auc,0.795467,0.765467,0.03,-0.0565849,0.11446927,,,not_computed_for_supplemental_bootstrap,0,,5000,,10,10,True,20260320;20260321;20260322;20260323;20260324;20260325;20260326;20260327;20260328;20260329,supplemental_two_level_seed_and_component_bootstrap,two_level_seed_and_split_component_paired_when_seed_ids_match,m3_vs_strongest_step9,step15_v6_m3,step9_strongest_clean_validation_selected,all_test,200,50,150,,,
pr_auc,0.59026,0.571561,0.018699,-0.09380757,0.1154439,,,not_computed_for_supplemental_bootstrap,0,,5000,,10,10,True,20260320;20260321;20260322;20260323;20260324;20260325;20260326;20260327;20260328;20260329,supplemental_two_level_seed_and_component_bootstrap,two_level_seed_and_split_component_paired_when_seed_ids_match,m3_vs_strongest_step9,step15_v6_m3,step9_strongest_clean_validation_selected,all_test,200,50,150,,,
average_precision,0.577943,0.575633,0.00231,-0.10940618,0.11856522,0.97920416,0.97920416,paired_split_component_score_swap_randomization_two_sided,5000,4896,5000,3,10,10,True,20260320;20260321;20260322;20260323;20260324;20260325;20260326;20260327;20260328;20260329,primary_paired_grouped_component_bootstrap,paired_split_component_fixed_seed_mean,m4_vs_strongest_step9,step15_v6_m4,step9_strongest_clean_validation_selected,all_test,200,50,150,1.0,permutation_p_value_raw,primary_paired_grouped_component_bootstrap|average_precision
roc_auc,0.7848,0.765467,0.019333,-0.0694293,0.11328325,0.69466107,0.69466107,paired_split_component_score_swap_randomization_two_sided,5000,3473,5000,,10,10,True,20260320;20260321;20260322;20260323;20260324;20260325;20260326;20260327;20260328;20260329,primary_paired_grouped_component_bootstrap,paired_split_component_fixed_seed_mean,m4_vs_strongest_step9,step15_v6_m4,step9_strongest_clean_validation_selected,all_test,200,50,150,1.0,permutation_p_value_raw,primary_paired_grouped_component_bootstrap|roc_auc
pr_auc,0.571975,0.571561,0.000414,-0.11816867,0.11854065,0.99540092,0.99540092,paired_split_component_score_swap_randomization_two_sided,5000,4977,5000,,10,10,True,20260320;20260321;20260322;20260323;20260324;20260325;20260326;20260327;20260328;20260329,primary_paired_grouped_component_bootstrap,paired_split_component_fixed_seed_mean,m4_vs_strongest_step9,step15_v6_m4,step9_strongest_clean_validation_selected,all_test,200,50,150,1.0,permutation_p_value_raw,primary_paired_grouped_component_bootstrap|pr_auc
average_precision,0.577943,0.575633,0.00231,-0.11572633,0.11592677,,,not_computed_for_supplemental_bootstrap,0,,5000,3,10,10,True,20260320;20260321;20260322;20260323;20260324;20260325;20260326;20260327;20260328;20260329,supplemental_two_level_seed_and_component_bootstrap,two_level_seed_and_split_component_paired_when_seed_ids_match,m4_vs_strongest_step9,step15_v6_m4,step9_strongest_clean_validation_selected,all_test,200,50,150,,,
roc_auc,0.7848,0.765467,0.019333,-0.0708227,0.10844442,,,not_computed_for_supplemental_bootstrap,0,,5000,,10,10,True,20260320;20260321;20260322;20260323;20260324;20260325;20260326;20260327;20260328;20260329,supplemental_two_level_seed_and_component_bootstrap,two_level_seed_and_split_component_paired_when_seed_ids_match,m4_vs_strongest_step9,step15_v6_m4,step9_strongest_clean_validation_selected,all_test,200,50,150,,,
pr_auc,0.571975,0.571561,0.000414,-0.12361897,0.1154788,,,not_computed_for_supplemental_bootstrap,0,,5000,,10,10,True,20260320;20260321;20260322;20260323;20260324;20260325;20260326;20260327;20260328;20260329,supplemental_two_level_seed_and_component_bootstrap,two_level_seed_and_split_component_paired_when_seed_ids_match,m4_vs_strongest_step9,step15_v6_m4,step9_strongest_clean_validation_selected,all_test,200,50,150,,,
average_precision,0.577943,0.623361,-0.045418,-0.15734835,0.06654467,0.61127774,0.61127774,paired_split_component_score_swap_randomization_two_sided,5000,3056,5000,1,10,10,True,20260320;20260321;20260322;20260323;20260324;20260325;20260326;20260327;20260328;20260329,primary_paired_grouped_component_bootstrap,paired_split_component_fixed_seed_mean,final_vs_m0,step15_v6_final_selected,step15_v6_m0,all_test,200,50,150,1.0,permutation_p_value_raw,primary_paired_grouped_component_bootstrap|average_precision
roc_auc,0.7848,0.839067,-0.054267,-0.13272805,0.01300557,0.39272146,0.39272146,paired_split_component_score_swap_randomization_two_sided,5000,1963,5000,,10,10,True,20260320;20260321;20260322;20260323;20260324;20260325;20260326;20260327;20260328;20260329,primary_paired_grouped_component_bootstrap,paired_split_component_fixed_seed_mean,final_vs_m0,step15_v6_final_selected,step15_v6_m0,all_test,200,50,150,1.0,permutation_p_value_raw,primary_paired_grouped_component_bootstrap|roc_auc
pr_auc,0.571975,0.619269,-0.047294,-0.16472763,0.06664737,0.59488102,0.59488102,paired_split_component_score_swap_randomization_two_sided,5000,2974,5000,,10,10,True,20260320;20260321;20260322;20260323;20260324;20260325;20260326;20260327;20260328;20260329,primary_paired_grouped_component_bootstrap,paired_split_component_fixed_seed_mean,final_vs_m0,step15_v6_final_selected,step15_v6_m0,all_test,200,50,150,1.0,permutation_p_value_raw,primary_paired_grouped_component_bootstrap|pr_auc
average_precision,0.577943,0.623361,-0.045418,-0.16039552,0.06320895,,,not_computed_for_supplemental_bootstrap,0,,5000,1,10,10,True,20260320;20260321;20260322;20260323;20260324;20260325;20260326;20260327;20260328;20260329,supplemental_two_level_seed_and_component_bootstrap,two_level_seed_and_split_component_paired_when_seed_ids_match,final_vs_m0,step15_v6_final_selected,step15_v6_m0,all_test,200,50,150,,,
roc_auc,0.7848,0.839067,-0.054267,-0.1353693,0.01464942,,,not_computed_for_supplemental_bootstrap,0,,5000,,10,10,True,20260320;20260321;20260322;20260323;20260324;20260325;20260326;20260327;20260328;20260329,supplemental_two_level_seed_and_component_bootstrap,two_level_seed_and_split_component_paired_when_seed_ids_match,final_vs_m0,step15_v6_final_selected,step15_v6_m0,all_test,200,50,150,,,
pr_auc,0.571975,0.619269,-0.047294,-0.17031333,0.06155095,,,not_computed_for_supplemental_bootstrap,0,,5000,,10,10,True,20260320;20260321;20260322;20260323;20260324;20260325;20260326;20260327;20260328;20260329,supplemental_two_level_seed_and_component_bootstrap,two_level_seed_and_split_component_paired_when_seed_ids_match,final_vs_m0,step15_v6_final_selected,step15_v6_m0,all_test,200,50,150,,,
average_precision,0.453095,0.545156,-0.092061,-0.2552858,0.04941123,0.40431914,0.40431914,paired_split_component_score_swap_randomization_two_sided,5000,2021,5000,0,10,10,True,20260320;20260321;20260322;20260323;20260324;20260325;20260326;20260327;20260328;20260329,primary_paired_grouped_component_bootstrap,paired_split_component_fixed_seed_mean,final_vs_m0,step15_v6_final_selected,step15_v6_m0,strict_plus_soft_primary_positive_vs_all_negative,174,24,150,1.0,permutation_p_value_raw,primary_paired_grouped_component_bootstrap|average_precision
roc_auc,0.781944,0.846389,-0.064445,-0.1950167,0.01773405,0.38672266,0.38672266,paired_split_component_score_swap_randomization_two_sided,5000,1933,5000,,10,10,True,20260320;20260321;20260322;20260323;20260324;20260325;20260326;20260327;20260328;20260329,primary_paired_grouped_component_bootstrap,paired_split_component_fixed_seed_mean,final_vs_m0,step15_v6_final_selected,step15_v6_m0,strict_plus_soft_primary_positive_vs_all_negative,174,24,150,1.0,permutation_p_value_raw,primary_paired_grouped_component_bootstrap|roc_auc
pr_auc,0.44196,0.539316,-0.097356,-0.27849293,0.04629383,0.40231954,0.40231954,paired_split_component_score_swap_randomization_two_sided,5000,2011,5000,,10,10,True,20260320;20260321;20260322;20260323;20260324;20260325;20260326;20260327;20260328;20260329,primary_paired_grouped_component_bootstrap,paired_split_component_fixed_seed_mean,final_vs_m0,step15_v6_final_selected,step15_v6_m0,strict_plus_soft_primary_positive_vs_all_negative,174,24,150,1.0,permutation_p_value_raw,primary_paired_grouped_component_bootstrap|pr_auc
average_precision,0.453095,0.545156,-0.092061,-0.26894727,0.03958282,,,not_computed_for_supplemental_bootstrap,0,,5000,0,10,10,True,20260320;20260321;20260322;20260323;20260324;20260325;20260326;20260327;20260328;20260329,supplemental_two_level_seed_and_component_bootstrap,two_level_seed_and_split_component_paired_when_seed_ids_match,final_vs_m0,step15_v6_final_selected,step15_v6_m0,strict_plus_soft_primary_positive_vs_all_negative,174,24,150,,,
roc_auc,0.781944,0.846389,-0.064445,-0.19901372,0.0170149,,,not_computed_for_supplemental_bootstrap,0,,5000,,10,10,True,20260320;20260321;20260322;20260323;20260324;20260325;20260326;20260327;20260328;20260329,supplemental_two_level_seed_and_component_bootstrap,two_level_seed_and_split_component_paired_when_seed_ids_match,final_vs_m0,step15_v6_final_selected,step15_v6_m0,strict_plus_soft_primary_positive_vs_all_negative,174,24,150,,,
pr_auc,0.44196,0.539316,-0.097356,-0.29276407,0.03705,,,not_computed_for_supplemental_bootstrap,0,,5000,,10,10,True,20260320;20260321;20260322;20260323;20260324;20260325;20260326;20260327;20260328;20260329,supplemental_two_level_seed_and_component_bootstrap,two_level_seed_and_split_component_paired_when_seed_ids_match,final_vs_m0,step15_v6_final_selected,step15_v6_m0,strict_plus_soft_primary_positive_vs_all_negative,174,24,150,,,
average_precision,0.311649,0.437741,-0.126092,-0.28176102,0.02108995,0.19516097,0.19516097,paired_split_component_score_swap_randomization_two_sided,5000,975,5000,0,10,10,True,20260320;20260321;20260322;20260323;20260324;20260325;20260326;20260327;20260328;20260329,primary_paired_grouped_component_bootstrap,paired_split_component_fixed_seed_mean,final_vs_m0,step15_v6_final_selected,step15_v6_m0,strict_direct_or_component_positive_vs_all_negative,168,18,150,1.0,permutation_p_value_raw,primary_paired_grouped_component_bootstrap|average_precision
roc_auc,0.730741,0.824444,-0.093703,-0.23235143,0.0074994,0.32813437,0.32813437,paired_split_component_score_swap_randomization_two_sided,5000,1640,5000,,10,10,True,20260320;20260321;20260322;20260323;20260324;20260325;20260326;20260327;20260328;20260329,primary_paired_grouped_component_bootstrap,paired_split_component_fixed_seed_mean,final_vs_m0,step15_v6_final_selected,step15_v6_m0,strict_direct_or_component_positive_vs_all_negative,168,18,150,1.0,permutation_p_value_raw,primary_paired_grouped_component_bootstrap|roc_auc
pr_auc,0.295117,0.429409,-0.134292,-0.30281775,0.01293247,0.20775845,0.20775845,paired_split_component_score_swap_randomization_two_sided,5000,1038,5000,,10,10,True,20260320;20260321;20260322;20260323;20260324;20260325;20260326;20260327;20260328;20260329,primary_paired_grouped_component_bootstrap,paired_split_component_fixed_seed_mean,final_vs_m0,step15_v6_final_selected,step15_v6_m0,strict_direct_or_component_positive_vs_all_negative,168,18,150,1.0,permutation_p_value_raw,primary_paired_grouped_component_bootstrap|pr_auc
average_precision,0.311649,0.437741,-0.126092,-0.29516272,0.0150304,,,not_computed_for_supplemental_bootstrap,0,,5000,0,10,10,True,20260320;20260321;20260322;20260323;20260324;20260325;20260326;20260327;20260328;20260329,supplemental_two_level_seed_and_component_bootstrap,two_level_seed_and_split_component_paired_when_seed_ids_match,final_vs_m0,step15_v6_final_selected,step15_v6_m0,strict_direct_or_component_positive_vs_all_negative,168,18,150,,,
roc_auc,0.730741,0.824444,-0.093703,-0.23889205,0.00725028,,,not_computed_for_supplemental_bootstrap,0,,5000,,10,10,True,20260320;20260321;20260322;20260323;20260324;20260325;20260326;20260327;20260328;20260329,supplemental_two_level_seed_and_component_bootstrap,two_level_seed_and_split_component_paired_when_seed_ids_match,final_vs_m0,step15_v6_final_selected,step15_v6_m0,strict_direct_or_component_positive_vs_all_negative,168,18,150,,,
pr_auc,0.295117,0.429409,-0.134292,-0.3221706,0.00848802,,,not_computed_for_supplemental_bootstrap,0,,5000,,10,10,True,20260320;20260321;20260322;20260323;20260324;20260325;20260326;20260327;20260328;20260329,supplemental_two_level_seed_and_component_bootstrap,two_level_seed_and_split_component_paired_when_seed_ids_match,final_vs_m0,step15_v6_final_selected,step15_v6_m0,strict_direct_or_component_positive_vs_all_negative,168,18,150,,,
average_precision,0.577943,0.575633,0.00231,-0.10838895,0.11764615,0.98180364,0.98180364,paired_split_component_score_swap_randomization_two_sided,5000,4909,5000,3,10,10,True,20260320;20260321;20260322;20260323;20260324;20260325;20260326;20260327;20260328;20260329,primary_paired_grouped_component_bootstrap,paired_split_component_fixed_seed_mean,final_vs_strongest_step9,step15_v6_final_selected,step9_strongest_clean_validation_selected,all_test,200,50,150,1.0,permutation_p_value_raw,primary_paired_grouped_component_bootstrap|average_precision
roc_auc,0.7848,0.765467,0.019333,-0.06429693,0.11120897,0.69666067,0.69666067,paired_split_component_score_swap_randomization_two_sided,5000,3483,5000,,10,10,True,20260320;20260321;20260322;20260323;20260324;20260325;20260326;20260327;20260328;20260329,primary_paired_grouped_component_bootstrap,paired_split_component_fixed_seed_mean,final_vs_strongest_step9,step15_v6_final_selected,step9_strongest_clean_validation_selected,all_test,200,50,150,1.0,permutation_p_value_raw,primary_paired_grouped_component_bootstrap|roc_auc
pr_auc,0.571975,0.571561,0.000414,-0.1165704,0.11784842,0.99660068,0.99660068,paired_split_component_score_swap_randomization_two_sided,5000,4983,5000,,10,10,True,20260320;20260321;20260322;20260323;20260324;20260325;20260326;20260327;20260328;20260329,primary_paired_grouped_component_bootstrap,paired_split_component_fixed_seed_mean,final_vs_strongest_step9,step15_v6_final_selected,step9_strongest_clean_validation_selected,all_test,200,50,150,1.0,permutation_p_value_raw,primary_paired_grouped_component_bootstrap|pr_auc
average_precision,0.577943,0.575633,0.00231,-0.12304488,0.1180692,,,not_computed_for_supplemental_bootstrap,0,,5000,3,10,10,True,20260320;20260321;20260322;20260323;20260324;20260325;20260326;20260327;20260328;20260329,supplemental_two_level_seed_and_component_bootstrap,two_level_seed_and_split_component_paired_when_seed_ids_match,final_vs_strongest_step9,step15_v6_final_selected,step9_strongest_clean_validation_selected,all_test,200,50,150,,,
roc_auc,0.7848,0.765467,0.019333,-0.06882828,0.11063808,,,not_computed_for_supplemental_bootstrap,0,,5000,,10,10,True,20260320;20260321;20260322;20260323;20260324;20260325;20260326;20260327;20260328;20260329,supplemental_two_level_seed_and_component_bootstrap,two_level_seed_and_split_component_paired_when_seed_ids_match,final_vs_strongest_step9,step15_v6_final_selected,step9_strongest_clean_validation_selected,all_test,200,50,150,,,
pr_auc,0.571975,0.571561,0.000414,-0.1322352,0.11909487,,,not_computed_for_supplemental_bootstrap,0,,5000,,10,10,True,20260320;20260321;20260322;20260323;20260324;20260325;20260326;20260327;20260328;20260329,supplemental_two_level_seed_and_component_bootstrap,two_level_seed_and_split_component_paired_when_seed_ids_match,final_vs_strongest_step9,step15_v6_final_selected,step9_strongest_clean_validation_selected,all_test,200,50,150,,,
average_precision,0.453095,0.508705,-0.05561,-0.1920602,0.0735173,0.60387922,0.60387922,paired_split_component_score_swap_randomization_two_sided,5000,3019,5000,0,10,10,True,20260320;20260321;20260322;20260323;20260324;20260325;20260326;20260327;20260328;20260329,primary_paired_grouped_component_bootstrap,paired_split_component_fixed_seed_mean,final_vs_strongest_step9,step15_v6_final_selected,step9_strongest_clean_validation_selected,strict_plus_soft_primary_positive_vs_all_negative,174,24,150,1.0,permutation_p_value_raw,primary_paired_grouped_component_bootstrap|average_precision
roc_auc,0.781944,0.770556,0.011388,-0.10370737,0.14155875,0.84843031,0.84843031,paired_split_component_score_swap_randomization_two_sided,5000,4242,5000,,10,10,True,20260320;20260321;20260322;20260323;20260324;20260325;20260326;20260327;20260328;20260329,primary_paired_grouped_component_bootstrap,paired_split_component_fixed_seed_mean,final_vs_strongest_step9,step15_v6_final_selected,step9_strongest_clean_validation_selected,strict_plus_soft_primary_positive_vs_all_negative,174,24,150,1.0,permutation_p_value_raw,primary_paired_grouped_component_bootstrap|roc_auc
pr_auc,0.44196,0.502517,-0.060557,-0.21749665,0.06849637,0.60727854,0.60727854,paired_split_component_score_swap_randomization_two_sided,5000,3036,5000,,10,10,True,20260320;20260321;20260322;20260323;20260324;20260325;20260326;20260327;20260328;20260329,primary_paired_grouped_component_bootstrap,paired_split_component_fixed_seed_mean,final_vs_strongest_step9,step15_v6_final_selected,step9_strongest_clean_validation_selected,strict_plus_soft_primary_positive_vs_all_negative,174,24,150,1.0,permutation_p_value_raw,primary_paired_grouped_component_bootstrap|pr_auc
average_precision,0.453095,0.508705,-0.05561,-0.2044598,0.07091468,,,not_computed_for_supplemental_bootstrap,0,,5000,0,10,10,True,20260320;20260321;20260322;20260323;20260324;20260325;20260326;20260327;20260328;20260329,supplemental_two_level_seed_and_component_bootstrap,two_level_seed_and_split_component_paired_when_seed_ids_match,final_vs_strongest_step9,step15_v6_final_selected,step9_strongest_clean_validation_selected,strict_plus_soft_primary_positive_vs_all_negative,174,24,150,,,
roc_auc,0.781944,0.770556,0.011388,-0.11281122,0.1393863,,,not_computed_for_supplemental_bootstrap,0,,5000,,10,10,True,20260320;20260321;20260322;20260323;20260324;20260325;20260326;20260327;20260328;20260329,supplemental_two_level_seed_and_component_bootstrap,two_level_seed_and_split_component_paired_when_seed_ids_match,final_vs_strongest_step9,step15_v6_final_selected,step9_strongest_clean_validation_selected,strict_plus_soft_primary_positive_vs_all_negative,174,24,150,,,
pr_auc,0.44196,0.502517,-0.060557,-0.22932332,0.0652543,,,not_computed_for_supplemental_bootstrap,0,,5000,,10,10,True,20260320;20260321;20260322;20260323;20260324;20260325;20260326;20260327;20260328;20260329,supplemental_two_level_seed_and_component_bootstrap,two_level_seed_and_split_component_paired_when_seed_ids_match,final_vs_strongest_step9,step15_v6_final_selected,step9_strongest_clean_validation_selected,strict_plus_soft_primary_positive_vs_all_negative,174,24,150,,,
average_precision,0.311649,0.356273,-0.044624,-0.18103647,0.08359057,0.68706259,0.68706259,paired_split_component_score_swap_randomization_two_sided,5000,3435,5000,0,10,10,True,20260320;20260321;20260322;20260323;20260324;20260325;20260326;20260327;20260328;20260329,primary_paired_grouped_component_bootstrap,paired_split_component_fixed_seed_mean,final_vs_strongest_step9,step15_v6_final_selected,step9_strongest_clean_validation_selected,strict_direct_or_component_positive_vs_all_negative,168,18,150,1.0,permutation_p_value_raw,primary_paired_grouped_component_bootstrap|average_precision
roc_auc,0.730741,0.705926,0.024815,-0.12744165,0.17350015,0.75184963,0.75184963,paired_split_component_score_swap_randomization_two_sided,5000,3759,5000,,10,10,True,20260320;20260321;20260322;20260323;20260324;20260325;20260326;20260327;20260328;20260329,primary_paired_grouped_component_bootstrap,paired_split_component_fixed_seed_mean,final_vs_strongest_step9,step15_v6_final_selected,step9_strongest_clean_validation_selected,strict_direct_or_component_positive_vs_all_negative,168,18,150,1.0,permutation_p_value_raw,primary_paired_grouped_component_bootstrap|roc_auc
pr_auc,0.295117,0.347376,-0.052259,-0.21050622,0.07373187,0.68566287,0.68566287,paired_split_component_score_swap_randomization_two_sided,5000,3428,5000,,10,10,True,20260320;20260321;20260322;20260323;20260324;20260325;20260326;20260327;20260328;20260329,primary_paired_grouped_component_bootstrap,paired_split_component_fixed_seed_mean,final_vs_strongest_step9,step15_v6_final_selected,step9_strongest_clean_validation_selected,strict_direct_or_component_positive_vs_all_negative,168,18,150,1.0,permutation_p_value_raw,primary_paired_grouped_component_bootstrap|pr_auc
average_precision,0.311649,0.356273,-0.044624,-0.19965462,0.07973872,,,not_computed_for_supplemental_bootstrap,0,,5000,0,10,10,True,20260320;20260321;20260322;20260323;20260324;20260325;20260326;20260327;20260328;20260329,supplemental_two_level_seed_and_component_bootstrap,two_level_seed_and_split_component_paired_when_seed_ids_match,final_vs_strongest_step9,step15_v6_final_selected,step9_strongest_clean_validation_selected,strict_direct_or_component_positive_vs_all_negative,168,18,150,,,
roc_auc,0.730741,0.705926,0.024815,-0.1377639,0.17717892,,,not_computed_for_supplemental_bootstrap,0,,5000,,10,10,True,20260320;20260321;20260322;20260323;20260324;20260325;20260326;20260327;20260328;20260329,supplemental_two_level_seed_and_component_bootstrap,two_level_seed_and_split_component_paired_when_seed_ids_match,final_vs_strongest_step9,step15_v6_final_selected,step9_strongest_clean_validation_selected,strict_direct_or_component_positive_vs_all_negative,168,18,150,,,
pr_auc,0.295117,0.347376,-0.052259,-0.22881895,0.07071597,,,not_computed_for_supplemental_bootstrap,0,,5000,,10,10,True,20260320;20260321;20260322;20260323;20260324;20260325;20260326;20260327;20260328;20260329,supplemental_two_level_seed_and_component_bootstrap,two_level_seed_and_split_component_paired_when_seed_ids_match,final_vs_strongest_step9,step15_v6_final_selected,step9_strongest_clean_validation_selected,strict_direct_or_component_positive_vs_all_negative,168,18,150,,,
average_precision,0.577943,0.542839,0.035104,-0.11621435,0.1953943,0.74405119,0.74405119,paired_split_component_score_swap_randomization_two_sided,5000,3720,5000,8,10,1,False,,primary_paired_grouped_component_bootstrap,paired_split_component_fixed_seed_mean,final_vs_raw_e5,step15_v6_final_selected,raw_e5_cosine,all_test,200,50,150,1.0,permutation_p_value_raw,primary_paired_grouped_component_bootstrap|average_precision
roc_auc,0.7848,0.748,0.0368,-0.06385872,0.14398067,0.68546291,0.68546291,paired_split_component_score_swap_randomization_two_sided,5000,3427,5000,,10,1,False,,primary_paired_grouped_component_bootstrap,paired_split_component_fixed_seed_mean,final_vs_raw_e5,step15_v6_final_selected,raw_e5_cosine,all_test,200,50,150,1.0,permutation_p_value_raw,primary_paired_grouped_component_bootstrap|roc_auc
pr_auc,0.571975,0.537092,0.034883,-0.11891197,0.19966403,0.75304939,0.75304939,paired_split_component_score_swap_randomization_two_sided,5000,3765,5000,,10,1,False,,primary_paired_grouped_component_bootstrap,paired_split_component_fixed_seed_mean,final_vs_raw_e5,step15_v6_final_selected,raw_e5_cosine,all_test,200,50,150,1.0,permutation_p_value_raw,primary_paired_grouped_component_bootstrap|pr_auc
average_precision,0.577943,0.542839,0.035104,-0.12524367,0.19353175,,,not_computed_for_supplemental_bootstrap,0,,5000,8,10,1,False,,supplemental_two_level_seed_and_component_bootstrap,two_level_seed_and_split_component_paired_when_seed_ids_match,final_vs_raw_e5,step15_v6_final_selected,raw_e5_cosine,all_test,200,50,150,,,
roc_auc,0.7848,0.748,0.0368,-0.07080807,0.14123002,,,not_computed_for_supplemental_bootstrap,0,,5000,,10,1,False,,supplemental_two_level_seed_and_component_bootstrap,two_level_seed_and_split_component_paired_when_seed_ids_match,final_vs_raw_e5,step15_v6_final_selected,raw_e5_cosine,all_test,200,50,150,,,
pr_auc,0.571975,0.537092,0.034883,-0.12823802,0.197573,,,not_computed_for_supplemental_bootstrap,0,,5000,,10,1,False,,supplemental_two_level_seed_and_component_bootstrap,two_level_seed_and_split_component_paired_when_seed_ids_match,final_vs_raw_e5,step15_v6_final_selected,raw_e5_cosine,all_test,200,50,150,,,
average_precision,0.597533,0.594897,0.002636,-0.04757783,0.0510238,0.930014,0.930014,paired_split_component_score_swap_randomization_two_sided,5000,4650,5000,6,10,10,True,20260320;20260321;20260322;20260323;20260324;20260325;20260326;20260327;20260328;20260329,primary_paired_grouped_component_bootstrap,paired_split_component_fixed_seed_mean,normalized_retrieval_vs_strict_m3,step15_v6_m3_normalized_retrieval,step15_v6_m3,all_test,200,50,150,1.0,permutation_p_value_raw,primary_paired_grouped_component_bootstrap|average_precision
roc_auc,0.8036,0.795467,0.008133,-0.02361048,0.04043325,0.66866627,0.66866627,paired_split_component_score_swap_randomization_two_sided,5000,3343,5000,,10,10,True,20260320;20260321;20260322;20260323;20260324;20260325;20260326;20260327;20260328;20260329,primary_paired_grouped_component_bootstrap,paired_split_component_fixed_seed_mean,normalized_retrieval_vs_strict_m3,step15_v6_m3_normalized_retrieval,step15_v6_m3,all_test,200,50,150,1.0,permutation_p_value_raw,primary_paired_grouped_component_bootstrap|roc_auc
pr_auc,0.592168,0.59026,0.001908,-0.05343495,0.05215003,0.95740852,0.95740852,paired_split_component_score_swap_randomization_two_sided,5000,4787,5000,,10,10,True,20260320;20260321;20260322;20260323;20260324;20260325;20260326;20260327;20260328;20260329,primary_paired_grouped_component_bootstrap,paired_split_component_fixed_seed_mean,normalized_retrieval_vs_strict_m3,step15_v6_m3_normalized_retrieval,step15_v6_m3,all_test,200,50,150,1.0,permutation_p_value_raw,primary_paired_grouped_component_bootstrap|pr_auc
average_precision,0.597533,0.594897,0.002636,-0.05632237,0.06271275,,,not_computed_for_supplemental_bootstrap,0,,5000,6,10,10,True,20260320;20260321;20260322;20260323;20260324;20260325;20260326;20260327;20260328;20260329,supplemental_two_level_seed_and_component_bootstrap,two_level_seed_and_split_component_paired_when_seed_ids_match,normalized_retrieval_vs_strict_m3,step15_v6_m3_normalized_retrieval,step15_v6_m3,all_test,200,50,150,,,
roc_auc,0.8036,0.795467,0.008133,-0.03366043,0.05378492,,,not_computed_for_supplemental_bootstrap,0,,5000,,10,10,True,20260320;20260321;20260322;20260323;20260324;20260325;20260326;20260327;20260328;20260329,supplemental_two_level_seed_and_component_bootstrap,two_level_seed_and_split_component_paired_when_seed_ids_match,normalized_retrieval_vs_strict_m3,step15_v6_m3_normalized_retrieval,step15_v6_m3,all_test,200,50,150,,,
pr_auc,0.592168,0.59026,0.001908,-0.0615489,0.0645079,,,not_computed_for_supplemental_bootstrap,0,,5000,,10,10,True,20260320;20260321;20260322;20260323;20260324;20260325;20260326;20260327;20260328;20260329,supplemental_two_level_seed_and_component_bootstrap,two_level_seed_and_split_component_paired_when_seed_ids_match,normalized_retrieval_vs_strict_m3,step15_v6_m3_normalized_retrieval,step15_v6_m3,all_test,200,50,150,,,
average_precision,0.449636,0.529862,-0.080226,-0.18875045,0.04431902,0.25254949,0.25254949,paired_split_component_score_swap_randomization_two_sided,5000,1262,5000,0,10,10,True,20260320;20260321;20260322;20260323;20260324;20260325;20260326;20260327;20260328;20260329,primary_paired_grouped_component_bootstrap,paired_split_component_fixed_seed_mean,gold_plus_high_confidence_vs_gold_only,step15_v6_m3_gold_plus_high_confidence_silver,step15_v6_m3_gold_only,all_test,200,50,150,1.0,permutation_p_value_raw,primary_paired_grouped_component_bootstrap|average_precision
roc_auc,0.724133,0.762267,-0.038134,-0.1294297,0.0523641,0.46570686,0.46570686,paired_split_component_score_swap_randomization_two_sided,5000,2328,5000,,10,10,True,20260320;20260321;20260322;20260323;20260324;20260325;20260326;20260327;20260328;20260329,primary_paired_grouped_component_bootstrap,paired_split_component_fixed_seed_mean,gold_plus_high_confidence_vs_gold_only,step15_v6_m3_gold_plus_high_confidence_silver,step15_v6_m3_gold_only,all_test,200,50,150,1.0,permutation_p_value_raw,primary_paired_grouped_component_bootstrap|roc_auc
pr_auc,0.440482,0.522539,-0.082057,-0.19592077,0.04254732,0.24995001,0.24995001,paired_split_component_score_swap_randomization_two_sided,5000,1249,5000,,10,10,True,20260320;20260321;20260322;20260323;20260324;20260325;20260326;20260327;20260328;20260329,primary_paired_grouped_component_bootstrap,paired_split_component_fixed_seed_mean,gold_plus_high_confidence_vs_gold_only,step15_v6_m3_gold_plus_high_confidence_silver,step15_v6_m3_gold_only,all_test,200,50,150,1.0,permutation_p_value_raw,primary_paired_grouped_component_bootstrap|pr_auc
average_precision,0.449636,0.529862,-0.080226,-0.18228943,0.0546195,,,not_computed_for_supplemental_bootstrap,0,,5000,0,10,10,True,20260320;20260321;20260322;20260323;20260324;20260325;20260326;20260327;20260328;20260329,supplemental_two_level_seed_and_component_bootstrap,two_level_seed_and_split_component_paired_when_seed_ids_match,gold_plus_high_confidence_vs_gold_only,step15_v6_m3_gold_plus_high_confidence_silver,step15_v6_m3_gold_only,all_test,200,50,150,,,
roc_auc,0.724133,0.762267,-0.038134,-0.1308886,0.05945765,,,not_computed_for_supplemental_bootstrap,0,,5000,,10,10,True,20260320;20260321;20260322;20260323;20260324;20260325;20260326;20260327;20260328;20260329,supplemental_two_level_seed_and_component_bootstrap,two_level_seed_and_split_component_paired_when_seed_ids_match,gold_plus_high_confidence_vs_gold_only,step15_v6_m3_gold_plus_high_confidence_silver,step15_v6_m3_gold_only,all_test,200,50,150,,,
pr_auc,0.440482,0.522539,-0.082057,-0.18801147,0.05463727,,,not_computed_for_supplemental_bootstrap,0,,5000,,10,10,True,20260320;20260321;20260322;20260323;20260324;20260325;20260326;20260327;20260328;20260329,supplemental_two_level_seed_and_component_bootstrap,two_level_seed_and_split_component_paired_when_seed_ids_match,gold_plus_high_confidence_vs_gold_only,step15_v6_m3_gold_plus_high_confidence_silver,step15_v6_m3_gold_only,all_test,200,50,150,,,
average_precision,0.594897,0.449636,0.145261,0.0460188,0.23522127,0.00859828,0.00859828,paired_split_component_score_swap_randomization_two_sided,5000,42,5000,10,10,10,True,20260320;20260321;20260322;20260323;20260324;20260325;20260326;20260327;20260328;20260329,primary_paired_grouped_component_bootstrap,paired_split_component_fixed_seed_mean,gold_plus_all_silver_vs_high_confidence,step15_v6_m3,step15_v6_m3_gold_plus_high_confidence_silver,all_test,200,50,150,0.16336732,permutation_p_value_raw,primary_paired_grouped_component_bootstrap|average_precision
roc_auc,0.795467,0.724133,0.071334,0.01721252,0.12500692,0.11437712,0.11437712,paired_split_component_score_swap_randomization_two_sided,5000,571,5000,,10,10,True,20260320;20260321;20260322;20260323;20260324;20260325;20260326;20260327;20260328;20260329,primary_paired_grouped_component_bootstrap,paired_split_component_fixed_seed_mean,gold_plus_all_silver_vs_high_confidence,step15_v6_m3,step15_v6_m3_gold_plus_high_confidence_silver,all_test,200,50,150,1.0,permutation_p_value_raw,primary_paired_grouped_component_bootstrap|roc_auc
pr_auc,0.59026,0.440482,0.149778,0.05139532,0.2481361,0.0089982,0.0089982,paired_split_component_score_swap_randomization_two_sided,5000,44,5000,,10,10,True,20260320;20260321;20260322;20260323;20260324;20260325;20260326;20260327;20260328;20260329,primary_paired_grouped_component_bootstrap,paired_split_component_fixed_seed_mean,gold_plus_all_silver_vs_high_confidence,step15_v6_m3,step15_v6_m3_gold_plus_high_confidence_silver,all_test,200,50,150,0.1709658,permutation_p_value_raw,primary_paired_grouped_component_bootstrap|pr_auc
average_precision,0.594897,0.449636,0.145261,0.03951883,0.23062145,,,not_computed_for_supplemental_bootstrap,0,,5000,10,10,10,True,20260320;20260321;20260322;20260323;20260324;20260325;20260326;20260327;20260328;20260329,supplemental_two_level_seed_and_component_bootstrap,two_level_seed_and_split_component_paired_when_seed_ids_match,gold_plus_all_silver_vs_high_confidence,step15_v6_m3,step15_v6_m3_gold_plus_high_confidence_silver,all_test,200,50,150,,,
roc_auc,0.795467,0.724133,0.071334,0.01257482,0.13087587,,,not_computed_for_supplemental_bootstrap,0,,5000,,10,10,True,20260320;20260321;20260322;20260323;20260324;20260325;20260326;20260327;20260328;20260329,supplemental_two_level_seed_and_component_bootstrap,two_level_seed_and_split_component_paired_when_seed_ids_match,gold_plus_all_silver_vs_high_confidence,step15_v6_m3,step15_v6_m3_gold_plus_high_confidence_silver,all_test,200,50,150,,,
pr_auc,0.59026,0.440482,0.149778,0.04384935,0.24386892,,,not_computed_for_supplemental_bootstrap,0,,5000,,10,10,True,20260320;20260321;20260322;20260323;20260324;20260325;20260326;20260327;20260328;20260329,supplemental_two_level_seed_and_component_bootstrap,two_level_seed_and_split_component_paired_when_seed_ids_match,gold_plus_all_silver_vs_high_confidence,step15_v6_m3,step15_v6_m3_gold_plus_high_confidence_silver,all_test,200,50,150,,,
