blind_id,pair_uid,split_name,reference_subset
blind_8ba890240eff7a61e4a5,market_item.xlsx|中文暗网交易市场|seller_raw:11870||market_item.xlsx|中文暗网交易市场|seller_raw:311141,test,positive_candidate
blind_1289167dc050cc3b3229,market_item.xlsx|中文暗网交易市场|seller_raw:156043||market_item.xlsx|中文暗网交易市场|seller_raw:33465,test,negative_control
blind_d73ba67873b05ce5fb6d,market_item.xlsx|中文暗网交易市场|seller_raw:171918||market_item.xlsx|茶马古道|seller_raw:/shop/395891,test,positive_candidate
blind_1664a582ac2479b4e64a,market_item.xlsx|中文暗网交易市场|seller_raw:178257||market_item.xlsx|中文暗网交易市场|seller_raw:8641,test,negative_control
blind_1f5edb1f2e5d07a5aee2,market_item.xlsx|中文暗网交易市场|seller_raw:187565||market_item.xlsx|中文暗网交易市场|seller_raw:434839,valid,positive_candidate
blind_a4ee8345cb1ea9978bec,market_item.xlsx|中文暗网交易市场|seller_raw:18936||market_item.xlsx|中文暗网交易市场|seller_raw:24304,test,negative_control
blind_21f3aa4a84a49898a6e1,market_item.xlsx|中文暗网交易市场|seller_raw:206750||market_item.xlsx|中文暗网交易市场|seller_raw:604165,test,negative_control
blind_f22731986adf16f5f8bc,market_item.xlsx|中文暗网交易市场|seller_raw:24225||market_item.xlsx|茶马古道|seller_raw:/shop/425839,test,negative_control
blind_1bc2a0d62325dfca0c9d,market_item.xlsx|中文暗网交易市场|seller_raw:24304||market_item.xlsx|茶马古道|seller_raw:/shop/405626,test,negative_control
blind_9f59e98b8bcf4b040dcb,market_item.xlsx|中文暗网交易市场|seller_raw:24304||market_item.xlsx|茶马古道|seller_raw:/shop/442,test,negative_control
blind_11f96bc82ce3c28aaefa,market_item.xlsx|中文暗网交易市场|seller_raw:27792||market_item.xlsx|中文暗网交易市场|seller_raw:70467,test,negative_control
blind_64662957ffbb64b59727,market_item.xlsx|中文暗网交易市场|seller_raw:29778||market_item.xlsx|中文暗网交易市场|seller_raw:436034,test,negative_control
blind_bf405b31853fe05ace45,market_item.xlsx|中文暗网交易市场|seller_raw:29778||market_item.xlsx|中文暗网交易市场|seller_raw:52938,test,negative_control
blind_53973a17541efc2a70e4,market_item.xlsx|中文暗网交易市场|seller_raw:311141||market_item.xlsx|茶马古道|seller_raw:/shop/427472,test,positive_candidate
blind_e2a8c0d9bd09998d21a6,market_item.xlsx|中文暗网交易市场|seller_raw:31478||market_item.xlsx|中文暗网交易市场|seller_raw:546208,valid,negative_control
blind_fd7ae4324d0aab2c3019,market_item.xlsx|中文暗网交易市场|seller_raw:31478||market_item.xlsx|茶马古道|seller_raw:/shop/429133,valid,negative_control
blind_b4ad2ca1a25b4b0db5b4,market_item.xlsx|中文暗网交易市场|seller_raw:31478||market_item.xlsx|茶马古道|seller_raw:/shop/451570,valid,negative_control
blind_9d6bf9f5f8a1492fa85e,market_item.xlsx|中文暗网交易市场|seller_raw:31478||market_item.xlsx|茶马古道|seller_raw:/shop/462026,valid,negative_control
blind_eda7812649ff80cdab98,market_item.xlsx|中文暗网交易市场|seller_raw:31478||market_item.xlsx|茶马古道|seller_raw:/shop/464480,valid,negative_control
blind_7647ac8d67e91faab86c,market_item.xlsx|中文暗网交易市场|seller_raw:32875||market_item.xlsx|中文暗网交易市场|seller_raw:35465,test,negative_control
blind_53669c8fe112a5a1bf98,market_item.xlsx|中文暗网交易市场|seller_raw:342919||market_item.xlsx|茶马古道|seller_raw:/shop/398325,test,positive_candidate
blind_e18002affdb316cc25da,market_item.xlsx|中文暗网交易市场|seller_raw:345233||market_item.xlsx|茶马古道|seller_raw:/shop/7810,test,positive_candidate
blind_76f80824d8521c20e953,market_item.xlsx|中文暗网交易市场|seller_raw:363589||market_item.xlsx|茶马古道|seller_raw:/shop/432946,valid,negative_control
blind_622d3009f68242cff91c,market_item.xlsx|中文暗网交易市场|seller_raw:435630||market_item.xlsx|中文暗网交易市场|seller_raw:438364,valid,positive_candidate
blind_3ee6af56b48c5a8be39d,market_item.xlsx|中文暗网交易市场|seller_raw:438470||market_item.xlsx|中文暗网交易市场|seller_raw:45288,test,negative_control
blind_77b68b0cbcffd0171a16,market_item.xlsx|中文暗网交易市场|seller_raw:44226||market_item.xlsx|中文暗网交易市场|seller_raw:68440,valid,positive_candidate
blind_d5234660d7306c0c0937,market_item.xlsx|中文暗网交易市场|seller_raw:448801||market_item.xlsx|茶马古道|seller_raw:/shop/393726,valid,positive_candidate
blind_a1d843c7022c2c46607b,market_item.xlsx|中文暗网交易市场|seller_raw:459528||market_item.xlsx|茶马古道|seller_raw:/shop/447291,test,positive_candidate
blind_7bb90ec7acd8d4108c74,market_item.xlsx|中文暗网交易市场|seller_raw:459528||market_item.xlsx|茶马古道|seller_raw:/shop/6982,test,negative_control
blind_d0808183e5c684011632,market_item.xlsx|中文暗网交易市场|seller_raw:490054||market_item.xlsx|中文暗网交易市场|seller_raw:565793,test,positive_candidate
blind_5606db941635be96146b,market_item.xlsx|中文暗网交易市场|seller_raw:507092||market_item.xlsx|中文暗网交易市场|seller_raw:588888,valid,positive_candidate
blind_adac669e4b0ace2e0c5b,market_item.xlsx|中文暗网交易市场|seller_raw:509079||market_item.xlsx|茶马古道|seller_raw:/shop/464484,test,positive_candidate
blind_3dc02577ae1bf1c51fed,market_item.xlsx|中文暗网交易市场|seller_raw:509681||market_item.xlsx|茶马古道|seller_raw:/shop/411384,valid,negative_control
blind_e2349a1c42201e896b5a,market_item.xlsx|中文暗网交易市场|seller_raw:509681||market_item.xlsx|茶马古道|seller_raw:/shop/446431,valid,negative_control
blind_f41577a48d39fd22fa1f,market_item.xlsx|中文暗网交易市场|seller_raw:512254||market_item.xlsx|茶马古道|seller_raw:/shop/398615,valid,negative_control
blind_00e18d0ad921234a8bfe,market_item.xlsx|中文暗网交易市场|seller_raw:516687||market_item.xlsx|茶马古道|seller_raw:/shop/393476,valid,positive_candidate
blind_5836807c12a15db98bf6,market_item.xlsx|中文暗网交易市场|seller_raw:517171||market_item.xlsx|茶马古道|seller_raw:/shop/423578,valid,positive_candidate
blind_efb675683fdec4ea3efd,market_item.xlsx|中文暗网交易市场|seller_raw:526222||market_item.xlsx|中文暗网交易市场|seller_raw:565793,test,negative_control
blind_dbd14d67b7a83ffdae51,market_item.xlsx|中文暗网交易市场|seller_raw:533307||market_item.xlsx|茶马古道|seller_raw:/shop/10063,valid,positive_candidate
blind_781d2a20d38ecfa27fb6,market_item.xlsx|中文暗网交易市场|seller_raw:536401||market_item.xlsx|茶马古道|seller_raw:/shop/442847,valid,positive_candidate
blind_70fa0ceaf3ff0f01b327,market_item.xlsx|中文暗网交易市场|seller_raw:538752||market_item.xlsx|茶马古道|seller_raw:/shop/397934,valid,positive_candidate
blind_b00dbb5271536a98f2b7,market_item.xlsx|中文暗网交易市场|seller_raw:540313||market_item.xlsx|茶马古道|seller_raw:/shop/434041,valid,positive_candidate
blind_702fddf80aab2f4eeb80,market_item.xlsx|中文暗网交易市场|seller_raw:547630||market_item.xlsx|茶马古道|seller_raw:/shop/402218,valid,positive_candidate
blind_2abc42904c2fbc68443d,market_item.xlsx|中文暗网交易市场|seller_raw:54824||market_item.xlsx|中文暗网交易市场|seller_raw:58725,test,negative_control
blind_da5b238f09deb2a1cd00,market_item.xlsx|中文暗网交易市场|seller_raw:549434||market_item.xlsx|茶马古道|seller_raw:/shop/403136,test,negative_control
blind_f50d639bfc57a652bb32,market_item.xlsx|中文暗网交易市场|seller_raw:564088||market_item.xlsx|茶马古道|seller_raw:/shop/9636,test,positive_candidate
blind_8e1d3572c26928dc02e4,market_item.xlsx|中文暗网交易市场|seller_raw:564091||market_item.xlsx|茶马古道|seller_raw:/shop/3501,test,positive_candidate
blind_ef3c1aed442131421216,market_item.xlsx|中文暗网交易市场|seller_raw:564091||market_item.xlsx|茶马古道|seller_raw:/shop/9484,test,positive_candidate
blind_9c04241473267ec77439,market_item.xlsx|中文暗网交易市场|seller_raw:573258||market_item.xlsx|茶马古道|seller_raw:/shop/455140,valid,positive_candidate
blind_81b25fed185ecbb19c7e,market_item.xlsx|中文暗网交易市场|seller_raw:582675||market_item.xlsx|茶马古道|seller_raw:/shop/426103,valid,negative_control
blind_6142101f577b79ad7ee0,market_item.xlsx|中文暗网交易市场|seller_raw:586118||market_item.xlsx|茶马古道|seller_raw:/shop/403136,test,negative_control
blind_a1ebceb0b7b260112717,market_item.xlsx|中文暗网交易市场|seller_raw:58725||market_item.xlsx|中文暗网交易市场|seller_raw:70335,test,negative_control
blind_a327585207c33f41c687,market_item.xlsx|中文暗网交易市场|seller_raw:591348||market_item.xlsx|茶马古道|seller_raw:/shop/433218,valid,positive_candidate
blind_0a67617e78f5482d09e4,market_item.xlsx|中文暗网交易市场|seller_raw:592056||market_item.xlsx|茶马古道|seller_raw:/shop/406792,valid,negative_control
blind_8dd394939cac1a9cf0f8,market_item.xlsx|中文暗网交易市场|seller_raw:593068||market_item.xlsx|茶马古道|seller_raw:/shop/442431,valid,positive_candidate
blind_6d19df89ca048eb94521,market_item.xlsx|中文暗网交易市场|seller_raw:595227||market_item.xlsx|茶马古道|seller_raw:/shop/9636,test,positive_candidate
blind_4cd6b3938c6aaed59426,market_item.xlsx|中文暗网交易市场|seller_raw:595229||market_item.xlsx|茶马古道|seller_raw:/shop/9636,test,positive_candidate
blind_04e931b0ff29da072f77,market_item.xlsx|中文暗网交易市场|seller_raw:595944||market_item.xlsx|茶马古道|seller_raw:/shop/439854,valid,positive_candidate
blind_33f77f8881576544f0eb,market_item.xlsx|中文暗网交易市场|seller_raw:596055||market_item.xlsx|中文暗网交易市场|seller_raw:7689,test,negative_control
blind_b021e8ac332c51d23a35,market_item.xlsx|中文暗网交易市场|seller_raw:596149||market_item.xlsx|中文暗网交易市场|seller_raw:605004,valid,negative_control
blind_0f614b42a8469f7fd990,market_item.xlsx|中文暗网交易市场|seller_raw:596149||market_item.xlsx|中文暗网交易市场|seller_raw:605180,valid,negative_control
blind_ce610b0cd47f40d9dcbe,market_item.xlsx|中文暗网交易市场|seller_raw:596149||market_item.xlsx|中文暗网交易市场|seller_raw:606193,valid,negative_control
blind_c46aba1f1f8adb8b2eaa,market_item.xlsx|中文暗网交易市场|seller_raw:598691||market_item.xlsx|茶马古道|seller_raw:/shop/455140,valid,positive_candidate
blind_abac0520f44a35fd3698,market_item.xlsx|中文暗网交易市场|seller_raw:60395||market_item.xlsx|茶马古道|seller_raw:/shop/438114,test,negative_control
blind_7697155e91a55d1ce6a4,market_item.xlsx|中文暗网交易市场|seller_raw:604051||market_item.xlsx|中文暗网交易市场|seller_raw:99981,valid,positive_candidate
blind_7d3b4500356b7a1843fb,market_item.xlsx|中文暗网交易市场|seller_raw:605004||market_item.xlsx|中文暗网交易市场|seller_raw:605180,valid,negative_control
blind_ecdef0365bc67de5766a,market_item.xlsx|中文暗网交易市场|seller_raw:605004||market_item.xlsx|茶马古道|seller_raw:/shop/447283,valid,negative_control
blind_657356dd4bb277ce49de,market_item.xlsx|中文暗网交易市场|seller_raw:605180||market_item.xlsx|茶马古道|seller_raw:/shop/461572,valid,negative_control
blind_f4aacfbee062c5007590,market_item.xlsx|中文暗网交易市场|seller_raw:605194||market_item.xlsx|茶马古道|seller_raw:/shop/441160,valid,positive_candidate
blind_c4c0d5081473fcb934d9,market_item.xlsx|中文暗网交易市场|seller_raw:606036||market_item.xlsx|茶马古道|seller_raw:/shop/461572,valid,negative_control
blind_a3e1f7ec8988b8313385,market_item.xlsx|中文暗网交易市场|seller_raw:610888||market_item.xlsx|茶马古道|seller_raw:/shop/439789,valid,positive_candidate
blind_57df51d05936f5ae6787,market_item.xlsx|中文暗网交易市场|seller_raw:635957||market_item.xlsx|茶马古道|seller_raw:/shop/6409,valid,positive_candidate
blind_7a6561dcf8c09f335bbc,market_item.xlsx|中文暗网交易市场|seller_raw:70936||market_item.xlsx|茶马古道|seller_raw:/shop/412259,valid,negative_control
blind_ab7fcb34362b8a475e7f,market_item.xlsx|茶马古道|seller_raw:/shop/2569||market_item.xlsx|茶马古道|seller_raw:/shop/609,test,negative_control
blind_3d5d6ca5c0d13a371b56,market_item.xlsx|茶马古道|seller_raw:/shop/271||market_item.xlsx|茶马古道|seller_raw:/shop/406589,test,negative_control
blind_a945f1a812e348ca0fd9,market_item.xlsx|茶马古道|seller_raw:/shop/338||market_item.xlsx|茶马古道|seller_raw:/shop/445058,test,negative_control
blind_9ee05dc7e47f4705d783,market_item.xlsx|茶马古道|seller_raw:/shop/3501||market_item.xlsx|茶马古道|seller_raw:/shop/9484,test,positive_candidate
blind_7124bed0577aabf4e8d3,market_item.xlsx|茶马古道|seller_raw:/shop/393682||market_item.xlsx|茶马古道|seller_raw:/shop/7106,test,negative_control
blind_7f1a8cb7e002de42f588,market_item.xlsx|茶马古道|seller_raw:/shop/393736||market_item.xlsx|茶马古道|seller_raw:/shop/8843,test,negative_control
blind_669b7fb795cad3706ffa,market_item.xlsx|茶马古道|seller_raw:/shop/394520||market_item.xlsx|茶马古道|seller_raw:/shop/455899,valid,negative_control
blind_40eba5802c0d19b06d1f,market_item.xlsx|茶马古道|seller_raw:/shop/396011||market_item.xlsx|茶马古道|seller_raw:/shop/416838,valid,negative_control
blind_8004239808848b9d6fa8,market_item.xlsx|茶马古道|seller_raw:/shop/396538||market_item.xlsx|茶马古道|seller_raw:/shop/409272,valid,negative_control
blind_4cc855203b890749f1c6,market_item.xlsx|茶马古道|seller_raw:/shop/397616||market_item.xlsx|茶马古道|seller_raw:/shop/398592,valid,positive_candidate
blind_cb625332c53dc79c5c2f,market_item.xlsx|茶马古道|seller_raw:/shop/399554||market_item.xlsx|茶马古道|seller_raw:/shop/446568,test,negative_control
blind_bd581773915aa9102cdf,market_item.xlsx|茶马古道|seller_raw:/shop/400128||market_item.xlsx|茶马古道|seller_raw:/shop/441741,test,negative_control
blind_2bef55e3f73b4b1d35e8,market_item.xlsx|茶马古道|seller_raw:/shop/400324||market_item.xlsx|茶马古道|seller_raw:/shop/400380,test,positive_candidate
blind_21e3164fd294b671e760,market_item.xlsx|茶马古道|seller_raw:/shop/402000||market_item.xlsx|茶马古道|seller_raw:/shop/424080,test,negative_control
blind_f0addfecb8cfef89b3df,market_item.xlsx|茶马古道|seller_raw:/shop/402037||market_item.xlsx|茶马古道|seller_raw:/shop/6332,test,positive_candidate
blind_4ec770253d5d53a0b52a,market_item.xlsx|茶马古道|seller_raw:/shop/403489||market_item.xlsx|茶马古道|seller_raw:/shop/431483,test,negative_control
blind_dff52b3a89d7de355131,market_item.xlsx|茶马古道|seller_raw:/shop/405043||market_item.xlsx|茶马古道|seller_raw:/shop/417919,test,negative_control
blind_54f5d863a8d9d5c4b81d,market_item.xlsx|茶马古道|seller_raw:/shop/406486||market_item.xlsx|茶马古道|seller_raw:/shop/407157,test,positive_candidate
blind_f6c36e64a2f41fc68600,market_item.xlsx|茶马古道|seller_raw:/shop/406792||market_item.xlsx|茶马古道|seller_raw:/shop/433442,valid,negative_control
blind_419c515b503c27779834,market_item.xlsx|茶马古道|seller_raw:/shop/407049||market_item.xlsx|茶马古道|seller_raw:/shop/442431,valid,positive_candidate
blind_8eff7ba17f75aa570863,market_item.xlsx|茶马古道|seller_raw:/shop/407049||market_item.xlsx|茶马古道|seller_raw:/shop/444654,valid,positive_candidate
blind_b52b8271bf637b9dac4a,market_item.xlsx|茶马古道|seller_raw:/shop/407049||market_item.xlsx|茶马古道|seller_raw:/shop/462498,valid,positive_candidate
blind_04e5d048fed8175eac36,market_item.xlsx|茶马古道|seller_raw:/shop/409272||market_item.xlsx|茶马古道|seller_raw:/shop/9838,valid,negative_control
blind_995f73feab1ce21a58ac,market_item.xlsx|茶马古道|seller_raw:/shop/410559||market_item.xlsx|茶马古道|seller_raw:/shop/413373,test,positive_candidate
blind_4bf5b4cd9dcf4e7fc318,market_item.xlsx|茶马古道|seller_raw:/shop/411999||market_item.xlsx|茶马古道|seller_raw:/shop/440846,test,negative_control
blind_9d23773e9532f5bbc00e,market_item.xlsx|茶马古道|seller_raw:/shop/414476||market_item.xlsx|茶马古道|seller_raw:/shop/437655,test,positive_candidate
blind_a4da899a012151f4a1a5,market_item.xlsx|茶马古道|seller_raw:/shop/414476||market_item.xlsx|茶马古道|seller_raw:/shop/466869,test,positive_candidate
blind_05bb3b6a280867225aa1,market_item.xlsx|茶马古道|seller_raw:/shop/414687||market_item.xlsx|茶马古道|seller_raw:/shop/415669,test,negative_control
blind_9dad0782b79d08e78208,market_item.xlsx|茶马古道|seller_raw:/shop/414692||market_item.xlsx|茶马古道|seller_raw:/shop/466869,test,positive_candidate
blind_445d35643db5f1762aa6,market_item.xlsx|茶马古道|seller_raw:/shop/415759||market_item.xlsx|茶马古道|seller_raw:/shop/421078,test,positive_candidate
blind_aa058206506828278a38,market_item.xlsx|茶马古道|seller_raw:/shop/416187||market_item.xlsx|茶马古道|seller_raw:/shop/419918,test,positive_candidate
blind_46f4ff509d9bc9b215ea,market_item.xlsx|茶马古道|seller_raw:/shop/416838||market_item.xlsx|茶马古道|seller_raw:/shop/422698,valid,positive_candidate
blind_230152acadf55bbc5e52,market_item.xlsx|茶马古道|seller_raw:/shop/417184||market_item.xlsx|茶马古道|seller_raw:/shop/436577,valid,negative_control
blind_8768ca2044798d0a0d4c,market_item.xlsx|茶马古道|seller_raw:/shop/417948||market_item.xlsx|茶马古道|seller_raw:/shop/443512,test,negative_control
blind_ecec327b08e83bdb2daa,market_item.xlsx|茶马古道|seller_raw:/shop/418181||market_item.xlsx|茶马古道|seller_raw:/shop/438380,test,negative_control
blind_11eec78e276d43f361d3,market_item.xlsx|茶马古道|seller_raw:/shop/418985||market_item.xlsx|茶马古道|seller_raw:/shop/423102,valid,negative_control
blind_54313fc61089f157ad67,market_item.xlsx|茶马古道|seller_raw:/shop/418985||market_item.xlsx|茶马古道|seller_raw:/shop/439702,valid,negative_control
blind_24688b0c0055a863ec93,market_item.xlsx|茶马古道|seller_raw:/shop/419606||market_item.xlsx|茶马古道|seller_raw:/shop/456412,test,negative_control
blind_3d6c3376b6c2082ffcba,market_item.xlsx|茶马古道|seller_raw:/shop/421090||market_item.xlsx|茶马古道|seller_raw:/shop/464047,test,negative_control
blind_6817e418c1e8bd0f4451,market_item.xlsx|茶马古道|seller_raw:/shop/421560||market_item.xlsx|茶马古道|seller_raw:/shop/458931,test,positive_candidate
blind_f47ab2adb5639e12b380,market_item.xlsx|茶马古道|seller_raw:/shop/421728||market_item.xlsx|茶马古道|seller_raw:/shop/434089,test,positive_candidate
blind_c75ab0e9d7705ef9896c,market_item.xlsx|茶马古道|seller_raw:/shop/421728||market_item.xlsx|茶马古道|seller_raw:/shop/437791,test,positive_candidate
blind_6431aa423ecbe8865deb,market_item.xlsx|茶马古道|seller_raw:/shop/422163||market_item.xlsx|茶马古道|seller_raw:/shop/5950,test,positive_candidate
blind_ab0c4af5ed485eba90a3,market_item.xlsx|茶马古道|seller_raw:/shop/422413||market_item.xlsx|茶马古道|seller_raw:/shop/455899,valid,negative_control
blind_f8ba4f3e7368f22e15be,market_item.xlsx|茶马古道|seller_raw:/shop/422791||market_item.xlsx|茶马古道|seller_raw:/shop/445671,test,negative_control
blind_ff4f35073cdada5abe5d,market_item.xlsx|茶马古道|seller_raw:/shop/424569||market_item.xlsx|茶马古道|seller_raw:/shop/433338,test,positive_candidate
blind_8eb5c71d936e2763ae1a,market_item.xlsx|茶马古道|seller_raw:/shop/426271||market_item.xlsx|茶马古道|seller_raw:/shop/452669,test,negative_control
blind_c938a4d65a046f0efc56,market_item.xlsx|茶马古道|seller_raw:/shop/426822||market_item.xlsx|茶马古道|seller_raw:/shop/428039,test,negative_control
blind_3790b0f60991f42a52d1,market_item.xlsx|茶马古道|seller_raw:/shop/427847||market_item.xlsx|茶马古道|seller_raw:/shop/466436,test,negative_control
blind_bb0acdd87ff2349b8f03,market_item.xlsx|茶马古道|seller_raw:/shop/428039||market_item.xlsx|茶马古道|seller_raw:/shop/436689,test,positive_candidate
blind_09c450de330c51b6dac2,market_item.xlsx|茶马古道|seller_raw:/shop/428039||market_item.xlsx|茶马古道|seller_raw:/shop/438208,test,positive_candidate
blind_5467d3e6fa322b3b2c70,market_item.xlsx|茶马古道|seller_raw:/shop/428039||market_item.xlsx|茶马古道|seller_raw:/shop/438537,test,positive_candidate
blind_83adc0b1d488340d89ba,market_item.xlsx|茶马古道|seller_raw:/shop/428039||market_item.xlsx|茶马古道|seller_raw:/shop/441741,test,positive_candidate
blind_820e934584f9805efb44,market_item.xlsx|茶马古道|seller_raw:/shop/428560||market_item.xlsx|茶马古道|seller_raw:/shop/428784,test,positive_candidate
blind_db771821049c59c4c1cc,market_item.xlsx|茶马古道|seller_raw:/shop/428787||market_item.xlsx|茶马古道|seller_raw:/shop/7157,test,negative_control
blind_db557e3016c6bb03e4b4,market_item.xlsx|茶马古道|seller_raw:/shop/430880||market_item.xlsx|茶马古道|seller_raw:/shop/439807,test,positive_candidate
blind_a19fe50c66da490a16e5,market_item.xlsx|茶马古道|seller_raw:/shop/432919||market_item.xlsx|茶马古道|seller_raw:/shop/8466,test,positive_candidate
blind_ab7aaf718d81b0205ef8,market_item.xlsx|茶马古道|seller_raw:/shop/433600||market_item.xlsx|茶马古道|seller_raw:/shop/439425,test,negative_control
blind_83e57ebccbc759add338,market_item.xlsx|茶马古道|seller_raw:/shop/434211||market_item.xlsx|茶马古道|seller_raw:/shop/452236,test,negative_control
blind_cddd3794b3ad98a2c8d0,market_item.xlsx|茶马古道|seller_raw:/shop/436008||market_item.xlsx|茶马古道|seller_raw:/shop/454245,test,positive_candidate
blind_ce03bc95b743f2688a64,market_item.xlsx|茶马古道|seller_raw:/shop/436689||market_item.xlsx|茶马古道|seller_raw:/shop/438537,test,positive_candidate
blind_e21be68482e287adff53,market_item.xlsx|茶马古道|seller_raw:/shop/437655||market_item.xlsx|茶马古道|seller_raw:/shop/466869,test,positive_candidate
blind_a91362d5b6d1c3b6aedc,market_item.xlsx|茶马古道|seller_raw:/shop/438208||market_item.xlsx|茶马古道|seller_raw:/shop/438537,test,positive_candidate
blind_18d41284a02c73e05a20,market_item.xlsx|茶马古道|seller_raw:/shop/439380||market_item.xlsx|茶马古道|seller_raw:/shop/461801,test,positive_candidate
blind_f22241187416ba28c337,market_item.xlsx|茶马古道|seller_raw:/shop/440109||market_item.xlsx|茶马古道|seller_raw:/shop/458500,test,positive_candidate
blind_fd1e5249aa10a01ab81b,market_item.xlsx|茶马古道|seller_raw:/shop/440178||market_item.xlsx|茶马古道|seller_raw:/shop/441616,test,negative_control
blind_0f59de476052ded92ba4,market_item.xlsx|茶马古道|seller_raw:/shop/440429||market_item.xlsx|茶马古道|seller_raw:/shop/445120,valid,negative_control
blind_a0599d761bb343c38b4c,market_item.xlsx|茶马古道|seller_raw:/shop/441020||market_item.xlsx|茶马古道|seller_raw:/shop/451007,test,negative_control
blind_13ee14c78ed24d09dfde,market_item.xlsx|茶马古道|seller_raw:/shop/442431||market_item.xlsx|茶马古道|seller_raw:/shop/454420,valid,negative_control
blind_d76c4d08eb1771a9d9c7,market_item.xlsx|茶马古道|seller_raw:/shop/442431||market_item.xlsx|茶马古道|seller_raw:/shop/462498,valid,positive_candidate
blind_18b578ce28388e4c904f,market_item.xlsx|茶马古道|seller_raw:/shop/442661||market_item.xlsx|茶马古道|seller_raw:/shop/462498,valid,positive_candidate
blind_dd6d259f97fff7f1d1f4,market_item.xlsx|茶马古道|seller_raw:/shop/444530||market_item.xlsx|茶马古道|seller_raw:/shop/461246,test,positive_candidate
blind_99ea5535427a320ce176,market_item.xlsx|茶马古道|seller_raw:/shop/444654||market_item.xlsx|茶马古道|seller_raw:/shop/459141,valid,positive_candidate
blind_848eff81179043006fe2,market_item.xlsx|茶马古道|seller_raw:/shop/444945||market_item.xlsx|茶马古道|seller_raw:/shop/8633,test,negative_control
blind_21292a9a80b386cd2c91,market_item.xlsx|茶马古道|seller_raw:/shop/445108||market_item.xlsx|茶马古道|seller_raw:/shop/448185,test,positive_candidate
blind_fe0bf21fa70359b13f15,market_item.xlsx|茶马古道|seller_raw:/shop/448519||market_item.xlsx|茶马古道|seller_raw:/shop/9644,test,negative_control
blind_a79e6b068d6c0f585794,market_item.xlsx|茶马古道|seller_raw:/shop/448586||market_item.xlsx|茶马古道|seller_raw:/shop/449500,test,negative_control
blind_b8690f45c3a92f260728,market_item.xlsx|茶马古道|seller_raw:/shop/452097||market_item.xlsx|茶马古道|seller_raw:/shop/452596,test,positive_candidate
blind_b9c0a139f9a116d3e5c0,market_item.xlsx|茶马古道|seller_raw:/shop/453789||market_item.xlsx|茶马古道|seller_raw:/shop/463206,test,negative_control
blind_28d880fab9d6ed372953,market_item.xlsx|茶马古道|seller_raw:/shop/454497||market_item.xlsx|茶马古道|seller_raw:/shop/454507,test,positive_candidate
blind_c9cb957de91b37bdefed,market_item.xlsx|茶马古道|seller_raw:/shop/457836||market_item.xlsx|茶马古道|seller_raw:/shop/458601,test,positive_candidate
blind_4cca3b56a0fcb664d42f,market_item.xlsx|茶马古道|seller_raw:/shop/459141||market_item.xlsx|茶马古道|seller_raw:/shop/462494,valid,positive_candidate
blind_8007bdbeb9d833c52a27,market_item.xlsx|茶马古道|seller_raw:/shop/460561||market_item.xlsx|茶马古道|seller_raw:/shop/468677,test,positive_candidate
blind_ee0a6897bb835fb807cd,market_item.xlsx|茶马古道|seller_raw:/shop/461297||market_item.xlsx|茶马古道|seller_raw:/shop/8466,test,positive_candidate
blind_8d8e38f87482919fb0de,market_item.xlsx|茶马古道|seller_raw:/shop/463317||market_item.xlsx|茶马古道|seller_raw:/shop/463398,test,positive_candidate
blind_1a8632a735d08d8319c1,market_item.xlsx|茶马古道|seller_raw:/shop/463920||market_item.xlsx|茶马古道|seller_raw:/shop/593,test,negative_control
blind_8f9f205ac81f5b262599,market_item.xlsx|茶马古道|seller_raw:/shop/7275||market_item.xlsx|茶马古道|seller_raw:/shop/7449,test,positive_candidate
