query_account_uid,split
000b8ae950b960e877fe83e16949d933054c388664939dc9c7c49683a5ab2d16,train
00583ae69e0313c05c91d8e557f2542f15046aff6a0a26f67a45aa2241ebe978,train
00701789844403c36de411dc5c2cb39bcb1389945f5443f72b286f252010d632,train
00ab44d7fb7a1c1e1b627e625fa359bdacbe60879676df90d51eeb09cda4f0b6,train
00b2f4bf2a9298174c41674865f2dc2636b9899ef7365a059907c145ecc377c3,synthetic_audit
00f48dd0fab7cf40e8c35a7698ba35eb3eb3dbdc6e9e613bfbf65a13c524b0f9,development
01356b3c038337fc584d8dff262c6330ff39b8954b8067b32ea45ba127ae1770,development
013937e42d3db0df42d58bbc9aa3428f52cd99fe390f879e499f5c6cf150f3f5,train
01460970779e8d9104751f4621fb8e85aa5df2540e48e80d7cb8ee8b149267ba,synthetic_audit
01efd75b8a7d4217a89e41d94071955cdd7667565d54962139e20285bec995f1,train
0257910c06a39a5528b91f7e53b4e1f3d2797e07e63cf7c18329030ec5fcc907,development
02636d10e17b7815fb354c8541d1f799e750b73f6a798eb2cffd80fc9ec65bc1,train
026ff2d5d2f8fbfcebbfed178d5de1e2eaeace828156a4159b19729ddbd98c94,train
027629ee5a3b0407a315a889f4ab7b3afb361fe507e84a4ab6ac9d1d60c9fb1f,train
02a11283a9ef4d53c661c417c5bf6d9e262c5ec7312881f26c9a5ab4791f00cf,train
02a1966a17cea31bc0abba1729e2fc8bcbb58180774ea26442a17457c566b5ec,train
02ace9582c5d04b53bdc6a809b7e4b2960670eeac8d052673f88dd65360caf3b,synthetic_audit
02cc1c197bf42747da736de49aa840134ec4ba71a883946c66c1b6744a808363,synthetic_audit
02e844447ea9ba3976aeb5daae9372dde3f18a306d379ac73e0682bbfa3e9eb4,train
031a1b695399212fff7e6fb0e30b05b8f76c6871ce4a345262ca284a6403e75d,train
034ecf6869e114beddaacb12da7214913e88884ea476945253e6e6d54e794486,development
040bf6c26042734c858f378c1f48ac44a8203223de17839e51ad75efaac34577,synthetic_audit
043c21e01d8658f3839b95a3ad36c63b779e01292bc0f362b18b3e7aa64acb8d,development
047796e4e55bc80d07d6e7c3e1bb7ea351fb98d307c7ed7f19ba4eee7599c8af,train
048f4353fa25b695326f5fc5db8d02b122f130f3e47ccf992d212f80f14bd24f,train
06383c83a406904c45537f83cdf06f9b73deb2f338cc6b0c4f651dfee1c09d94,synthetic_audit
06e4a0f304efcb1ead31318b8ab8161fbff9700d905ce0ad3a507a0e305c92bb,synthetic_audit
087064cf8058b2c15dc1e4c565504ce1a65c7057514188d7c0b610c5f6999295,train
087116025ddee09159aa8a055d5f0134a0d9099683b145929887af838461310e,development
08aa03e2daccdb83cdc007ed69f8173aa29d2f6908ed16d8b1715727d7bd769a,train
092ea05769798c85d2cdac05ba1f4b5eb70d9d56eb4a758f2d6600d7f554a28d,train
09b0e1863e72844506667741e523727e145e7469581feea8d704edd054316311,train
09b9045ce8a5e5258287c7cb4c1fc8584514e429c92850f043ec5d468a14e891,development
09d56c525db882924fe438634ddadbbad4c0ec6d46d740a09a3e13d47950a463,synthetic_audit
0a44fdbb796c7442b071355ac7bb20d0be78a4194be3ec1390e450d1ae73134e,train
0a5905f561de02ff1f7efb8b34ade8c9b98eec2bea7b1108244a093127da1b29,train
0a6243e80d8329dc33ca77c1d729f67cb6aad35c707e18f9c25b4cfe1b16bd9e,synthetic_audit
0a7222c929dcaf2b75e7bbc4821076c0c53bf90027cafbfb8688cbc8495bfc40,train
0a808b05987d9221978eb086b01c9f50ecf9d52d24473f428f6b45ad70483d33,train
0a81ffc72a2b73192a5e48ecb79f33cb61aef98cef2e97ea404a4ca1052bd848,development
0ad419d3c9dabf8ac1f2e933d485287219960af6ef9bc108d4b9c1d49a0548df,train
0b45213faa937e6213b22c05c3cc5d4523f8b6b8d5024cd8a8ccf24a471763e4,development
0b78640a36a72eaa7c7f3f1f44c200a9db9564c3b2cbde8c6c6cbf1d2f4c42c5,synthetic_audit
0c083736fb400d3199e013757298829993dc6592456aa128bbb111e4b8240d94,train
0ca0f28d51ba9dbbd1816bd6b8f58a5ebd3340d8267ecdf50d43c3d4aa0f6e6f,train
0cccdd9dc322826385404cc6f37dfd84b892f47b69286ee034b28ae2cd8ed680,train
0cd7e82b2c06f8708411bc13f8606fdcdd528ec6d04738cf24bab2dab4900e9e,synthetic_audit
0cd83c15efe53695d3e29c671e51557014ab87652dac111b10de037ffe775b42,development
0cec3ab7af06939f77ee73ece9d525deb9847d7cc15b7ecfa3d746a81e8dee47,synthetic_audit
0d08f8fdec036bb1a461cc30d24634947e6fe99f00cd8c2a15b9d1c0c0000245,synthetic_audit
0d2f520bbcd6bfdf2058ae8ecdbb5f1866731519ca949de1f4d3cb7a38c43d38,train
0db883dbeda5cec4417ef24817d8502a844101ac5360bb302800c694a2c6ffe4,train
0e31f8d459c30e2ee06271f43cdc9debd82eab05ef7aa7cfa67b96257e86840f,train
0e324b468fbf660f3845b6875aee1121d01602e746f7e38b9829a8839e1fea5e,train
0e4950b759813f6e6c0e6e17b63ceeba3cc08ec17878ba20b4b922b143bcccda,train
0f365717799e7cb7a31119abd6d70a8ff45a662e2b97a855842ef920fb7bfc8b,train
0f422476f9ab368337abede1d8645c2c93d7ec3a37c03465dcc0b87535ec61e6,synthetic_audit
0f488f60ce36ddce8391fcdf377e8b953d93065f14e67f7176be7f0caae3cd3c,train
0f607119ad7b92175a4975c8fa0ccf4025aeed7ca294d681d6e1e9e61bdfd233,development
0f6a70b436c10df735d3b4cf25c6e9edea7af3270cb261c5d19a7fb524595305,train
0f740c3083e32f16b0efa908aa1df6eb817f6a2506e826d9262406fe90a70061,train
0faec47fb89af295289cdf790555da05c267213a4fb9665a7ab1fcbb68e25085,train
0fc845ca5dd4f6b4f2e919af35e1217e74e4405238148cfe529794ac700321f1,development
0feec023a6bd66a5aed143ab9c21632581bcbdf736ee4585e15e947d958054ef,train
10029b80abf18cbfc1b8c6829c2386e9b319e855bbfd750efc477d72b369c09e,train
101362449010de4fafa0f605253d103cfb07c5b89272771a2b4c1931a35cb194,train
1061415be7f21db7257133616265acc1ee242f6d902d9679dee957f9ff80135e,train
1065f9d6cce43232ad472968717a6212d67e647d9bbd99e5f5968b22132e43f7,train
116793660f138ee6b50286fcd30508f0e4088f8004d71beb98be853eda32484d,synthetic_audit
11b54b65be00dfa4169ed45d73bc10e5d41f9558466fa88c329dbb8e1986b4d7,train
11b747173a935d79630bdd8ca3cdd944bf6a7db1e3db6fc02e63a72b1d7dda03,train
11f60be92339c86ddae9b0b9d8e15ef627d5565ad209a185fe7a625ca6a908d1,development
1203611ed4494992cf948d5018497ac914570b6e03ec80c0c6dbfe69cb2fd75f,synthetic_audit
122727937a07a66be2ded362e8f0f1490f6fff858c817c1dbea21ee14b918728,train
1229e9e073184569b47afb18c8255420ca77a541a19d4d9c5c49f92ccb330180,train
1277d1b980e0f38e9cb679c78a4fc414772632349d4bf7992f77dce396f14f99,train
12bd0d4edea1bc68852bf1d6b2c368c56d239e215068ec32bf55506d84b315d6,development
12fed326e9c3b29bf20cb4917120b5c4e66fdd712d400b0072d2dd6e8acbd6f5,development
13ea663313161c6350e80e53b783c50ae69bb9ee4a1d5ccf2b500808e1db40dd,train
13eb64d5187b8883e3365aefe39697b55e929ae0820066d2f26b86620854820a,development
14b89b1dbb615f848548bd8daac0c72511d25c6f85a29168081dec23a617d3b8,train
152a5b06587adaf3c9cd9b56cf98f29ed9b68aec3dc0381322336c6b840fa17c,synthetic_audit
152fceb542be3121ea92dbbe86b4da31a1af655305cda1dc8cf22473e56e9fdf,train
157220f12392460c642579f5edeb78569d6d223d9e577561c55c46b7cf705637,development
164a66ad88455a1808d2f188caa85def3e49c244b88cd2d13cb596a31750c293,train
16802fd12b2f36eac5f27c078f2b6b2e8d00d7a90414087cb5385c7412cc9868,train
168a0e4442ef78f9f6c4cd041ea6e7365dea3ca1ae1c7cbc74aea1d036458e16,synthetic_audit
16c46822946abfe77a5b0d83756c32926e80cd1be5ed42672efa3c6efbe6644e,train
16fa8a5f173f813c259665abae257a3576c43d6be7c2355714167dc4d7282531,train
1731f501369b6a014647b7e4a999344e77a4d66fa2768df56519d8c84e464748,synthetic_audit
1773f0b2d05b79b30c1adf2f5a82ecb97208f3b0072eeb41c308e04b2425380d,train
17913a974ca4a180fb712348932a4bcd8e90105ef8fa63346f9976b9467e7fbe,synthetic_audit
17e0559099255d35df7ff62d5552539d28581d9be7d515cdee5ae1fe82d7eb77,train
17e6d1dfab8a4a2b4a38b096a76ea11cc8018473c76ebe4059ee85dd9ff0c98f,synthetic_audit
181d3001b64558f5966d315d55a8ddbd59f3dbfa987e5758673ba3a5c1f3eb45,train
18315eaa01212c3aa12f841d3540ec13928485087d30fd1c3ff3a21a36598608,train
186f18b16587125f36020496db050dac7b91e2369cd6a2fde7d5158496498870,train
18791180281d2a648d15ee249fb4f941902ef8df15d532798cd60b45c0a7b9c1,train
18b169e255857f7bf955b2d000571c1b0c3ddd7f20c3f48507346a1086847d7a,train
18c974c2da178d8c950501c17ee2f75b4036c4ad79baab8b694e3caba3bceb37,train
18ff97db43dea13ccc86c0f97770d9e94eb1785128b4b2e082f51965487cdbd8,development
19034c50b595ef538ee1d469b82b31b7290a306a9e9a4c91e4c468d31023f80a,train
198a347f64ae0e2d2edd353a59d0753e60c1bbe884a4fe78e231651806224ede,train
19b5b18e4010ca38651448a97b270516424dfa454685dd39543b7b7571c9e3af,development
1a3eb1253970fcbde1b9a14b75ec615a4bc39b00443b8e85b56012203a97484c,synthetic_audit
1a5de370b96e8a9bf3bd4f3a96ff3125aa3fbaaf0249266c8c24c30d634843af,train
1a6148e4010fbd7faf3dbd0787c800c032555b3713423bd4f996b4ba93aca41a,synthetic_audit
1a64d4544aef337a5d98a08d8cc60e41c0edbca07a7605053ab5d4c61004d97e,train
1abc5444ebead15d62aaf7793f9c3faca9f1c4388cd74acd95055e7a3189e432,train
1affb490853cb9414c42a09864ef7cffdf112435d1943f21675d9ed8f824d015,train
1b01e0bb51b044345ddf1bb24168845b069edf5b940efb02a0be95763a14c5a5,synthetic_audit
1b3d9c727e6fa1ef89b1989d6228c7c33fed53708b25a579cf33db1f6c40fd0f,train
1b5f28d4790a939ecabbc507cb91d74314833ff89b6abb579d0f74f43e9f2eb5,development
1b74e3edc9e21ba9479efd35fec7e5217ea272c3dd02efe13255fa7348960cd5,train
1c387c2c11b415eedb39556d7747b478bca48bd52bc25ddaec6058bd8da4a814,development
1c3d4fbce8fbfb9858a5c7a02821e0ba672e2b2c972718e793a0f4ab4d428030,development
1c70caf6f79574ae8d83dd89a36189c7d5baf1f8f0609e0536a6287eb264d735,train
1ca3ef0545d4ccb4e94d41c4c6fda5dd1cda8cca8e4a05f335c0117e032aa2b3,train
1ce34d4316461feed3ffd8d2273753937e567986ebed441d671c299e0d78c380,development
1d2a50d6b5e21b4f482763e56e8d51fec1d1e611109dcccc59db35c0025eb717,train
1ea74ce44a0475f6bdb7862ba40a739b16d48c162a2ac157cabb8948c164a694,train
1eaa860fd6581b92c75b8d125e0355e4386f4acbf9b78d6d71e4f8779fdff871,development
1ed034e61b625c881c9400ab45df67ef63eaf7209759eed0c8d0bdd00d8d63c8,development
1efd740903a2c2c9fc5791fc29c8281385b4611ce99768444b811906f1a996b9,development
1effecb00516cdeef02a45ae2517659991b63fe118bc47fd375d8c3a275f790b,train
1f1199c1853ececa725d277caf0b4f2854672eec586e9fd9659735e4ec43c688,synthetic_audit
1f13dec6ab63a8b9e96416a60ac29140df50e635eba207d6347c3b1810b22b78,train
1f1c7b4c5eb26ce1b37c7bb994007c09ef1d39d5d9ef2c7c5e26caaf513a99f3,train
1f38517e01ecf160f5858a01e38b9a5b35fb9fb9302f6926c74abfe9a94cab26,synthetic_audit
1f3a7eb38054c0534ac8cfbc36cc320f24bab09680f265e60c7ef9b3e6db2de7,train
1f959bc8d6028beec5be4a9a96ca769f0023cc4e04173db1599ef1cd3003be0b,train
1fadb2480362a8724a07780172a36ce30010bf787bac198cc58b6b15c1a68aad,synthetic_audit
1fbc0c6f9068d208738741fcce0f5826764ac3ff7e06dbb437c17a08a9cb7482,train
1fcd583412fe21facf743e26d0d88a112606ae6d2f7dc0cca09d49dff4f08d77,train
1ffe7e52af44fe2f0b8000de23fe6b5d32274c128d8d1dc9be08f32f547d64d5,train
201eeab20b476ee2bb4774f02120b9bc690b72196b00ce7087a9ec02ab2cb9ee,synthetic_audit
2023cfa7ef8acdc30aa8488abf5e00760613f37734fe4a48baed56f335c49ea1,synthetic_audit
20f3888d4b3addfb3eee84f6eb20db601392afcc70c126b6bf517879af46868c,train
2119be1d530cf071af7f958e28ae4d89b5a4a653cca739664a8b41926a3e4c3e,development
211dad4d4dcbb7ad155eda683ea8bc07445e1198745c6bdeebb9bf3974bb99b9,train
218366238717d3d633a97f3c5a34b590dd9b03e3c9fccb08e2dada386a2b32ec,synthetic_audit
21847ad96a2dbc4732df62e41bf5053e16d65d87db56a22f099253fa74586b1c,train
2200ec9c019710e116e46b4559dcf74f0c7b6a14e994c1f77b118a109f1a939c,train
223782dbe3d7f5ddd456d57179e12e3c0735263525d3826aa59590fb0563b23c,development
2249261bbd886494da9250feb88944b700a14c4e4b9670add3318e7bf871b45d,train
225d397e0145ddab9050a30d1a5d969511b5c4e154eaf2bef71311670b9c5284,train
226cfe9b771b04ddcedf3fe127e4eb6b2f8066933809b7561d91382a4eac6e08,train
22a3c705f84e9ac47520cfb255cfc041fa32ab9e3801a1c10a06d5a971cc2df4,train
22dc1440ed295e4a0067c81d1add3c833f3eeaa70084677ef9d81e2e9e0fe72f,development
22f2d9debb416d0dcbedfeaefd69ddc19d2e37bbd3d584e37bf980ca45ad2509,train
2345c965e3d6529402f036dd6162194504df73091ec1f9286fefc70f3a2f8295,train
2358835dba78c78986cadc2e7b0339b0c2f8f6d5b6bd4d72c328bea6f8538cd8,train
23f6cc2f92712b9a9797d20bda41045189494b4c6c3930359690e4b679976065,synthetic_audit
2404559ba1bb2042ff8de8e31c13736e7278ad097f09325d396d3400ec7231c6,train
241ed86be54b73bdecb9766f6d90e1bd099fac8c7b814dc886026a17eaa43514,train
242b0111001c6498b0936f0badf77335e70ca142cd6f600109bfbb0e61980db3,train
244f7184e663bc7e8dba8add03edbe2b01f06fd77d2028664528b6f2dae9a3f0,train
24518a21004b8094e39d8800eb7d7f1e81bc76f2e3f01c19c32aa8ee8c8d92e7,development
249607be2df64e520a11ed41c468ccbccb5701cd31bb28d0a0e9963bf9c48410,train
24bc233dd2a2d5716efca06b036fd970347ffcbaee6e558fa29ac03423ffec0e,train
25898185af10564cf9c8783b89a940f172b16b5a2b938b81cee22122683eede9,synthetic_audit
259483776cc7e43fe2ee5db477ff754babd1390417ad862ca4a635d54025c4e1,synthetic_audit
25acd7fa6f86374a140d61a087d23f79137428fb88749e941dd48745d0794cfe,train
25e79297985e8134291c74e37b4779b9e689012cce2b6899da4138ff65799017,development
2655fc9b7765a799278603d9796857ad7a6348b23056cdfea6bfa9f72fc32dd4,train
267adce8ebc95e66f97ca5b5a5ab9ca61b9ac9f884f1bec2e27273e187550370,train
26b0efca5647004a1505e805cc32883ab5b188d26144c90b2cb5a4040f3b7e66,train
275f558f7325daf320748dd1dcf071d5b2d00dd4897d5132517e2c9fb436b47d,synthetic_audit
2768719076e9f698dc704f2854a5307deafb37de86f261459888ff5480bd5277,train
27943d9e781d7af48333eb71ae4ba94496cf368ee6ff1d47faf12c5568e3ee4e,train
279f395ba06dcab0529b163bdd51adeb4770ac2b168d8a6a6de6386a8b2acffd,train
27c9e7ddc18dd9cef4b53b27ee84db6540976ac2c4fad4d10ea9e990a259cfb1,train
2874fc915a97e6ad6e7be32ec1541ca8f68add7f50ce63599c4b82c7a781f198,train
2972ae343eb140da62a3ad6df14ce7c045c0129f4e254e9ecf2f101c379fbe4a,train
2a03fce992c73fd41c1af922ecfe9099d750a40fdff6e1895c54638678bb8bef,train
2a352eaf7a1120a9a5527a68ce289d266bc63e1ddb933fcd52284cbf8117ad6a,train
2a57fe379f4ba2cd18d3da7df825c1100c92ed8cb476fcc0ada90fc9fc6a03bd,train
2acf3199ebe5021252f654ba8b1230859ec410953ec26a300e546c719eeacffe,train
2b1f65035843c751b8f3029b861037708faeab26cb301e0068b4d1b707f465d6,train
2bf17429f8ca1d744f6dac8e3e475bb395cb9956b751ede44fe7d1f48690cbda,train
2c39977b59d7e55bdcddfe474be7d9346ec79be16993855b9b48278fba26efed,synthetic_audit
2c46cd7cb8393678796b5f0bd1a2291baa4f8336e15ca6745f0de1bf17fcca7e,train
2cd6d2cd5f080e849faa421c9f7160ce124145045bd3067fddfc9e292a8aef43,train
2cecddad7e8a210e0bedf264a0b4ce809b2f92387ef83fa038baa21983c361ee,train
2cfb27344d6a4bfca804ab576c49a065fb8ebc7a12839705cac412a29f7552ac,synthetic_audit
2d911a30cdb4faacbe32e66db60af360be545be3f448003812e9ea06a1fd6e7e,train
2defd606067771f9f443700f66e1f4e34ef0ce87a815d65668968856c1970322,synthetic_audit
2df653e8dc2749ad1e0ea6bebaead52c0c7d0f5de1e82b9abc75c23b896e309b,train
2e79ccae540a741b1af443af266e57a966405848a234337840c4284317a14dc9,train
2ece5716732bfd91ee134e0b5d87fcd686ce75eddd2499e491e9256ce61e7da9,train
2ecf0f83e177bd036522f9f5f96842abc9779f548fd5e342f9ca1e85184035c4,development
2ef963af0616425c33a17e41b63aea9c876af738cd5737ed1357baa0e2bb39bc,development
2f308f8a2a62d6fe9a2bc521263032ec034e7a9398d6bbab2e8fd2fc16037e6e,train
2f4dbf036f23b677f9ee4c24bae3312bbb5eb662a6850759cd1f6ca8ea67590e,development
2fc6d7a2e65082c7c686e0af1d2f0bd88e86fdb746c96525edd6e18f5f0bc0e5,train
301d01298007ca3e3efc1586a1cabf0b2dd24bec4659f12d2924f6a56996df5a,development
30782c8f73097b169412b3f516333f50fb5aa25ed32a03e83181f30e5d1fa4eb,train
30a6023d52601c06d05e93b2cd123f0013886d075764602e9e61ffa943fb3152,synthetic_audit
30e14c2f35bced36aa4e34888d6c590d5e990cdb0ec4afe41f5444b36d9066b3,train
30fdf023a202253b5c9c84ac16bb8a01835f4fc8bf6b4c52ecb80818aef652c1,train
31817a754e76437e6ea49ffa6b52ede04ac5122f7ce7c2e8ed3d661b22ce0915,development
31e8a19873a5f115b2435ca5bd6230d3410cfeea62849a105378089ccc757733,synthetic_audit
325f09b6d37d0dd69e0a557f758e62dfb7137d16b8942a770ff8b44d5ec0c2e3,train
3285a5e4909d824215477872646c7a29f5da7d93bf37ce652bab626ba3fd19e9,train
32b2b30498785f4f61e53113861fd45477d71338bf68d299f5d9ab42b3b56be5,development
333ac8406143dc59b31c443da65f5da91dbb6b2e6efb4867fa3a5fb3f92ea717,train
3349c4c7067707bc91a5e6f76a2d77ba87a573883f96abbf4b14c0c976a472fc,synthetic_audit
33a54daf91caf3dd03e6f475e6ab9ed6c598b4189859769dc74ed934324bf2d3,train
34925c61a996fb8d2e947c199acec42f45df3b9f320e3af097a8a93c672b9ab9,synthetic_audit
34cdfa1e5a91e6e8dac3dd415f33db7fb18e8b58aef16799e71032fa51414701,train
34e900f86a54a7463f285184cccbc95343a4e516b29f4cdde55ff54e8ced0cec,train
34e9d54007f8f1c0e9bda3909dcd125ddf2caa7eebc3f12dd897ac9a92f29f73,train
34ead479dce0666bc5c1f94a3a89ea96de0adf69d6b12742ad4f3738d8ecdd1c,synthetic_audit
34ef7f0a32543f949e6fe920ddb7e6c79913ea39d6ddc0a471f0440247d77cbc,train
34f426f4656e1247f2136d4b6d0f8e1acdf37d24749998d33d30e6941ef03fce,development
34fa5a530d5b6869aa253dd7151b69727a7d51f187d27f5326938b8b88a4b6eb,train
360d7d72260706e0353c16e6b4942961c11fe80c29b596bf0bb40dcdd8338129,train
36d2039097682910695c9db6cadee90070b9cadae43374d708d34c2381aa48b0,train
36ef2b53ac856f8ed28334aa899e535a201b29e78040f261f18f5369abeb1539,development
378f6a72bec158216647e8b3d9eb2c788f9a87f2de38492d52f4b4760c0a9fc3,synthetic_audit
37ae312b639ffced22f5ec45befc5387e88c865f02988c37d470e654c9aed17f,synthetic_audit
37ff09ac5189d99719efae60d3cf7b1bd15f54abd38db08190ef08e2b42d4c9c,train
386f9b3fbb051f6edac1924df06d34e710485fe1253d9cbc45d268d5e1102de1,train
38b5a460ebd3bfb9236d552c21d519146dd01ef41c5d9f6374302477c2fade8b,development
38d582d6a52f846c80362a21ad6f2a62d363796520f8c211d2ca6cabb5436f74,development
392c98c561a689372b94734196326f4031758cea0ed3850313251904266ee249,train
3940f471bb21e6dce3d9ab186680ad28d54331519baa15d1f7fb2a9f15efb2d9,train
395081475fd53bbc876ebe5b92e0a59ac80feff5f08e2e24cc3613d55cccb304,train
395d57c2a04c6bc9eb2f773cfcd33702a77332e913430d31da6596855751137a,train
3978f65f924b44ccb8feb33251c51996ca68416ed0e7c614ed9bec17a0135f27,train
397ee94843d076b5d68aaa59f690a3e3dcb05dc2549a02948c8a1a5ef04d20e2,development
39ca129de9f9f03ba120dbac3d206d104f42d6c1fcda9b7f87d8c00141e36d12,train
39d62452d921b69ee92cf6728b327e2953eee36ec62b88eac7a95249a1bb84e8,synthetic_audit
39f940f32ef994f94915d0e5069e897c6119d8cccc0374f05e01a37c14657aa4,train
3a58b8ea0437e43ac60e45efd7954982536e816e21d2fb8b9cc512252e548730,train
3accdb94a2434e176b9f83a3e2a0969713b2b6dcc2c50e810202209e13cee7e5,train
3ae6d189948e1b9f600f09882734691ce261c8bec94ae574e8cd41a1bb3f77fb,train
3b11299f4dc404fe63360c517d246ee75fe5a7db1755f617e52d732671418296,train
3b18a21d9884aff371fda2884ed31ea2ebc9a894e325a2c63bfd3fe11022cead,synthetic_audit
3beb88db5f224bb579264e431eb09015fb604c1174648baff6244d148ae0a077,synthetic_audit
3c009fe7d5c1ac2baf9ab393c9a0a904e7ed3f0c973233e3a394e053bef10f42,synthetic_audit
3c1bc34238dfd7daaecb581e9066079d37de9c0ce1feed0fce486957b6908827,synthetic_audit
3cbd625430d81405ed6b18602769d5735028140d16dc49c42d54295008f46500,development
3d5bd9fcdb3c863d6ae668c933a666c9e66fa362a6d7237bb70264d7b852ea17,train
3d8de7d1a36461d743bc804e26faca9160a500e8fd2a45567badaa52774192c0,synthetic_audit
3da9774e6925b59aeedd6e1154bbc059f2ef1581d2d94ef08148c97f0e7b2099,train
3db025330e685c033eae4615cdb8961825c634b849eafd3734506be42c69f619,train
3e2eb96ffcd48a2cff9e91408bd8e5ba57eb3d8201c77391de41dd40d18e482c,train
3e806e3cf7b354758cea61536fe15fb1ad2322ad6f0b0d31712ab8b2cd5707ba,synthetic_audit
3e9d856f253ea0dd02be34a5cc7fbba0ad877a681462c79b8e2c0974170c4bee,synthetic_audit
3eeb36abc41ab6f21fa8122148599f321a6a5cdc5c79165b32bdf8607676b17b,synthetic_audit
3ef4779c605b7b5f002f7d8935b89b3ad1183a40080b7aa84cd61d80eeb0dfa6,development
3f3f17af9eaaba5471930c4f3dfe94c9c2962345ce2099582097cddf8b673fc6,train
3f4104b945e4f276b3cd38aee04a8dcf4ef9e8d70bdaafe2a6de0a076c04dc5d,synthetic_audit
3fa617bce291314ae710d2a717a6a12ff92f86b8799fccb2bc40df7ff8e89d54,train
3faca0473ecc86e646bff351c6e389710a707d5d78a4bf2030caa617568c019d,train
3fb5567d0f41c52d21f311bee72adf6f72f0e13eeaa5540bbf0f66371ac201ee,train
3fee3997599c2f59897a913705eff1a75fe77cc2b1e3903da14d16b99a4f1976,synthetic_audit
40067d0f0e46684f70cb8cfb32b004ff82345903c3d634f8532448ac73ef1986,synthetic_audit
4050d8d72695bb8367ae26f9f2ea0d8d3213d4d30138fe383f3f9c7e56f64b96,train
40f15b7b94d0148f235c3640f9069f937f14258390cf6aa0e1b7dbcaa0c5e729,train
41969e46212f3dbb69c6a276accf3bd1535bb069f24b0498402b77620693d3c8,development
41be23dc40b5727f77f02495f7a335525d14ef4794e65c8f440f28a9373ffe46,train
41ca6e0ec6afe048e41001119dc9aa7efa4edf09280b51fdfc4ec91e728aea86,train
41cd712c64630765c92188a5845999d01a4b4af6b6c63a79db211f4a56dedae6,synthetic_audit
41f0abaf7ba07b94f8abd6fb22038bb4065cb850401c1a7f32b3f519aa2f3983,train
41f5a293c1eedac49511dace3d2762d549a76919d2d2a3778e99f73bdcbfd182,train
4232965b437d73fd309690e2115dc846e0fee45aa41df80920c25b802d4a0e34,development
424750517e33322f712ea94b090d9eaaf9c14658501b18e8bb628702098d5259,train
4252410b9c78ec6bde54604db82b158c2877deb4147071777f367ddebb765c31,train
42595157258814b727c6858b9578f895ea93d1629deeea4553569e3e6a0b60bc,train
42da57e6a915af3b9254e2db627f0552bef8c4529551d84b6b222ba147552ff3,train
42f0f3739cc99069be6fa0d9165a3c56ff93717759e1b66a4b819d6a085190c8,train
4303d5534296792db3f08f4623c29d8f4700f7dea559b9ac98a300c24871de0b,train
43143c6b527b12b50ed230c57894e9229beea60106dca0b8d443a0d1c5dcfb77,train
4315a22a1bcf57121d91358f78ce7e09f57d506c782effe80956e983f8baf324,train
432674313fbddfb160cb53e94a947a6b490835714adec5dd26bc2eb8e7afd617,development
433cc80671ddeaff7288acad94764b23c5e305c1ac6706e506b7e4e017ae28aa,synthetic_audit
43d852aed837456ac8c3f98132fc6ef7379628947de3e0943f082a8e53e58ced,train
43ddb6da66ff6ac15379a88054aa4e32a41b0ab77a492bf1d419b614a63f8fd5,train
43e7c1428ed31e5078a3dc688a726a42b36b5c19a53db2253748a2577cc52c86,train
4482a6fb8e692ae23946e731b7c3d33c6ed6168e939fc47c78d9016a2a72a7d7,train
44dd5cf80c5d5b26de75bf6a843a9ab71b2527e73644e11673a1d43365aece1e,train
44f18b2e882e247f199118edebcf99c79c58d68ab34f54fc39b6af70c771cb26,development
454958e12e8d3a61850304a01bb865e1cdbd054c1538f5a793a20ca7658df4d4,train
4583ad8b356a55ce9a023ab4b8af6d1326aabf466a98fb98578d2f5afe1a910a,train
4585fed8c9310d6ec4196c599a1a8e9a0ab1de664aa7ffcedd172553249d2373,development
458aecbd1e434d83d1da446a335c1a8b45a413dd64c4fead8feabdcca07ba7c2,train
45c66d648e84e2363a9eae42e32ab5f0cfc069a0312e3f8fa7c40af5d116dc87,train
45d014da146785362e3738449b687c3200d01325938253ba515131cdb5688902,development
45da5f4744727c8848e26ea2dc3308015c90dcdfea446292630e9dd4ae60b392,train
460918fd465b403e00c32fdc066c22e3c379a36a26e37bcc68187254d34aa2e9,synthetic_audit
462955bc2ade4b78fd21bcc1e3c33ec7605462cc8ee1279be0fef446a660bd58,train
46ce230ec5ab3c9f97aca6e698e6516b9d3fa1640f3ad17a1d665980b1fe43e5,train
48204a56d145fc3fa25b8e77ea464dbedbb23578af354975d8b452b952447867,train
4821ba231db4ce7a633dbb3c84d089ee4f794c844eaf464a9db8abcb3e967b06,train
483b59d2433f671532a26d824f90ddd5d397d7cff9e799afbbd2c71abc573aa7,train
4867e85679cda8e524c30c18e09087c1327807022ec811d2b572c4cc01ec9e1e,train
487a73f8eb85992b13425ad9533add0af59539935cd0af3b09292ad37e2d17e4,development
48f80807bcb9dc6033f4b6627609844df03b50fa6ba90c033c76f3c1f26eae29,train
4906ac53a0a32b6573728c5fd7e80a7da03f445e8f730ce2037fb1e71c3dafae,synthetic_audit
490723522ae6741689a608e353153771f15d681da727be59820df689c41c1869,development
493b326f4643d4b753fa6f48f66d02fec2e4f54feb9455f440a5adbafbcd09e8,train
4946f689129a39bd842cb0d6574e6a2a7c7fe30d9d918ac94c1019722fa74a1f,train
49c64b98dada1bbad8b1b4fbdd88e749dc45e83ba66f9485f33d58731be6336f,development
4a3fdbb94119542ba1f1adb1134f7f7f69cf6b2ba89e9d0413d368739238dc1d,train
4a6b1af4ca480a8e4cd710ab3bcf1033a3b9b712c3178372809455cee140f9f1,train
4a6f09adf83bd55704b1593320bdbbcab5f640672761e228f4d6985bda0c2589,development
4a70ea46bf3ca13ba2916c3181e2a0c412813e2e2b7450b3dd873d785ea782a8,train
4adcd69ab879362677095fc30cb826c85ac10f532659fa94e53f58fa1df8575b,development
4b35c7e3f71e2d5ef2e6e910946c3dc488bb75181bcf191648104bf923272cdf,development
4b6097fb03e381904e75b01d74747e873a48022def2de0a2e71f012adca829c6,synthetic_audit
4ba731e283992e05c40878ad50fdc7570bb8d261156a5cd8b54305775b748f00,train
4c3a10553146869fef542cb985e2ce9a914dceaae93c7207f06728f8ee43b554,train
4c4cf19147f69a48e5ca9b787a86abd9a454ae850315f78e9d99334ebecd4db5,train
4ceb75a3f96a5b283a6a37aa3dd5372a0ec18e74c0a46d5d99959e639c44e3b6,train
4d00168cd8d949bd9e5a10ef14ca5e13815ea9232f2193424203640470dd9502,train
4d15df8243724210bc229d304a828754c4d1998d3daf5eadcdf36e6802059d6a,train
4d4a9a08c3bbf615a3747127075b89cadd0641263f8d2dc68923a1c297352422,train
4d7eb78d92e3ddecf4750c3ec924dd32c20e1b0072d22ff0750ec952e5584615,train
4e388cf73092dd76c80b72754714664a4ae919d520949af1eaf3d24abc090024,train
4e8110a4694031567c869ca3036bef2b46ed2b098e2a0f695b20a92eb47cd500,train
4ed97292fa9af32aa71d5c90be6b44bba4069f81e95d4ceec4dd8016ff3fd694,development
4f3c7c395f34e28ab6be8cac550c8d7726691aaba6a63c1587641fcda104d5c6,synthetic_audit
4f3ebe6a6e231c0bad2d375e07b07b12af05efe2137c3f84e455e67c83a675b1,synthetic_audit
4fbab5e6c627e6ef15996761d95520502f0914c8201786a5357e063088f3601e,synthetic_audit
4ff78e9cd54943607bce34b577dd64d567fa74d21aa00c61def7310cb1128daa,synthetic_audit
5071db10b193cc7c0be3d825a3e9226dff0e966264f9b28772137541cf46a754,train
50f2d863e1e4e9da3d37244f273d2404fa3052a52ba98765625780f963577f7a,development
51097212221dffe265c2dad1cdc82c2cda0c6c7ac7f880c56b49b9b0f7da6973,train
5109f7277c04a27ee01045dbeb11cbdf20dd508c5e482e011be629ebb6f1e25c,train
528f3a3656caf35f68aaaf3bef66b9fccf734d1bf3aa8e7b5e2b3833dda71f72,development
52b2e55c41d99f5cf8c65d4868f9a1dbef219fc38ff8ec1dc654136af3614e7f,development
52dd1a845d93e617f237ba3ccea64f767f31ee1d84a6f62fb1bc7acbde721d65,synthetic_audit
52eef4e8656d790cc6745242d773e3d520271f7052a78fe16c347f8800d806be,train
530faba4ceb2443fd95d348427e390bec4cceca96938a00fd580bda9f5024faf,synthetic_audit
532263ffcc2a181b9545f1011eb287bf7832c16fab100161a0c95368616e7304,development
536e2487fc490cb8ab69c04e2a54732808262769157e9c00a8c8e23a410f70ca,train
538dc281864218381989368230e005d30601dcc0b9a1d260bbe01aaf197b0299,synthetic_audit
53b87baf0f825d27db4cf774f849d83081eb094e04455436285b97c310b9f792,train
53cbb9dc50c107c1b4b44589f6f315603aa1bb41d26e9321783b0e85f33ee19e,synthetic_audit
53d4fb8d5d40ad522588d629e41c4813353f497152193e7e3c33034130015ffb,train
53de2497df02099c8fa56ddc7e5f115773b84acaf9aad81dc370ada5a43c2968,train
540c78072485de20ed76c510cf1407e056318b330f0119744cd9835f228ef5f7,train
542f5d99fac1eff8f28d253dfde666d1bd7d93ad74a1ad5e8b36147231bb062a,train
543023c60a9e894d3702dc03bf7bccd10c3628719a1ab23f83dd1ef477cbc8d8,train
54351f67a9d2720a88fae72d11cde6d0ea1544f743764e38963ac83254185d9e,development
544351c661e95688f7478996be5153e22ee88fc4179ff0b6b2efab8bbec6e32d,synthetic_audit
54d69e6e3e558d36673072901c3005c92fac7333ab5adb68f57b3b0aff015c19,train
54e4fe6fbba7c14e1652b6c314bddcdfa2226895f361126b82b99129d304dde8,development
5501432dd4dba1a0d06bce82a7c77ae4e392a8cefec5b7012fc2b36e18b4b8b8,synthetic_audit
5510f420ed74f2ccddbe01f5813025eed2c3fa999162d50bfd7653c96779002c,train
5539c5eec3da785eb621193c2197677cfc8db9177b9d36ce7b657ab9bf2a9889,train
557b481f584227ef1fbf04a9e7c3d414feadbe3303b917303d199a4a664e7aca,synthetic_audit
559861d7152a03d66199ec2ff2b0b62df83a96371c5d1a5eec7880f8d40bbe9e,development
55a0fd3f227714caab463a64a1e9f479f24643241108a53909bf56044863334c,train
55a94dbaec02533c1ba60e7c0a964fe93abe3244d6c9f8b111d118ef70a40b05,synthetic_audit
55e1ae3222c451914bfa9bdee60804a5b40ac0b4139867b2057ad746460979ce,train
5623236dfd40deecb05f8b38e6efe65adf7683646c48264c381ff05f8ed349e7,train
566c3e5957f687c4cfcede866505c990f522ee86c69bea7ada5367f920b13a5f,train
5678e8778b2bd3d5218d07c72069fd2fa245e3aeb9d4811c936b9226ecce2d6e,train
56f0bff513a8a1b14262e94169c674aea3d50c7ee7de3af242bfea8d66d15fa5,development
56f84ef62f65be34ea7c7edd25b288133c2c9cdfc1b5d26f7ff8f63d049909f6,train
5729ac5ff01e9289c05266b2a2b911572f32da50cfe73213f8cde849fdbf30f1,train
5770495926386337561b40bf0ae9445a810cb01e6541792683478a85ad9357f1,development
57772d2b5b3f5cbd35fae6bca98664daf9b6b28290c0532ca03edc129bb1e381,train
57b8c29e037cfdc86ca57c87d80dd285afc4d4263a84f8b58cb4c5b0d61a4a14,train
57e8f14793961271a44654cc03c1f0bac547ff536f8ee3aab5587a34a20b4ccd,synthetic_audit
5868fbbad56bab7a4d8d42918cc448d492d455e813e110000c92b9d5ea3fa61d,train
589b0542126093d5e6f9c47e8f6556b9d7f7c1bfb68e553de447698dfc0c0b7c,train
58f4ff83dcf2c911ec98c1f103fb2e7c97b3789b2cc347da6f62b75efc889f70,synthetic_audit
59b4fdc9498428d07de241742d2e71fa03b7ed47c8a7df86ccaede2d97bb6872,train
59dd44365e8d544704c8ffff2cc6ee767ebd09f6d5c415ce42774bf4abd22c76,development
5a02d3ef93de54b2dbec55c750cacf8071c164c30b971955a5bb6e3b5355f98f,train
5a226962f24832184e15ebbc9ba66d20bb27bce2e6f7d2c8fb7d48bbd8b8fbd2,development
5a7d6719420568e6ae18403dd1739fc9ff80a34f2147717ef94aff4dff216275,synthetic_audit
5aba010fcd0435c5dbef4056a312a7ba7463d4b1e83a1aaca3305f23287b1d8c,development
5be8d3fdcf2f09076f58846286cf4dc1671c01096c6d070997ef25259f33b2d6,train
5c11fc7cb703d569d6b74ce2286de06f2087baa069d2658c97ac1105b7d763b4,train
5c4f5fcf4f9cc2cb5a5561bd2f75ab8b143a3d15ccf929a31f5206ff4c3d7098,train
5c595fb9756b8ae7b75885ece486dd6acc2b922de315a5a45d0be8eca7e0fb5b,train
5c6978e0d76980f138bb53aa9d326d5b475e28fa4e9438f87c8988e3dad08d7f,train
5c7e67ea2c6ce692b81540bdd4d4af686c8976e7ae46a497aa1b3ddf5b4cf921,train
5c9276a1556b5462e05ab0a89ca68e1bdbe46850af7f1a5e4b436eb3b14286c8,development
5cf56d8960224b84d287728c26aff5d60af2fedda6882dc82db036e7125d5f86,synthetic_audit
5d11a0bf987176c055f2e09c72c702d3756f07007ee7e0e781e20c9c8cbf721b,synthetic_audit
5d671ebed535b2a5bffee17469960dac30b699d1aedd390b171f3f248e24a1ef,train
5d868530d151223e93e5b323df1d83e1b9f118a892063d743470c516a7fe3907,synthetic_audit
5d9c759fde0df40b915e4d5f2c61b56878569ea554b0aa2c1daeafbb8e6e3a23,train
5dde1f95ad617469f55a6df7474bec28914190e3d6bcb13d3747bcba93fb8405,train
5deca403872d36eb17937861017618ba57bdde8318c7397a0317f919f75eaba8,train
5e3dcaa156793dd28c784d40f4ab250c166f74421b28db7857a081dd8737c8bd,train
5e732dff5e23a8494f5b5264922c326d43927921a7116f67770d9120c2347ab3,train
5e7cff4f87ab5819504c4ed931220fd2440dad24a5cd154717224a04d68f4fb3,train
5ea610311533018306abd19bc9b80677c2f53e3ff63c76e97cf5152a9c6f1a43,train
5ec04ef72191e7eb3241c56bf074d76da59251394689be0a989f71e3909a790d,train
5f21877823776530ede84c1dafbc2b3471fbf01d217e1907a433dd3a206ec162,synthetic_audit
5f25c37f699954f3406193b8168eba388958b3bb088688cec2e3d6287f36b061,train
60053f5f6f67b72afb4efc5045eeff0d7e33ea2621043acc3e8cf3d5cfa646b8,train
6049eaa1712f8391284f7f61e2c0b0781be9aa3d1eaf39f0bea7053a5d11d75f,train
6071ee6db65a965c7e3d87f9a7be5fbb06e91983490112b713c4563dd1981e84,train
60833a3c0338e5ec3de137b78533c1e932b6e444efb7475548820e37b20008f4,development
60abc72982cf2452d64fc36e2e2068d9e863a97d4f8f507600e06ac0716b8469,synthetic_audit
60ad192c60fac3592aa517a5c16fcc43f617e5dd54621a3d6ff0fae2ad7f393b,synthetic_audit
60e3c67b659884a808b562c197690344e45a34844ddcaffbe36a04df9e297db8,synthetic_audit
60ff91d4ae2902671f5cb58c372ed989ce0393f59fa398dd6d0548f1694c20cc,train
61002268b59def504de4bee6bbc41f981967f1dafb955525b3d5a0801c1dc2ff,train
6113a2d3aacd67440be71704d8cf7678f001900ca68fb2d3ab29335411a2c68a,train
6123598930be135c69ff0b98c44e125c4483049e327e4b4e742cffc996227c24,train
6161c616d7a55080f6c5f34743d27f40e9e343cc95f7a9e23be141607cf8603e,train
61a74f3712e735960ba5aad91970a627484d62f78902f05476cff7d8a4860f40,train
620618fc1146482fc897b16f6057732d076108df8b688628aa835ebc6d1728a8,development
625b1ff592939c136b275ae5a05e3544361f99e0cc05a61c76add175cad65fcb,train
627720458398e3ded851d9391b64fba2d83ea310f74c7db65b6f8c6ab29c9e3a,development
62a29dd18ffc73deeeb7babad01e19b2b456381eec4408a90cf8fa6ce823bb2d,train
62ede69e60bd9ca7713ab26da2e49e3ae25a5776ba4d2751e127591c278daa94,train
635bf73f1139046965e338b5ea7d992dd7ac0216f005f83ffb617c8ff7fb5dd3,train
63683a816a16decda7a32a3f303622620348b02b671df0eaca349bdb0ee06c8c,train
63aa017a84704d9abae4b4a7d2f4e8fe845b4fb4409512613f358db39a6d4dd3,train
63dbaba937edcaa4b782deda847ddd7fa32628f204f7ff2121bf4f39802e19f7,development
63fc790c134e8aa768ba7bac3db93da51c5a4f520dded01b0f9d8f86b471ac51,synthetic_audit
643b1e804d2726744110478fa818cf7a40b7d41b2e8ccf6e3066008400f2fa05,train
647e776743579c1bf80d9388709cdc5c53feb586dfedec031ec11b83c53dabff,train
649a6721c242333fab5f7e31a5a75e89ffcda82b171ca220f25b5e2283134bb7,development
64f67f7d0a474f388d01ee68fa2edf5cefdcf446a1b46ea9fd70027266634a0d,train
6502c028cf15ee95b0e43b4880980a9cdc4258be9f4644590bbe40ff626405ab,train
6535b6633387ab0bad5f9d99e47f97f176d7b90cdaf5f71c4e6c4a50a46073f7,train
657d075da951cce9b8987d990d842fce7c5e45d396e271dc7300726dd1627db7,development
658258138f9fc97a36dcb56c77e4b1fee8b3f9403bb5d11b45a0f78430e0bdad,train
6598904a5c8013a3269fe671f273e3bd611c3701a7594156cc1d765ebcd486e4,development
66a52dcc5bbcb69c27fb1ea07122c1278ba2b43e13d1047a5603ca8be127eea9,train
66e72f6a2baf10d3f91d37d97d93557f91baf29d877ddc46408d19a774d324b7,development
670acea37c5a568f02885488c16536e160076923be8db6bf486900e656c83f12,train
673440d3f36854032aa3b409d580178653982d9f78b7fe3e0efab78ebe8b02e3,train
67a231b1a822f3bdef65d50b906d51e3cef24e7ae6fd8e03f97bbff16350c5e1,synthetic_audit
681f9b067d3d81c815989ec58db09a43478856f2a1b0c8787309ddc7cfd95764,development
686a9cbfad70e1320df96803d29c4d51a3f7575ba807f0258e94afecfa11ea68,train
689d61d998196377344cf0c6ac08e7e1c9df6bba0b3d7ae408676bf539ea8dc0,train
68fe6b08233b94ac2eebd44debdc2aebbf77e703956a41ebb694bd1ecb3ded81,train
69079928cf98bd5f386cf9af787eb0ea3918aef382ba87a16c3e44e1b035b812,development
6974973b078746e4474d7c3739431f04d4cdedddb9633d23b113ea31ec64933f,synthetic_audit
69ace303fbf598ef3edfbd41c1a7e2542623e87d20c3b67bdbe9c2d29e127201,train
69b64833ae5edaec554a9b7d612ed8c6257f5bbcebec3ecafe060df339b1ae35,train
69c07f1e6daed2aa0a5cc340fa23334d755e76d8b9b369ce189ec2746c540388,synthetic_audit
69c1143dcf15fe3a4d4b9477817954f2fed110ed8b594bc6d4994c9b281a085d,synthetic_audit
69fa33a24a4cf36c0b047ab4d2acc396e5fd68573db0cf4fa3ef9a8fbaf35ba3,train
6a426bb86054a43143ab53f577ee5106c90c4934a3e30012dd1d55fefe1f3c47,train
6a55ac9fa5b254ba635817dab5bfbb7aed241401b87f86ab40005caffad016f5,train
6ac01be2b04f65020e8b43a0da73bc1d3acbfde6b8fe905c5f92c4b5d465fe5c,train
6b099445385cee09c70d9e364040c7f9f4e08f3c1a3ade09ed3d2914688ee252,synthetic_audit
6b1a653312be4c1503589a9c3131dda49aa128baf0eb1678df1b48c4094a572f,synthetic_audit
6b4cb011af9d026bf42a0edfac98f963fba7c1df3c21f6be5f0c21562704c946,development
6b935af2cde5427c8913a501effedbb297dfb3a9e915cfa8b8f84909d801c8fc,train
6b973a1ad5303a5d22f5132934e38f8da1f8100ad1b49592d0f7b37891a479de,train
6bdecc5a570cc5e202ae6c9d0c1de82a3bc010ed4a9bf002d1449e5bbc265718,synthetic_audit
6bf821b6c5a63f9565cab8623b660fadebb5fc113aa3a226b5b4b3e764f22d86,development
6c8bcab567018d45328778e0cf28f1c96ac05a1d2ad1deaf28e2fa7d37f7c5d6,train
6c8fd063fcb98c4a15277e48a6a93f18eb3ba34e4bc3d042ffeee4ffea83ce63,train
6cdd5e46849519c2fe22e3765d35fe81c795f612df30f2fdc4315b513aed5028,train
6cf445099fd23513bad0e18d7dc224a6aad45a73c0dd2d81bc24ddbe2ff0edd0,train
6d058e54ea9c7a216e9b783f84b51fd2549aad45c6a56815e313afc60a9e9ec1,development
6db697e2592448f3aa870f5c95bdb293e26e42c27d3bc6787e686c75aabb8733,train
6de0800ca62cc422a06b5d380e669188fc41731201f3679ad417b3b4dda35b6e,synthetic_audit
6de6c20ccf1c45fa5c3a6a87d7b6a7bedbe53be26b96e0b9d7f4f1647e79ca17,synthetic_audit
6e1f6e10fcb97ff0965b45801e81734160e21fe3d9ef59b4f91488fa4b4cfd12,train
6e7198612995c729087c4630eb6751779024b5e7692c0bad037f0f412ddead8e,train
6ea88346e8183c71dd83ad4eddc8a72d515e439f01e204e0f0af5030027dd223,train
6eabdaebdf76037da1dcfa6382998303ffa22fa3de7fcf874a77aab97116ce0d,train
6ec25bd50c1d87cbc460645b61e00417fdbcc9c7e59dbe054c6d884c105f75e2,development
6f29b402ab679f707c7787d2577e1ebd2fef0bfce3c31c980f568517caf7d636,train
70092a3589755aae03256f01349b94d6d2da095d41cfb6e1e369bf94f90345ee,train
702e1b81ea37da7055732ff4ac7aaba343e71af2f9a9852228022d3f0f158db0,train
712265538fc9e3f947500190b82ec858e275ff83416dd95fc3a8a7d05417c52c,synthetic_audit
718bcfd4af12a9d5108b1a304b3509543323b2261ad649cd66227d5753ce5391,development
71c2f269199dfea0f35cc185e9613d0154327bad50602953016f5af7a771b005,synthetic_audit
725753b0c16267f5e7910843d40ccacfdafb130a4bffda524a7a1ea5835269cd,development
726006ec5ee479e681c3e82a766012904cce394cf251b884d8608f471fd9415c,train
7300039bfbf2157b48682e3448d3ca8f5699d64e89f61eaa9a495a24ae27007f,train
73427f73ad81aee45402975be9d4c9b9f173f139b9846793e5d6aa43ecbd995d,synthetic_audit
736629736e7ceca893f22bb15c8574cdfe6b15100d99aff3e932e31f86223a13,train
73cb5f6c483b6c4b4bf3b57ca1eef2aa1f80fee5d9d426eabd45825bcbf7658a,development
73d31aa2d2f1f96f545557578a6fc4af5dc692028930447b2bacedceb5e40190,train
73f75ea39cdc38530f22b2e62969130f34545825b901eeb912ca48545f78630e,train
742dc1b7e816c33e3e065ff3b1cdbdd19cda16c97f1f49057977dfb42d59cde0,train
743ae9e6672eb01834bcc4eafaee1f5f0fe2e1193dad71c5ea3d3dcf49628a12,development
745ec14cf3be32c53d92ea4ef1b918a294183cbbbee343eea65db011a506a4bb,train
74b6212825a0f9656ab98f2f991cf9c48ff91a7414c8147698afd062c3218a60,train
75f27143a089157908c05bfb30dde9f96df8af914d2816d8cc12054615a3607b,synthetic_audit
7615bf4ae0611df7904dac3402958666af7093a9c279be584ee768e5458db4bf,synthetic_audit
7632a81122e04029141a7757081847a70fa105aea73f17644c00dc4f1b565d59,train
76889156a8a0bbff230b7e51b3c018af279d0238da852a7d91b63350115d1361,train
76a703a51ba1ecf375120ee529f5ae20eac2d22c0e248419f4de297630500925,train
76bdc93eb903cacccc1715fd0d71d5ecefe3d88f5bfdb84ee09b4b18f1d344a3,train
76bffbbf1457771897b4a148a19a46381c8ce23a34dcc48222ab922d4018e4da,synthetic_audit
76db5360eedfdaf440e15eacb0d83ed3d2358fdd687809ad2d40983917fc9e53,train
77403e156cae0a6e94b4e52f887014b2baa6c048edd8f1198b18cc083d2ad609,train
77415ef9f36a574a4057922099fbca8f28ac3d0b91b6c6a869160811b2f8bb80,train
779a8fcbbae04bcd1c797210187b43ed909ecce93d2eb5e5e7d9abc723de4e0f,train
77ccf9034ad08e9a01033afb95012c25f0a822204f0e58abde2214026f6d1298,development
77ea03550760b0fe703dba29ca1a19637ae6f0984f75866c1354e5418e73daf0,train
78df0b0b252e98698ebfd6acda0f7bc7d633f1a84d8d1d60b2fc5f43d955d694,development
78f7ff627e70eca52eafaf37f0d21a26eaeb9f09b1cf5793b949add0e75e7567,train
79095c766a5ba323a0be79d5feeefe9f55876c9f5cd52d2070e848ac39fcae11,synthetic_audit
7926ac81376c65ca739ae766c4cddc387f765d50faff1e136f50c6560a24777b,train
79655ece46d5fd7534d992680f4cfed8804dcb1316e24d1876b2029f5f530f09,train
796f200154b2b9c40da4a511d18316a01d307befb44273098b09404e95793923,train
7992e728553898997262c952c473661e03e4b0e419021995cee82b4639a621dd,train
79bf0bb316a3825f8610e8020bae022e35b90c89de443f19fa4fd7171cb756ef,train
7a53f0f5c19a933c3d7fd55816136fc8b688793a60d473a7268cdf88df2b8028,train
7a6423dda686d45afe98e624bb87efc578e57f593f6c92b359fde9b699fc9ef2,train
7ac05cbdf9a942a0c63df340e903247ce26da7ff68b582634bb15415d1bc4ecf,train
7b3d5705e76c77ec185a7e0b54bc41e49ebf436f64c58b2d3766e50e81550926,synthetic_audit
7b3da43585a882844e7803ed3006fede876b2647882962e06400ca5da7929eee,development
7b5ede84bbca1e3c2790877494d7ea779a1857ba0aa707f7fddef659ce607d4c,synthetic_audit
7b6c05952168d20df59ededa47e81f846b8f1e5e0c38d7499e2b7d81a10ec70e,train
7c0b248894e272c25e14ac68ebfa02fb1fbb75bf5ad9f39e452d6bdb380d073b,train
7c201c1a1a07661afb151587d5e1d59cc71c24081a768fe321884d22c7d4c441,train
7c8a338cbaa3babcdc3f4ca9caea98ba3fd40338791fc38baed142b057884e0c,development
7cb3ea2ef4051a2c410be9925024a9a897c9036a55875b582fa25531a970b525,train
7ce8c55664ccc257a005a25d39db3afa540187f5afe88c98745fe56b95ed8911,train
7d54b44fb4b7616db7e3200e9854a5d2e14d0d2c8ff55e57dee1dd6d62f48932,train
7d9190fecbf43a82f8e1739fb89006418e50be443802f7e07105881f0cf29582,train
7d9e377211d8f4078a1b5a228cec7f485f334a61d6ce9e7a9af9ba56ec35d3f6,synthetic_audit
7e6e290a0d50a91c5a3c7e4c03bf609ff22e70d07a280fe43ccd20c0e6c69735,train
7e8a0416f721c29c1c925b3bb7153d765090f42005cdff035a98b1236da96897,train
7e90951b5df4f2a124952fc497b123547b2e4974366d9f593b03267d40c0a3df,train
7e9c0d9390bbb5200f980bab218a65a7c4d2b2302899ee2ae0cc0f52fe050f0b,synthetic_audit
7eff7dd92ae033499df37190ea6fc3508a9dc631c85c68ec0e097640a99f567b,development
7f689b32e6da559807fd3b508e8679c389f321efbb5bc6703f6c3389e717828d,train
7fdb883ff501e4362ce885a10d07ebb1d770420eb54c37c9ff62725bc4574bc8,train
8081ee47741c4fe878fbb45fbfc07c8e10df8d923b08ca8d6867e187e3ecde9e,train
80c5959cf39b3deb9883c9e0413b7d60e83a90b3094d9a9c160cbacc0f7581d5,synthetic_audit
8157f72fbebd437b9dc32eeb07f4777d9e5433f86434ea2bede4f8788154ed2f,train
816404c56a51452c8931eb8e4683f26ae38048c32cc3bba2e7bef9cd81d7cf9e,synthetic_audit
81776ec1a11c7a507844fe52055c21b31f2b5470ae78b655e4209b6a9400090a,train
81919710c9959d73420a5125a55a1172304a6d897589522afa12f95e2c5ca74c,train
81dcbf7f7b4cc541324efe13adc50f41d4453492cc658dce15293de98464f7b5,train
826cf43b4e18e026beafbbb7658974a175fb5631fdbbdce2fc52942766d93bbc,train
82cf63ca03ab38e2b6d05388f763d1b0a0561c94fbf8f966c3d6ff7e7a7c207e,train
830a5dc26da3914e3ceb98fe69424805b43c2e58e595b915e9b78ce3578bacca,train
831063b7964fb9f4f46d40c93a66b8fb0ffba5f087e3b69ff58254d8ca814846,train
8310e86512146f004f6b4079d86d331359f07a851bdd0b3c08b719c678a59b02,train
832b36b6eb13f806ddb5a2568e5b9a80d840e4324d72b4fd563c4474b245c88c,train
83777f66c6133b11a066054bcaf58b13295ee1b7685a1f6d272aa6b8da448be5,train
839ba089365dee3e6f819a2985ab93027a0ce0c8d1f1bc3df7d0acaeeb689f7c,train
83e46f968475a0b2277a910a09fba3c4d9902bf71e7d442596431dfa54b7de76,train
841cba2441c73667471682b9af7c1ff2d4d84e57c6f70e8600e9ea97106dc133,train
8582d49d7f28d72b8bc82b3d0d87202412281382e570c8587cb71ecf4dd50b6b,development
85ce350a523a77ff5b4c9f392edaf59ee6d1fcefb86881c59b2f55522da76221,train
863a01d8339852f5c807073192c935de35c4c322283b7fef43e6883d6b81219e,development
864246fb871156b8ddb965e44d3069c7abfc64bcd190e92f97f46ba385540219,development
86889e3936284fc225bc1b0fc57027d944000db30f72a3e703f54abd6bf7cca6,train
86935f43c6f5e7b2358b401ea55f9514259e3de939e4b07426c05cb3acf08a46,train
86b36d1c8d130d19615f8792db2f731e144d497f442315f72576766d1d6c10da,train
86d7edb82a567486f4c3eb82adf5d6111c58dd19544997f3afcbbf2bcbcd625a,train
86eefc19437a91dacd1ff922de438d77da0d3f5e248a582950c935f7c6bf34b4,development
87142804916069635c3cf5d2fc24dca3b69121af7c48c2b18651106709e8c53e,train
872469e59a356fc85b24ebb7fe04df7bb793df65c90c462d78124dac47fe705d,synthetic_audit
872fc544bba449b49cd2f11979cee5d5b4266ac2d4e0a7ed9c8e28d7806b59b2,synthetic_audit
87935b1b1fd15a3df26f7b71148212eb76f633d5037739b90e4c58577468c80f,development
87cdd2d25dc7ae26253f558a911bf23cabc5bcbedacc164ed7bc84698d4122d5,train
88784ec39e3127b0be7dbcfbf9908f5462af1bc525791d97980d920f745d7fd1,train
88a32309a868838f605ab5b63f11a76f5509433626e9982e700082ef7c51052f,train
88b882bdf3c1a6bbad7c19ec1298b3e7c296e63586fe06edebe24e6d9366a17f,train
88ce58316998323c4716827428084f4445159373b23c609b6ee1199c83bdff4d,train
88dc0ddb1d703fb5696dd0428f56ea6ab13956447ddb3ab64035721a02f2395e,development
88e11d11a4c2a895a7a2a1be3cc5d59ab3dead3f418b9497a3b874e5beab351e,development
892aaf90d26c63d8bb3934df55661f727b912e850869a3662f1567652a47a4ce,train
8944987c9091a289dd3247e277dc773174e00a72ec89801f7acc5b2a80bb66f8,development
8a172135803a238f611ef60d92692f71a8cbfe4eb4ce2543a2ed96759592b835,train
8b4f293f6ccce93493a73d81d6a0fb03fd899531cb37eef7f3161776ec5c9d46,synthetic_audit
8b540ad4e1ed5e58b2623236f60fe25c344143f45d3da030177fc5786f712c12,synthetic_audit
8b8090e34986c63aa69143516fcadb552276ea1d609a8f6d7a0070bcc9a4dcb0,development
8b8e53b327738add4cc1997665fea8046321105510520fca98bfd758deee90bf,train
8bbe665c154b9c9f5578b2a53555627a83fdba9a2773950333ad545fc71493a2,train
8c3326789326048292e63e635a388d8f7f63e8df6571bffd4fdcabfa9ddb44b8,train
8c5f340f1d979e3ebc7338bbdcfcb137faaf6ae4584a83e530bb462423c674cb,development
8cbfab8eb24abfacea35eedd79146faf26b686f3b3c72923ab257af629d84858,train
8ce2df955d4282e1b08cb253a77750daae3830bc69818a86c38980a246a31397,train
8cf12c28852e6df39ee19a6818ffa56782e9605da2ecaed0857c818501160452,synthetic_audit
8d03e459a14709df784bdc11221a55a8bcca58b4ce1d4bb3a87a635e7810b439,synthetic_audit
8d29b5ca0623956d0f0fe572216945bca872e68c049c7286b34b30a187d81b63,train
8d397b070ab8b93249dcb97bbac0d74dd53f72cd876533a33d208c91619b0c21,development
8d677d9495444756f7380b3eb2e15c3539a01bea255e7e07e021225370543603,train
8d92f8348b3593e08aa26107726cf27da174ad81dac2cb972561399bcc400929,synthetic_audit
8dc4c24cf43b718e761601407c4b0207bfec9f264ac048a23f8a0e9d5d4541f4,train
8e293ce9c2456b189c666d18a373b2eef85b4231cd570243b0a701abc1540cda,train
8e86a6068740e5457fb7d773344f1715758878c22071b316ce7b74831de408ab,train
8eac77c8ee7caacbb661636cfd3d594c00cb65706d6e78042b4e436795da6e0b,train
8eaf65266078a557676ffdc58b5d008f7cd3f38cdd653cfc5ac0a1b68308aa4e,synthetic_audit
8f12cba9ad9006d6802bd7744b3dd6e8623251c3211fcd1ad58f922a3ecfb877,development
8f21ebe0c7e27a096b4d1e4a03c5c92b007cccd98fe860a964a2b76df4357c65,development
8fbb476b06e8693ce5b2d66c7141fcc326a3efc817eb026e1500f34636e0508a,synthetic_audit
900a377d9157c9b5c7f95b39df7801ab4c9c46370785626b64d4c205cad186a9,train
902a5648a0f8c9f31f3433dad1933e36aaf3b2e17f48118729aeaa659dfe095a,synthetic_audit
904ee9a43dd4224f2f1a1e20b3d61034ec17c0777d8952a185ed5a3618adde8d,train
905af9cddf344dcc63041ca7b515d7a56dc3eff6ceb20741acf26717bf091649,development
9071a803ca275216900234c3f94dafe255a2e31f2ff5eab73ad4aed995a0af3d,train
90daec1b7ce57fd2ad67b1b761a26145502aafa429e4d94e56acc0c87c2820b2,train
90f2ade12521c2dd6c5e2d561f1ce54b6199c2973b081f9fd81a9bd82eba6953,train
91136a63aca2dd7e6d65ba8652a61d8c103bd4460a7c0e28310c509027d50cce,train
913f6c6241b01845f4df43777e4880035ee1ed392473cbc8a88f33e3ea4bd5e5,development
91657f3fa17d9bc3391b9d3a05ed1f77a49e540ba586468017f54895bb22e744,synthetic_audit
91dfa37958ab77fdd8b53b7458296c449d6195e3b12fef9baa3aa96a2ba556b9,train
9251274902b8cd1ff6c6066029f55f2567562baa499bece1a391959d23818ce9,train
9282c3aec0cbb4eac40e6126afe0b071bd31c3313c2a5bce89b0012a358a5fd3,train
9285f2dabdbaf0c567544d0c07e66a378cfa94e9de8303496a74e0d5de012c8b,development
931e4274567d9a02b8777a08b5b92079a1166ed37ad8e17045d46b7cb51a5436,synthetic_audit
93230e328ef10e9e010d8fa47f917eb8633cfdd9db5f7716f33c182fc13c20ee,development
9328c08a78952e7f04a63925c3f1d49b2ed2d430829f2359011cdd45e7e7e10c,train
93cd5b481ddc12402803b9d2eb8197e5b0dc6d12c2160c7c35e75fd52609abc0,development
94142c16be081cb55485f98dcbdd2d6410cf8270fa936ed9fc283ea3fcfd1ef6,train
943b78fda0c0728b8ccabc3a2fac0f35a19d899a31a6eebc1d045b9e17c2d5a7,development
9455a156714cb75a94a79872b6a243f49fc61061bb175859eb6d7c4b15c460c0,train
945a1e1e581c0620948906cedaca4b0b5c409410929a021ad199ac5303550df1,train
945a7ce1eeea3c5d5254d85a729b0268fb6ae336f930ec6f88515ab06d20ade1,train
9589310a8be2ca9285ee43ecc63cf38c352d729902a93a13dccb025285a312f3,synthetic_audit
959c41746d0dbf6cc90e6ec0ebdcbfec585a3d7410ecd282fc807bb2cb0f4c71,train
95e16b0ece55b80e04113e7a5a3c53d49a717541a8ec98887ad70603abcd676e,train
95f868f970630997141759519c492368fb45dd5c174f5e847ee34acadf2a4916,synthetic_audit
961f3af79838a38768ecee84855da7d9d654d323e2064a12583022a46608ba03,train
96614f5dacd7a04b4f6b98d7d0a3b55f8bfb7013593bb7b5e59e12cffef82e91,train
96a8c5b4cb13d14ead495aac1ee08da9344ffe4d574faf1b26257f7d1b64d455,train
96c65b304b6fc50c7545e0e67a37bb570ffba4240c42f3ddc39560658ee0e439,train
9736b6f9f4764b7794123425e7159976dc0d2166d44c992c110a9bb96fcbc63a,train
9741c1d2fa4012ba81939c4db18f24fcdb4c223062b7d1b83816a4fadb0ff7c0,train
97b3080abc8a84ffa673a51bc33eb8d7ccee3ec073aee475922590da9f6029a6,train
989266b17845a4c7bc46a27d3f6a6fbbfd3b989a58c3f0a51be1f28db883fe30,train
9899249c5b3f7b094c7eddfaba1616f9fdbcd0829e4c6828bd28f9ee13242dde,train
98d6b595e34dc75099a8d5cb7b49a4e028dd5d4c7a770fddd34061ba596cb217,synthetic_audit
9979b9162a7c46eed5adf3b072cfb8b274fa1dbc7399d450a1d8a5cf6b06b8a9,train
99e63e93df7fd0a24f17e0b57fa4968822beef90585f2e098fd19485900d8322,synthetic_audit
99f90d7feaeb4365b2e8604f8244feda8a166bb0ccb1d77f075a8d15e4a26d56,train
9ab0e112a263abf4b22dfb7ca78dcf312711280ac212e535a332701bb13e8f5f,train
9ae4b3f0400cbbe62a074e584a09219e8b5df2ed8395250768141f407d02c57e,train
9bc38169d1e3814ca543824058fc43955b621a9aeeef26071daa10d947fced3e,development
9bd939c604728b3db9b860ec19725394aed5325ec2f31244764f5c17e33e1655,train
9c04f30b8eda3acd7077e0af85b3069ee09a1adcb465a5aec8ee940882e1a9de,development
9c44bb1508a1db00630837aa064cd1b9efebccc57568b97fab87fbba8b38169e,train
9c8893b89b61c267c36522a8ca2be8039776b4b6fb33ed92df2a07205991674f,train
9d71bd7e52dfa08095de78a9c0fe29641a260e1f50601a31ad7aabf8b67eefce,synthetic_audit
9da6f37a1d8fbff96231796fcc140a5a0f8dc50aef063d94fbb8f892bac8fd57,synthetic_audit
9df28091d8e336710d78aaf1ca7ee706f42038378d7b67d53acb408bfa667b53,synthetic_audit
9e092e6a1b81a24f88ef9dbacb9270d475edc24217ce6dcbdc5a4e7c99e75b3e,train
9e6331773f2f3c14a95bb94df36d9251f3a86eec972732ac0e62345e806bde64,train
9f1de8f9770312d7aa5dc3e48b4ef7468bea90f33920a6c956853296ee6dbc9f,train
9f4148b3a49d8fb29578bb730ff2200acdf602d4d116eb358dd960d0a2319679,train
9fb271e5d6d689350b58a6810943c80c84752ea1c1fef3d30a37fb4326fdb004,development
a001ffed8ce7e5e6c55d79bb2851c9f7bae198b248fdbef49002fd9430d9b0c4,train
a055583984ba0f4c134b5cdd39d211c4b19d0f68007afce2b1e1cc6d425ab71f,train
a10c66b9143e0b40fae6fc07107b6332d1be78bb69c9c470a50a29d6a9940eb7,synthetic_audit
a1f0fb3bb8ef7cd00bde0c22440b48c9340d68877a7fac703cae1cb6b5eedb03,train
a20404187908278fb4aa72149de5b3f01a6f0782c3ca8dc546b7775d7a4dfb13,train
a24f5e9a2127db27673499216124aad222bb6d24009f974979003e53316cd6a4,train
a25c808a94d7d4a383efec442f75b66af0062fd1f4cb7fcbe4c1b09672ed792b,development
a28f8bbd33e3ed48caa75c7f3a092c61bb7626a3324ae93c43401ead8bc0590d,train
a2d480b3ee5adbc75f81406b177d23644862002701129d8123ad7c1ff1776bb2,development
a2ed5cfcaf68053e9fe2d31f94f93590f40fe15974f4ee7efa4401c2f472dab0,train
a34ab7c30e89f06340a7fe787ef412afbd1bf5b41d50a1a4febac822c1a4d792,train
a393f72c53033fa1071f37431e6622b42be6f73dd9da1a7b380b4a162114de9a,train
a39ed70d6712bb66c9d245e91245669161ae2a15f4dbd11741025cdfcd1b37c8,synthetic_audit
a3a30f8d65c3561c26b7926e40511fcbcacd511e48b58618e1040ea8b3e4b6a0,train
a3b898e58611d23958b65437229cafdfcb75c39eccb317eb9a8a55cb5440389e,development
a3ba21a7a36b086a770efe3b9b7f7f3eb2495d647bd5a2cc4c1d92ea38c7af5a,synthetic_audit
a401790b2dbd63a44fcffa76b32423ed49819c401bd7fcb527501e9c6265ccbe,development
a40cafab8b983e04e4cb8c4bdc5d706e2daf3d10c955f3ea220b1dd62f377be4,train
a535956e63343989388514d4afdb49e10cd5debd2cc53c4c3358d20b96504267,train
a5489fdbba7e12e92283dd4cedc7678f0e093dbccdf2c02f1fc2d9ec6a40821c,train
a58404a6e12fcaaaaa031270bcb68fefbd390ff31126bda0ad06990ea7f9cc01,development
a597db824c4b566459e275a6630a4caa7540255a760ed80a9b61310fb1f5113d,synthetic_audit
a5c4d717cb0ee38792f4b536e4005b1d89bbba92af479daa347acb30abf88d30,train
a62a127f61d32515ec06489523788234077d705c3f73d05c1f594e5c689da229,train
a6d6a6aaba4b73efcf45064459a6e1b3f4ef1813facce299bf4887b40e05689c,development
a71e0a718cdc6dde5f89e4df74e95a05a0c7bb620e86375375df5a7969f0da72,train
a7319aa2f22028e08df15a01cff007e263ef0715afffcd604afdc33509ad6d3e,development
a764e332992ca33e90c0af169fd2d3bf35ff5cbe7697509987f5c443b4cb7040,train
a7f5a4a6892324e5034a96665299597a77dce1c28f725c9b64b53aaa9ef16d00,train
a7fe8e89500f6473666f2bc3b05ae2ee6e160e26c5270ff92f6d9501dd170955,train
a81f67a37ab9a3c4be068e138ac329ff65bf83888ac21a7ddfccba948a9b63a0,synthetic_audit
a81f710d2f10d6817a72cc73b9a62d38959d74a35ef7b84745cdcea2f8781263,development
a86ef66aa888d0f03d2a537fe9ee085bdf6be390ee51535991f14ff423fcfa59,train
a86f9cd5a09e9d6354b5af28731cc27ee73774ef566fc93b22211f5d53d40a4d,train
a8e11b09cb296528732b0d17bee6c6537e79ed620fb169262f65176a980fff83,train
a8f3f2955cfeec920c1ad35b14faa9ce9dde779afaeebcadda1569068f52cd1c,development
a9034f8076039af4ea91886bc83ec33c2b1ef6d7b295ce2be6d196eb8bc6e808,train
a9803191e128f9b27b351fdaa234a2e0c278001e1f9674d9430c98bb6411c424,synthetic_audit
a983651b2ccbf538b3adeed1cde25527bd17928e3d8020d7b7be2cec2c51b00d,train
a9f8c7316851bdcb371829f1297053cbe370790cd69d6dcd0686eb008f26baf2,train
aa078c16bb8d4228822439918c6d577d11fc66ae594fff38dac224c6b1a4630a,train
aa20a17169d2e525122320926970153198e1072978f006fbf9ec0e41031d2f52,train
aa2a2e50d27f3f9468d571ad88b10c4ec85e7bd91c6d8a536de00d24de540197,synthetic_audit
aa461cbca86e02f2d5cc46bbcfb9b456c9ad64fe4e05da92db78387e5b4cfdba,train
aa75df292ea31d73ae3bb78a159f1dcf179a9e3cfe4abdf022bd01d1153f305c,train
aaa4a774db27386f2bece5d32a07b74b9c7755e0b0413f7b9ae2589128319a70,synthetic_audit
aac36f2f7bbafe72205b04fb7dfe9af79b8a274674a67d1af50c58eef1adbb7c,synthetic_audit
aacdc41bca39384e4447513b208310a99e324049d4b16cfd5f6d5f7baa70f4dc,train
ab0780da11471b91eedb2e79bd1d0d70005cf132fe13778670ff7cefe3452818,train
ab0c9616e7933882540a7ec824d8c37a8fdf6451f0a63625e1c295730299e394,train
ab9087f0da4c64bdfab1b08830f162937ba5acb91d0375dbbfe3a430495494cc,train
aba66fcc45f01952365dd0b279326e915d9b2fcd8cbe4aaaa9a46909d805a039,train
ac313f390232947f148400f308591ca3648479fa70b2cd1263b9e9f40291c643,train
ac77f6cba7d3f97e4f2a91caf7ba4d7ca71e59dc87959ede5a399fd7995c727e,development
acc28961536a68ff2610d17c92e4243a261146b4a0c29478a50d7c01692df653,train
acfcf8b12d7ba36407c4e7b3443238709c06f83e48897fc2b55ab906cb5e4c8f,train
ad0086c4bd223d45d506988f82dc977a001d2e4ba139f9ccecac756345a3d123,train
ad1884fbf3260a6ba055a573417f50dff584ef98f987ae75f35708fba491015f,train
ad52011c6f3ec7804015936b9d45087e8913da3a3f24ee173d3cb7811978ca4e,train
ad5d520d07914c7e24080916826175814c2e33435bdba6884e713dfb7306078e,train
ada21d384468101e73bf36ac2609530cc0f83ee1aa65c26beb2a0bf115ceffc4,train
ae0ea9f093c3231b63a40f29cd0db0536069f64c75101cbf15fcb92df851bafa,train
ae1228dfe6a742ac2eb23c70e773decc730ed93723312184457138b7c989ade6,train
ae23b118973654f99b5553cb0e42dd42f653e74ab1f9679348df219212276978,train
ae42178c6d229ccedfcc3980eeaa3e1ab5c20354cec3e383ca77d2f5f9ccdf03,train
aeced423d2fbced313eceec9eb8c3922449ca4d05d4459f5824ed6f81e5c86c1,train
aee9fe58e6469e16f87c4d606ac2e909cd1d38f716685c56e17a1a1f88b7b3c3,train
af3e1eaccbadd1d9e66ffec21412c87c4124042b037d26459509e2776beaa41a,development
af4f0a02b3d548bd8a8cf027808764e5d4530da2af05f45ceb10f44301d81ff7,train
af62b0d5d2ac64a7ea77041ae065dddbdc17526b230f4de56d82d995ea8c4159,train
aff08b2ad91bb89dfb8545a6e2e986af8f9a735d5b1d38b6ce1a591e3b8792bd,synthetic_audit
b048f5a24a0e5e032b96cf4627d18ee9af79e5b3fc35c75c8a815699817505ca,development
b0768c5ebb510edf3ba1675ca69b77db7ef9dfa8f02f1426e0a5ed4e4ca1e715,train
b078ee56016c7d1c87104c78c0210978ca9096b56883fdbbd5f0d29ce9a75a43,train
b0e115cebe47e359f86c6c2f27e7f9fd9439adc144b7b878d487f57461913577,train
b0eb8685c76ae2105fc8568feaa4371a68e2cf9f921ca6160b7ef6ec9217e1f9,synthetic_audit
b1657027151d6d77e279960a37bc74a4b4e2e4e31dd4f09385d05e384e8d95b7,synthetic_audit
b1a8d8310a0626dcbda02a68ce455471b9b9de448c6f6c13c5b8a1222b2d09f0,train
b1b6d39a538bfe459970534979f55aac0a08f23a09b9c455223c3eff0190c4bf,train
b1f0837a2aaa4450dca1566df48e2ac8549d8e1ed9e47723c321ea377def2f84,train
b21dac024a08b7e49db9ea43946042aa76cb30f96ed481eeb9c24c25ce592058,train
b28759d34255b75df12cceb75e9ec8503511e437b3ca5b11548b6ee94e43a270,train
b29f0dfe6891f3ef6a654ee66524faee5bf2453681d7bc3a8c5f2f11f3f006c7,synthetic_audit
b2a9b045e99f7bbde7b124e37aa38139321aea63a9c2585602d20e45a72527c0,synthetic_audit
b2fd948b216aabcff82ea0f8dba3fa1a5cc37989b358a26e357301c45aba0150,train
b35b20f8f63411cf51b6f7d7f3ac472fdf561f0361fdab7a794ee71e9adce590,train
b39c9bd6e5032b19cc6e4e7c008d5c410f80cbf81d2ed7296b338ac583a3424c,development
b39fb75546f438a1d7fbaf3d186569adbe97b23da0168ac52b87bf44daef4cec,development
b3b6bd356bd16d8e6e56c6288bc8b579e53ec2c29c32ebc7744c295d954ed0e6,train
b3dd7a7d42bccc06cc901c0ef24d8b6c2a7530b5dc6515f1c7f1d3e5e98718a4,development
b46c0a9f8b1484e861ae104d0565189237d9f213f9d5b124552633350facf010,train
b47e68a82e581f24c555c0dacde19071c1a907f18383c915fc5823fd91fc22e3,train
b49aaee6eace0e06f939828f70014d5a213b72f949993a9dd75767a34504a8ad,train
b4f62110ba96c05e3f92e1aa8e726405047fb5e555dfe2d29d8e31a94ba8c29b,train
b503547c05a143616fc1edd290daf2011e91e94c535db94e5b518b41a49afa34,train
b5314e26c12395cd42062068f9d31bdf34825f42c801525eb1af9b534f963c5b,train
b574f04b5becf8229814506e4ffee36e08ff8b5b4541a7ad677c0f7e985e2d7f,train
b58b816a6ed8f9ee0d9278cbef6459960c13dd7e1ff63e0b3ccc85093a8732e3,train
b5aba42296c178c0126a90f9e87825edd55cfa3a7dec44afc0efcc0b3e8fa7bf,train
b5b5c08a1415d5ee321964bab8a07186363913d74a1a30b4ea5624e92e536089,development
b5f1e86d590b419b0b61eb2a9c9e623f326b681b423fc356bf8dcb3f52ecfd31,train
b5fb7f2400cd955e072982865f26c33d60a17abaa90fbdc29fbff33d3c773cd4,synthetic_audit
b631949e8b13b817ad82131b97ff7fc955f6beb95702fb2b9a7e86d5ea428ab5,train
b65a10aeabd5782ce4e1742ac9b47158baa1b3e8e1290666271a2796fb424bec,development
b683c9374d3f8f2ac2f74953cb519fa7cdc077613603cfa4d846a3d4c0a1d985,development
b71e5c1112f2c2bd08da23374f4c65585d9210fe898cbf8c2678b910a710ebb2,synthetic_audit
b740592297e3baf81308e3d821ae181d9c82af0c0cd22eb51fb66e05fb45c010,train
b78023370ae7020fdc0d0677fce34c00749f9bb59b00a14d8290fc794051b70a,development
b8670df446741a6521003a1c89a236270a4702cd5bc81ab390bc865f848bd101,synthetic_audit
b87bd80068457c5b0360eef56c62222145b375ebb70bdb67ea967c23c32bc9a2,synthetic_audit
b8f4c4a9266f8caca462aad7d73d95ca372b6339f9e7cf76921ad8dd22bbfe51,development
b8ff7d8374236ea6b94a525ec47090b8d53e4c683870ada501ac62d84af93600,train
b9cc222b0e818dd9b93adfad0a97044bc702a6e98b628d956fc668e35292328a,train
b9e2e073ca1d5bf38d3f81763531bb88c3c1d8d51e1a245acff5cff016f61abf,synthetic_audit
ba674434cf6c323c4cea9777ff3cb0cb88dcd724d1f6d9d3ff5a49295aea5525,train
ba84258832f253117d271b4f092a339f6739c1d9c10def9356d2aa01cf71ee25,development
ba996406c181cf55863e1a6550380bd380f494eed6c856cf238c8459bb2c08a8,development
bad36a800f93f350859726b0e93dbc0cf34dc25e20081a5ab2ae596854dc197b,train
bb1c0309a2a67a75c7f5d40a68ecb23e77996b6ac73a5383d6da396889dd4fcb,train
bb38513d2436b4710545fa830ffd0fee3e9d045434dde6c207d45be0701341b0,synthetic_audit
bb651bbd5b5832264a7a2af0012b1ee94ba5bb92846b246e1434bd645e5dce4b,train
bb6d143e3e2d4ac13fc85b988ea7a4189181be73f5f83beb7f003282f8ffb971,train
bbdd699351163481c48d191a2108f7222dd4308a2640edec3a92ddb51776527e,development
bc0c62c1c88764af6f66b8a780a172c0e072141a7043ef2c44b78aeadf7329ac,synthetic_audit
bc9a8ace7732de7443238188f257a46f6129e1756f62966280d384942aa9c626,train
bcaa936e5cd19c13b682a6a6bf9d6d1dc472a4b832460a30a46951e6f4b8c097,train
bce302f9de28d7231dc4da90459be1c24929af4cc2eb970a4e5cdc448c5e89c8,train
bd15a630d8308f048d546557c040c7a6f535b882f0dfb560d78636ef2fc948df,train
bd5d1f47ae5d3316de8a90d9e6a88fe21a3f1228312ed6f251bdabffc64eb6f4,train
bdc980dd562cc4a1aee6e92c01ec111c78c11e5ba4a9d94ab271d038b40b4042,train
bde0319b6d4845e6cc74f12b0dd77695c0112d8fbf2eb6178133bfd9f8b09ad1,development
bdeefa94e8cb11f160b38df5c28ecd1d3033854a4c4866cfa6628ca23b449f5a,development
be87da06a1d8670cb2b58597dc396c2524cb568a87ec2c8e7f1a0aaf9b3d7893,synthetic_audit
bed289b89ae1ddaba0f0e439707030dbefd7fd73c478224a8d243832a93ccaf9,train
bf33ce8d94188351bc138fbabd3c060b1b519193a4ba6f06be365fae6479820a,train
bf88a9d0021539dc709402bbcc4d7343c55104568cf7aa3f284eb181e3c00919,development
bf94649d17c12b74d37c31abd46914a1fe343da6a3e35da3d7af4324e38a910a,development
bff47a70b7dced8cec18a0ae2d21fb943a57d5f080b1aa2fbf86bf64d6a89558,train
c03c28ace0d699a97b00f2d6503b8d87c5c7184ac797f2614169cea1f3ea5b7f,synthetic_audit
c079a48603784fd127059a0fb9c3da91b3a900a10fa33d96bb4c8befa2ea65e5,train
c08edc322571ed8fb99d6859502902eb1c94ae5af4824d21aef7e4d6faed4bef,train
c0980e0dd73c40b3c57b4b44aac04a4054f4e0f99523bf6f14b666fae2326646,development
c120865a08276e6f3a28f4506e7ba410980b9cf189ff62e81dd5470095c50b32,train
c158d40f7422c631839fe5fb5a1f982862a2468b531ccec213b8eca878eda9a6,train
c173c9fbf84786ccca00cbcb448f6ed782e17e123b7298c05b3fada786f7fca5,train
c2534a567f4f5ef5aa4535880925dec8b8a96d0cc1e2eb532a2121ee38f0d55b,synthetic_audit
c2892338a035dbe00bceaf3e5cd4ca97730e94bb6fbbf09d10a76d3a919a2241,synthetic_audit
c2f8dc3e1b57d179dea0f5cd28a50e24153cd219e16d86370d2af175d69a9f36,train
c322a48d64fa7aa31f6a2dcfaeff6ddcf2ed4794d2dc6868d339bfcd541a7842,train
c3e2fde6b2c58400b942ab2e49c578d7ba32acbcfc7a2972ca38ce1e55e3d36d,development
c3e8514337af307a6f87931d9f370b5d5b9fd7ed9803c259e9c955d07a4536c8,train
c3fe591451f238e577bafb69a7170fb465685a4e1412e870b9dc1a28c4fad6dc,train
c41942803181b1c5ba237f9bbdf0122fef5c441aa2d71b2186d12ece9fcf74e8,train
c43d70d82733cb91e9a3c9bbfd4ccd717e3bf80dfe48c87825057003ede396ab,train
c4409052a2de20954fb5d8ee9be731883ae954ec143713938905bb43b2634b01,development
c487e6d8b6a4c0e6dc56505c2d962d2dcba25cac01f19077e49d9ef664b20181,train
c4e3a62abedf2860b3c76e48dac01ce808ead5a0986a06e68a7164413f18018b,synthetic_audit
c4e5ef70ecdda86e40622c0da44b3338c8f55a12fc01b673be8b79079f8af9b8,synthetic_audit
c4f6f5666bc06bfcfd77f803472848c3ab7afbeb6578c506a22e904f3c70c0f0,train
c4fb01972eee18c949c3eac97e37c293adb816a583b0cf94dbfab2f25359b0c7,synthetic_audit
c532c2b88d3737ca9376a9f1391d31add6b8354f8c242ab069ed04fea853c959,train
c583f26d9e18a8ff3adefdf43057811e1311511dc1a49d1e9e88c0c1598dad9c,train
c5b8ec67f70fa260d65b8f4ecb923dc0930f578f153ccf7f51e17530e16e225d,train
c5bbccc5dc6421c0149887bda335f83729625ff3c7635606cdf32b5f65c44262,synthetic_audit
c5bd1e75e4f3107be56285efd456f6e90fd9afe553ee72cfb0a375d02c0ad1a1,train
c618b25d7e3ecd3294d0f6daa9a2314289e0a4b3b1ca982aceb832ec77bd2ccf,train
c62947f287e9b5b92acb678fa7be41fa367d674e2723b914debc9530477f48dd,train
c67bba6c6e11199a9ed8adb68a3c43b17ea1114ff9a3027d96e855f1023f24d0,train
c69ac6ba941fbe1e6d7184d8f3e4147f37a503a8ee785e1426955a829c958a38,train
c6cb61d9a277ea092a106897ace39e8a2eb6b0d6460fd10b6c280a96e19472fa,train
c7b658e0955e4648f5f8177f26063dbf6164369c9432406929c4726aee12a9bd,synthetic_audit
c83c767aab33a1c4bc3e508f5c17dadaeffde5b2a4c5c6a6332801280af8ff21,development
c86bc7086034863ccb3c16c7e27c9a5acf1842c508bf7b696d4c262ff4fb0d01,development
c8783ff0d05c93b735f773354561c9f6f7b4dd9b448633381b110133fab1babb,synthetic_audit
c8a74ca0003514fe4b28ed120e6bd40695d1384377ef374d12a9176988b800b4,train
c8d6ccd917693626a98c1807da52644b605b29d7519681234fcb79bc079eaa1b,train
c953978c8b166ef0288f1d5b760d58795af73a5f516bd08101545d0c0fa869b8,synthetic_audit
c9867dd8df873187d29775247f14b1c677418fee6c11a33b4f302568072b82ee,train
c9a3f6f9af34a236df8c45759fd97515464591821721930f1137457a9c9df6f3,train
c9b825bc7552386dd3d94cf9caee57a075777ad4397ccaf6f2d2f3821d81ecb1,train
c9b8678c6dfac5a9714960dc2ee42c71c6fd70551205599b389c419e9f3a184c,train
c9b902c009490de91a60312ae2966dd9be7a6297f97c718fa39d4e5744ccd745,train
c9ccfdfcbde7ca186c4367f0a5954d7de4db168f8d78b56cc16abb582145fa1e,train
cae0bafae9440c28f8bb00944a5ae3b7d4cc104049d0f683d6e55f2e01cd8c49,development
cb895a14a130d30b6d428566a8eb3176d7b1c306f0d22bffcfac541547806802,train
cb8d2bfe9efc48366a08117cd3e6d130d83c21855fda417ebade5289bee692d2,train
cb93be555b44b0de7dbeed8656938095433a46f83b7bdc384f013a4f2f6af51c,train
cb945403423ca7ec702eae936e16143675a52e680c55cee85cd6244be33b2d1b,train
cbd1c957366805aac39961ec04bff6abad8b54c5e041efca575a090f61013708,train
cc004637ed0eed0891be8d1eeeb5cb70466ce358db87c0d8f1765dedf42ab486,train
cc6563267a93d8dabe48a9c9e7d2c5f31e050babe3a517a3a9a389fdf3c44766,train
cc858f6436f5fe235e6d3601f79a20269b3fe15936a95c7f3ab0fba8108a5345,synthetic_audit
ccb0fb1638f41c50a47938691b4213ecb1223a1000de07c1c81ef46e334ae843,train
cd1244b29e465577f7befcdd98c1c573bc225f4ab1b6a02113ac7cb799bc3fe6,train
cd1d50ccbc14eba1886f21c546e2ad5db29b16b9d88854cc5b4aee9c45893c36,train
cd3f90ee822ae3eb3f4aff189b5cbd8a1f3234180a2c35a81330a8b2e88d1a2e,train
cd506354b67eb84e516675d5ff92232882f4f6e8ca4ef16ca0bf9bf23ace4fc3,development
cddef7e42896db12f40b4c82102ab1f8db4ddf0924575b178351a170822d1c22,train
ce2036ffd06ccb8fe3ae3048f528c387c6989c4bab5c1f85982282d88770f658,train
ce3be23635422dc1c2976fba0affc953270102b490403a29edbdae3676caeba1,train
ce66552e33755c10f858829d106a55a5cd4582828cccd62d031a720e4e31a120,synthetic_audit
cf216a360083ccb9213816fa80a216ca07e3daab7b1c98cea9af61038e4f8d83,train
cf38c611e1a7dd4a9dbf0d50f2686158fad44618450b0b10cc206e9d02a512ab,synthetic_audit
cf454e801478335d6757c14e1c0231c8ab8e847e6798f20090426eac450078b8,synthetic_audit
cf4a44b833a237defb1d9d1af6e4d815bcb702e7c525f7cf1fe4f877f464eb40,development
cf5e6d6625f018a437667b3e2ffb9e560fc0d76a776937b46959c9688cf46edb,train
cfbe3650ed16bf268cf0587dec738a2f308d2b8eb8d6297a5ae25acd92c25357,train
d03217f371fe5c07bf511613b9ef211ac760405533ece416723682f34b1bbbb0,train
d0827c16f08f343bd3875fd6d644692f72f846163d02b9bde9b2cb2cfe48e4e7,development
d0a9becbcb4e7cffc8095e89620550c9919097b6ca7d5729d6e097d12db092e9,development
d0ccc54f6f4abe3bb294e4a46e8ab2ca078a574ced6abe5b4b8c77829c5d5922,train
d0ef11fdb8a30d79b063a428f02d18d01a2a6f23a3dcf28d4a0873e286cc86fd,train
d10cbd8a46f4bd170751c80bf739dfc6632129c89ccf1863ea844fefefda8c17,train
d10ddfe1d270c1d5d956399adbc4aa489771a67a06baa8cd7eddab0f6622b28e,development
d1723724af28af92e599ca627fca79b9bbc19a5d53dbd607674e1f01358f856e,train
d1912188333acf33919819c3463ca0a4d4f3ab8da3e45ea21f7276356709cd10,train
d1a33b91f5bcc6633c1389a34a76dee362e007786217561bfc3a0c9dc7d74215,train
d1f20ab033f02ff2eae8910b9a96cd69b40280c6313fce52664fb7a75d0625fa,train
d23347b589c4342fcfe3b3752a9440e48153fab83a3cc1483cc7ca646d755ec2,synthetic_audit
d237a41156e70a7cc79cbe0bc67d540099e0afb19c382c1ecfa36b3f3cbd9838,train
d23ea04d1dd2c85b1ec98100e833fb694543238f6c7feafbad4a0ebec4ca446f,train
d2527cdb60b877300308a1b56992d43c27026fa8caa3d4379b5f5cdac9ceae0b,train
d254a1d88a23c6ffed4529152bb6a2c71fff5b5d3560b5280fad4fbd4f606fb6,development
d3ae4a563562f6ca8823d09bff094ef55965cb725d99c74175f0bc37063f1e06,development
d3c3b83488ca4efa3ffaa0dea6b03266a0a339bdf474f648fbe729e54112f161,train
d46664b96c7263f0a51d70e4bff2aa20809822f3752aca930c0eda5841daf395,development
d48b4d502c4d1f15507d7c77abba03c369542693bf2d70152d268fe0977d4c84,train
d5105816ec0e9c30814b17b90bea10c8b68e867defb94d4642c044dfa01f4677,train
d54b02c1f7c8da3b07b7943b8d3565ad2296e198341d05f291a1458c67f5e88c,train
d58a668d471e3a55d623207270a990743f20e363ce4a35535fbb732a8cc6bcfd,train
d61c2b39a64ced415ad6a9c2bb81472495894e25523322f775b32988254dc651,train
d657fe786983d5669579d3d655d1bf89e0bcc392c625f9a6b631b516c6ccae67,synthetic_audit
d65afebec0a81d4007849def49b7034c95b87c9c992de74e56aea4f31b0377a3,synthetic_audit
d69d65206011e9f63efd2509b324e62f72858246e1d790711dad1c26f22af1cb,train
d734b60408353d456a40e4ecdd9a53a86cc8745ebec79753943ab1a55446e9e7,synthetic_audit
d7561833cc262df815466b352e07d82582902b7ee8300684346ce74f591d22f4,train
d77777651a157aedbc9976555b7b8bb0c3ad387d451a3b06181729912f86eba4,synthetic_audit
d839aeabd7bcc3ad3ec56a252533c0e43e1e8ebfc0b00152fcd12e6b33111622,development
d85bbce983c9b07877d389f9ecb4666450c2cb7ee8c9fce88240f7489bb57baa,train
d89a8f1a6ea0fa1205c558d217b7602057e20ab4dfdca6223e50617e66707159,train
d93b25b54ed59cb19c7b3f79cf6c920d42cbc621297d3a1fbeadeb22cf4e2129,development
d97075c7d6775cd93bef8d0c1d63ea1f7db7561c17ff6ad5c340c576ddf67a77,development
d9aaf6aa449b03f71ecc50562c5a50b701bbe7a04d69bce0ead03d4dfb932bfb,development
d9ce0b8457c171764d769367f09e3f068a53f0c1701c1cb88078789e0fb8e12c,train
d9e2b2b8580c57f7ec01c4145085fe507dabaa710a5bfefca475a71a4c48d170,development
dacd8870db5358d400f44fc4b669182c1f0fd4dc8e97689535364981ba7a887a,train
db8b6256f205f746ac6df0efc1d91391b4b8c144b7885fcc3816934b24b639b2,train
dbc3a67e8a5409aef5c4e0196bb9ba9995d29ee9d847cb49678fed411dd4c6ab,train
dbd9150272c32fdc7e9d689fa946453b264a4e9992bf2bf1ca1d8c6524426a4c,train
dc35a22a8245b1f18bc2f58029dba71b1769591271555a6edfeb9f9ee02f6e3b,train
dc74a12fb6089cd77f8614c78ce5d10087dd28c772c41523d568d2bf8427811a,development
dcc00c4bee0d33e79c8e87a1c12cfd9c030b218308ec4fdffaac6e140a574210,synthetic_audit
dcf17479839ebdd7084c1228dd4aa104e1b22d9205c1f9aa4ff188cfea2c13e5,train
dcfb6e999a9d1f21641cd46437ba62ca3b46b620015763e447425ec6f2d75b32,train
dd0b9c1fb005e7e2a8d5a57d2d673842695575966983d8263f847ff2392ab731,train
dd455f14fde54eb4e0ffb3f05e0533da62dbb3ce8ef392d6ade9383f1c266af8,train
dd60178f96ae7609344ce997b4bba47dd1a801602ec43f0429f449666225345f,train
ddcb143a31ec6481a0d23ec1d2e81014bd5d10a37b1aade107e296a21e4077dc,train
df6d59c3ee0b0539728b481192168514d4adea199193ea034cb7a0d14c528799,train
df81ee037484725819f226ed6febf7b3023f5de1b4ee03a44a811a8c2ff656fe,synthetic_audit
df838910751c135d0aace9c1c3f2b1c8882b40ceee2a148bbc6b59e79d742824,development
e033916f25ab264d57cc50aa68b79e2c764a4176d9b9c65f14c586cf4f292d85,synthetic_audit
e05c588ada473e3203bfe8527cf0e9b1a89219832f5d75ef531b790eb3a73164,development
e0c4bf9fe5f9842bcc69357f017215716ef37f5286f00daf537d2af8dea55951,development
e0ebde2d4328c0f8607414ac1fd8c5c8a7987b6f888c1d3d5b7589fd799e9426,train
e11594e5db14688f607dd001feb9c792fd6464589fa437a5ef00eeb92a442b6c,train
e161250e1c302f8c3fe2ae11014deda70930301f6181e7b1b4f9a856252f6668,train
e195866dae119d485783c06ea0731da735933c6717b4b5f9dd2ace82e40938c9,development
e1e7678fac5d8d7d61172ae7d0a133602ceff544d1ebc85346a1f118f1aefb0f,synthetic_audit
e1fc9da2b406cef5f18975be7017d550647a7ec9234b3329e51e2a87c36ef782,train
e22738450fd1e84e48b8c9f20698888e79ae43c5743ac89180712a748e16feb7,train
e28733f8a5e8b1b53bed550195194efb46d92d9ef98aa2731e944ff74966b547,train
e28dbcfdcaa96ec90fb88b04dc0cafc34631bfa13b7a9be0cb9f6662a207cc48,synthetic_audit
e2a4fb811f601c7235460caa4fc5c79309af2a586cc89ea5ed6757ce313e3c09,train
e31a629a3d7cf99bd72b2e242e709ed5556fa5f7a234d339a001b33d27aa1c14,train
e40ca62c099a0940c0d321a53b0cf4fe8ec824593dfc9dfd644713622ed99f3a,train
e466916537bea04a7c7c395d1d400a02d32c6d731ff111d6b14963140defc61d,train
e46cac55536297c8f3a532d0a232a550b4e525168a5d94a8ec00d235c9ee3587,train
e4da62022963f88f16a9e41d171b52fcc74b19f2b5231b4d786f49223d99b247,synthetic_audit
e53b70b08d5d634c41563460dd6477359b5ea3d3d59154e6e4242b4b24bb2c75,train
e5dc1e4c7055f0f01d4c3ca4c095eae675624216a7c108dc8b7c75792cad5914,train
e6554fb1bf69d8e583a5eae76dbcdae811b8d466986644225dffc85721c0ee26,development
e6e1b174a43076223e28b49094bb0f8792d512e0ba16b144ee8f733d78f51054,train
e6eb980c57af78405de2228113e3f49bcd688835f7e060db255cbf35d5c9c038,synthetic_audit
e81e9d27c6d912b222ef696641f22dc30ca5ffe98bda25c5e37d41d4da88954f,train
e828a97eb0c0d6b55f3c74f8fd8eb2f8d05b79c487c4a46a74cd91c6afd541d3,train
e83c1dcce074573176d1125efcebe8ee45b35133840f2f92b4c593c839d34c82,train
e8981c8e9985f9f29187cc99861cf40cf8caee508f241958fbb8d1fb60114de7,synthetic_audit
e9ae7a1690a3179ece7760f972687d0c0c91f5e30d3d27832d91ee648ba37bd0,train
e9cdeb8d41eb19cb6379eaf44a181445c81e501c46b8b52caa2a354fa93e2356,train
ea4161f601d384c5998d615cf9ea8d8f5d36a0943bebc6e386b797412dcc7ac0,train
ea6cfa7a7dcba6185e65690c6eafc6324e96523a18734158753004f86c70aa79,train
eacea259cadebd6b13984f006612bba9e316369750c73272cd71b440fb30a7ed,train
eae21acb35fbd35753e312cc53e38dfe820e6e115bca82b1216827420f8596bd,development
eafdfa7e8a48064abb7f502e31dfddb3b947bd2057bd9afe0f773db06c2a6abf,train
eb4e9e831627cd23301ddda0c8009fe22a16d31326aaeac55d08ce54f870fb31,synthetic_audit
eb985a652e9bb416d94e39896e16c26376747b3e902144326a4ced91763b7da1,train
ec2c358dcdc2676fac40053fad45a8a64d296cbbfc009c474f288811b5f4f99b,train
ec5799945999085c57bd38b39e8bd3eea1a48f347381f8c00acbfe439c9e8b13,train
ec7a1b78a3658afe2a925bd23b9d2a312c2a9fcdbf2788fb2ef34f1474d15fa8,development
ec7fa97a2d02f4b19973fec7a3a119f13007413f53004dd4d91ebd84d51584b7,train
ec9144d610f76c1de87c990dcb2e9c9af502dce35d0f8a5b3915e79e9350deae,train
ecf1b5315b325320ba463971a387060636ffd05c43e6fc342e297641378660d9,train
ed6377bee91c8c63cc09ddcd12a1771aa4187067dc2f9422b8d19d29883c3155,train
edae830ee90c8ce3a37d13fafbfcd9acb828ad6844441c1d27f02daf8cbe5d3e,synthetic_audit
edbbf1b3938d7bd9a0406dc7224373a1d6418dc86d7e44a48340093f89a3c219,development
edfc1983ba8033c0c3e9b50e1f496b7306cba23f4ba88987d9bf1242bd878a42,train
ee4f69671d60e23fa0444f15dcfe504d2d7dbd7e8a7ccadd7a5f709a9cca2007,train
eefa251806e027aef6849715b487a9035c01247610cec45a672b8a3b258e04d0,synthetic_audit
ef47d0e489da6fac64a0f45dcb399c4e073e5b3568b248ee7d3844c30e9c2fa7,train
efa1fe52547c44f93dc0801eb0c06c6625092274f825ff4607b745b6cb385411,synthetic_audit
efc266003b5c76e561d239afd06431545f6f7c6c7b3aa38b9df8a0bfcc03c799,synthetic_audit
f023cf294be30cf6e4f8dc7579dfcd2ca48d67869b62edbb45ae8fcdd5c39ed6,train
f08d27ff93d4ccab9940fdcdbf710fb66e7b42494700d5fcc8fea9bd6cffe745,synthetic_audit
f09a028d272793261e9b20ce6c94d4ca88a3b8f295f7c5a7bc9394f1a35e9758,train
f0c747dc24178e39cd140c4a6c2ef46de00f36dbe1f483d887909767cfd87489,train
f0d81c774efa9118531df632fe9859225a713b06aca937fc3f783e8b65b44146,train
f0f901c1022b7f719109405963d1e46692eb75ca2256c13ea726bb0b92b7fcd9,train
f105a19272920fe09822a9517cba0d8dad62f536e5f80fdad46829a116777c65,train
f110169aca6d6b4a4526fcb70041544365d68027c98cafa9866099c7b27bcc95,train
f1440c76168939e5d7ce91874cf76337429d728bed422f8cc3dce772d2be6b1d,train
f14d7c0cc05f2052af258c1efefbdc2982203b2d332e46dd6fc98382d1c1a90d,train
f19e280a3748a843e0886557ca31dc5bb664ae3795c68694864c1de1c287593f,train
f27384798aade2cb7a394300a56a82d5f8e8f70c5025efbfb4c2cd1ab89eb5d5,train
f3ccc087cd87cea48b49cbaf3cb3c995d5b71888e1397af37bf1eb82f15f280b,train
f3f6cb1182d69d5da885f0beee1dd5f760e39563fd5b5551758eb4400cde01f7,train
f404a6b56b5fd205d29913f98e1d0c954f5838dd3aed811b58119db7ea095215,train
f442d3d869e3b8f152ff2c858f3ccc92c15d5eb67ee51c7236bb658fbfdb4bec,train
f483dbe493acbff050d508def6cb3819af10f40035007b8ddad4d6350eb30cdc,synthetic_audit
f4eed2224329e8fc10d12b93a7578a3936a40e3f605d5aedd4e2fe4e8f2d1ec7,train
f4f0f983bca387b4cc1f811ac664457db23dcb0e75e538d55e33eb4610b6a43f,train
f52952a223e989a21913a79faff3fe64bc93742cf3e69f76a9407271b43a9033,train
f5593926fb25e561890e6b6572da6209301eae74b56c4043c6ffd2bf1918be34,development
f571d618aaa547debf73a2e5aac7bdfccb7c589c9eb9cfff9074b55ad1fb1ad8,development
f5de897f80f2b17142ec5549f84750123b75f78e13bf494faa9f765952919f9a,train
f60fdaa19ee937c8c6c1a9ca267fc6d0095eb13255e21e181a16953251cbf3ba,development
f68551cfbedef105e8c6fe2f572110fda0c491171f792547edc80ab27ece657a,development
f698e90070b1ebd55a2f81e6c99c2d1d838a211e521d9574339595a7b918ced8,train
f70cb3b79507a0bb367ff623d4baa5a31ad5f1dc2efa5786e67104971b077cd9,development
f7254beccc307b74ca66974669c3228554583797ee41ec26f23d07a69599c8eb,train
f7908fc8708b96b9479371e4e8eacdedd034eb68655a63a046e22426812d1a9c,development
f79f37161a847d5a775b25d099503768ee7ea661bfc55db975358e356007b292,train
f7acc15a6c7ba8dc6639f69d37a8eff2e120bb504982f41eb1501c9e087a014c,development
f7b5e9cad6915acb8e87a553b87f960cae1d07d8ef4e816e61c663e07a80e1f6,train
f802332de28e2d0849bc657059e1ab899c1bc52a249bb4c05477c8945b90dad1,development
f80de29db1d9911c38989e9b9027882fd515432a3740622e18953fa0cc2cd5cc,train
f82f6b8db703d9f2d266a2ee74bf4e8291581983a3b12c16ec2e2df8ed5f7114,development
f8630d9c1444f5dc94a35b2626bb92f3210ab1d44a76eb8162443f70090e39c4,train
f889531c2193c746a9265d873ae3fb0e81f61e9f7fc8774d4974d663bfc79bf2,train
f9322d8e654220e310af8dc65fb152b707d631f818c389439e11ea17067283a2,train
fa3fa08ee4b02e641c380516dc66253123408e5c423e57575f482858e799f255,train
fa7abb9df00103321296f7bbb409c764ba97580be0d564713201d3df416e347b,train
fb8606f15ab2f02d7d21e4d3645566ed4f574b378a7cbd01e1049cc6c6ba8114,train
fb89cdb28fda791cbf401e39a5d62c8d2b277a6898de201e868068aa8ddbbdfb,train
fbab6ee1eabe27b7f5cb6823d16526736df327a02ab515d85d7e724d3df663d4,synthetic_audit
fbfb26246e3c77bafa0fd78e67b006c75799d2fd08248c34eed7ea43562b0619,train
fc161c09b63b013c1829b94e6d0be41039576d0d37343fc67254ed706064b47e,train
fc216acd572bca41bcdf6185e84d5500ac5fc4f7760175b4c2822af09a7fc699,train
fc8ed2d86df52f986fa0bb500746be6648410400318059b4f9ccff17e96ad7bc,train
fcfb95d954abdd778f38627c1df14ccbe883e2e6a657c7ee54925c182c927316,train
fd0a08509beca54abbe9b08287840a70699791aa2d32e7f0127d78e27ba3c42d,development
fd716ac34748319cf7da67c9c8562a9649abaaabde5d98c958f2f459548b7a59,development
fe13df6d475185ac1236cdc318938ce7685b645e8f0f1b91496ec4420f5654e2,train
fe38b8ba25aadc6e9f5c0961dad17ac0eb68891623081e056446f309b86ac7f2,train
fe9da3998a87716bba4413705a09607bd52e69bf26e04384acea427df6f6cc35,train
ffaabafbe19e281228201f3926ba6dff8298f180ccaa4230e8bfdaa24a7a3304,train
ffd691fba88bdd150c3f5fc219763a158d21e39b0fd147c9efe36b48d8461347,development
