"path","type","reason","bytes","last_write_time"
"reports\step1_schema_audit.json","file","current/provenance file retained","13738","2026-04-21T11:52:34"
"reports\step2_aux_pgp_evidence_manifest.csv","file","current/provenance file retained","4537642","2026-04-21T11:52:34"
"reports\step2_content_item_manifest.csv","file","current/provenance file retained","127608549","2026-04-21T11:52:33"
"reports\step2_content_seller_manifest.csv","file","current/provenance file retained","2992805","2026-04-21T11:52:00"
"reports\step2_en_gold_alias_exclusion_list.csv","file","current/provenance file retained","2115924","2026-04-21T11:52:00"
"reports\step2_en_gold_benchmark_manifest.csv","file","current/provenance file retained","10470470","2026-04-21T11:51:59"
"reports\step2_en_gold_contact_exclusion_list.csv","file","current/provenance file retained","329","2026-04-21T11:51:55"
"reports\step2_split_summary.json","file","current/provenance file retained","3048","2026-04-21T11:51:55"
"reports\step3_item_identity_signals.en_content_train_pool.csv","file","current/provenance file retained","192123253","2026-04-22T14:00:20"
"reports\step3_item_identity_signals.zh_target_aux.csv","file","current/provenance file retained","168503","2026-04-22T14:00:20"
"reports\step3_item_identity_signals.zh_target_strict.csv","file","current/provenance file retained","3143161","2026-04-22T14:00:20"
"reports\step3_seller_profile_summary.json","file","current/provenance file retained","5316","2026-04-22T14:00:20"
"reports\step3_seller_profiles.en_content_train_pool.jsonl","file","current/provenance file retained","110581047","2026-04-22T14:00:13"
"reports\step3_seller_profiles.zh_target_aux.jsonl","file","current/provenance file retained","7333361","2026-04-22T14:00:14"
"reports\step3_seller_profiles.zh_target_strict.jsonl","file","current/provenance file retained","42214695","2026-04-22T14:00:14"
"reports\step4_candidate_summary.json","file","current/provenance file retained","15954","2026-04-21T11:51:12"
"reports\step4_en_silver_candidate_pairs.csv","file","current/provenance file retained","8085500","2026-04-22T15:47:07"
"reports\step4_zh_target_aux_silver_candidate_pairs.csv","file","current/provenance file retained","737187","2026-04-21T11:51:09"
"reports\step4_zh_target_strict_silver_candidate_pairs.csv","file","current/provenance file retained","4448374","2026-04-21T16:09:27"
"reports\step5_boundary_expansion_apply_summary.zero_shot_bge_20260421.json","file","current/provenance file retained","499598","2026-04-21T15:05:24"
"reports\step5_boundary_expansion_codex_review_summary.zero_shot_bge_20260421.json","file","current/provenance file retained","312558","2026-04-21T15:04:59"
"reports\step5_boundary_expansion_queue_summary.zero_shot_bge_20260421.json","file","current/provenance file retained","4367","2026-04-21T12:29:02"
"reports\step5_en_balanced_review_queue.csv","file","current/provenance file retained","7057269","2026-04-22T15:47:08"
"reports\step5_en_frozen_silver_labels.csv","file","current/provenance file retained","1325065","2026-04-22T18:34:43"
"reports\step5_en_item_identity_expansion_apply_summary.20260422.json","file","current/provenance file retained","9726","2026-04-22T15:47:08"
"reports\step5_en_item_identity_expansion_codex_review_summary.20260422.json","file","current/provenance file retained","20830","2026-04-22T15:46:48"
"reports\step5_en_item_identity_expansion_queue_summary.20260422.json","file","current/provenance file retained","27722","2026-04-22T15:46:41"
"reports\step5_en_item_identity_expansion_queue.20260422.csv","file","current/provenance file retained","110755","2026-04-22T15:46:48"
"reports\step5_en_source_expansion_apply_summary.20260421.json","file","current/provenance file retained","63989","2026-04-21T16:54:40"
"reports\step5_en_source_expansion_codex_review_summary.20260421.json","file","current/provenance file retained","240358","2026-04-21T16:54:32"
"reports\step5_en_source_expansion_queue_summary.20260421.json","file","current/provenance file retained","3466","2026-04-21T16:53:51"
"reports\step5_en_source_expansion_queue.20260421.csv","file","current/provenance file retained","857319","2026-04-21T16:54:32"
"reports\step5_en_source_expansion_topup_apply_summary.20260421.json","file","current/provenance file retained","26132","2026-04-21T20:09:23"
"reports\step5_en_source_expansion_topup_codex_review_summary.20260421.json","file","current/provenance file retained","97425","2026-04-21T20:09:12"
"reports\step5_en_source_expansion_topup_queue_summary.20260421.json","file","current/provenance file retained","3587","2026-04-21T20:09:04"
"reports\step5_en_source_expansion_topup_queue.20260421.csv","file","current/provenance file retained","321334","2026-04-21T20:09:12"
"reports\step5_frozen_silver_summary.json","file","current/provenance file retained","22453","2026-04-22T18:34:43"
"reports\step5_item_identity_expansion_codex_review_summary.20260422.json","file","current/provenance file retained","382","2026-04-22T14:02:35"
"reports\step5_item_identity_expansion_queue_summary.20260422.json","file","current/provenance file retained","12812","2026-04-22T14:02:35"
"reports\step5_paper_targeted_expansion_codex_review_summary.20260422.json","file","current/provenance file retained","11438","2026-04-22T13:36:22"
"reports\step5_paper_targeted_expansion_queue_summary.20260422.json","file","current/provenance file retained","12855","2026-04-22T13:36:16"
"reports\step5_positive_anchor_expansion_apply_summary.20260421.json","file","current/provenance file retained","21635","2026-04-21T16:09:27"
"reports\step5_positive_anchor_expansion_codex_review_summary.20260421.json","file","current/provenance file retained","57744","2026-04-21T16:09:14"
"reports\step5_positive_anchor_expansion_queue_summary.20260421.json","file","current/provenance file retained","10173","2026-04-21T16:08:21"
"reports\step5_review_strata_summary.json","file","current/provenance file retained","16550","2026-04-21T11:51:01"
"reports\step5_semantic_only_test_gain_candidates.json","file","current/provenance file retained","119632","2026-04-21T11:51:01"
"reports\step5_targeted_cleanup_summary.json","file","current/provenance file retained","9342","2026-04-21T11:51:00"
"reports\step5_targeted_review_queue_summary.json","file","current/provenance file retained","5559","2026-04-21T11:50:59"
"reports\step5_v2_milestone_snapshot_summary.json","file","current/provenance file retained","9525","2026-04-21T11:50:59"
"reports\step5_v3_targeted_cleanup_summary.calibrated_bge_20260420.json","file","current/provenance file retained","58571","2026-04-21T11:50:58"
"reports\step5_v3_targeted_cleanup_summary.calibrated_default_20260420.json","file","current/provenance file retained","119679","2026-04-21T11:50:58"
"reports\step5_v3_targeted_cleanup_summary.json","file","current/provenance file retained","50962","2026-04-21T11:50:57"
"reports\step5_v3_targeted_review_queue_summary.calibrated_bge.json","file","current/provenance file retained","16334","2026-04-21T11:50:56"
"reports\step5_v3_targeted_review_queue_summary.calibrated_default.json","file","current/provenance file retained","28844","2026-04-21T11:50:56"
"reports\step5_v3_targeted_review_queue_summary.json","file","current/provenance file retained","15661","2026-04-21T11:50:55"
"reports\step5_zh_target_aux_balanced_review_queue.csv","file","current/provenance file retained","660847","2026-04-21T11:50:55"
"reports\step5_zh_target_aux_frozen_silver_labels.csv","file","current/provenance file retained","802","2026-04-22T18:34:43"
"reports\step5_zh_target_strict_balanced_review_queue.csv","file","current/provenance file retained","3980407","2026-04-21T16:09:27"
"reports\step5_zh_target_strict_boundary_expansion_queue.zero_shot_bge_20260421.csv","file","current/provenance file retained","766971","2026-04-21T15:04:59"
"reports\step5_zh_target_strict_frozen_silver_labels.csv","file","current/provenance file retained","1475333","2026-04-22T18:34:43"
"reports\step5_zh_target_strict_item_identity_expansion_queue.20260422.csv","file","current/provenance file retained","1406","2026-04-22T14:02:35"
"reports\step5_zh_target_strict_paper_targeted_expansion_queue.20260422.csv","file","current/provenance file retained","66478","2026-04-22T13:36:22"
"reports\step5_zh_target_strict_positive_anchor_expansion_queue.20260421.csv","file","current/provenance file retained","279776","2026-04-21T16:09:14"
"reports\step5_zh_target_strict_targeted_rereview_queue.step11_bge_v3.csv","file","current/provenance file retained","88105","2026-04-21T11:50:11"
"reports\step5_zh_target_strict_targeted_rereview_queue.step11_calibrated_bge_v3.csv","file","current/provenance file retained","89575","2026-04-21T11:50:10"
"reports\step5_zh_target_strict_targeted_rereview_queue.step11_calibrated_default_v3.csv","file","current/provenance file retained","157984","2026-04-21T11:50:08"
"reports\step5_zh_target_strict_targeted_rereview_queue.step11_v1.csv","file","current/provenance file retained","22616","2026-04-21T11:50:08"
"reports\step5_zh_target_strict_targeted_review_queue.step11_bge_v3.csv","file","current/provenance file retained","828","2026-04-21T11:50:07"
"reports\step5_zh_target_strict_targeted_review_queue.step11_calibrated_bge_v3.csv","file","current/provenance file retained","828","2026-04-21T11:50:06"
"reports\step5_zh_target_strict_targeted_review_queue.step11_calibrated_default_v3.csv","file","current/provenance file retained","828","2026-04-21T11:50:06"
"reports\step5_zh_target_strict_targeted_review_queue.step11_v1.csv","file","current/provenance file retained","828","2026-04-21T11:50:05"
"reports\step7_core_zero_shot_bge_m3_embedding_only_model.txt","file","current/provenance file retained","102106","2026-04-22T19:44:59"
"reports\step7_core_zero_shot_bge_m3_embedding_only_predictions.en_eval.csv","file","current/provenance file retained","45981","2026-04-22T19:45:00"
"reports\step7_core_zero_shot_bge_m3_embedding_only_predictions.zh_target_strict_test.csv","file","current/provenance file retained","24817","2026-04-22T19:45:00"
"reports\step7_core_zero_shot_bge_m3_model.txt","file","current/provenance file retained","45690","2026-04-22T19:45:02"
"reports\step7_core_zero_shot_bge_m3_predictions.en_eval.csv","file","current/provenance file retained","43047","2026-04-22T19:45:02"
"reports\step7_core_zero_shot_bge_m3_predictions.zh_target_strict_test.csv","file","current/provenance file retained","23222","2026-04-22T19:45:03"
"reports\step7_core_zero_shot_default_model.txt","file","current/provenance file retained","120497","2026-04-22T19:45:04"
"reports\step7_core_zero_shot_default_no_reranker_model.txt","file","current/provenance file retained","111114","2026-04-22T19:45:05"
"reports\step7_core_zero_shot_default_no_reranker_predictions.en_eval.csv","file","current/provenance file retained","45590","2026-04-22T19:45:05"
"reports\step7_core_zero_shot_default_no_reranker_predictions.zh_target_strict_test.csv","file","current/provenance file retained","24599","2026-04-22T19:45:06"
"reports\step7_core_zero_shot_default_no_semantics_model.txt","file","current/provenance file retained","57422","2026-04-22T19:45:06"
"reports\step7_core_zero_shot_default_no_semantics_predictions.en_eval.csv","file","current/provenance file retained","45788","2026-04-22T19:45:07"
"reports\step7_core_zero_shot_default_no_semantics_predictions.zh_target_strict_test.csv","file","current/provenance file retained","24705","2026-04-22T19:45:08"
"reports\step7_core_zero_shot_default_no_structural_model.txt","file","current/provenance file retained","125748","2026-04-22T19:45:09"
"reports\step7_core_zero_shot_default_no_structural_predictions.en_eval.csv","file","current/provenance file retained","45975","2026-04-22T19:45:09"
"reports\step7_core_zero_shot_default_no_structural_predictions.zh_target_strict_test.csv","file","current/provenance file retained","24810","2026-04-22T19:45:10"
"reports\step7_core_zero_shot_default_no_style_gap_model.txt","file","current/provenance file retained","78910","2026-04-22T19:45:10"
"reports\step7_core_zero_shot_default_no_style_gap_predictions.en_eval.csv","file","current/provenance file retained","45785","2026-04-22T19:45:11"
"reports\step7_core_zero_shot_default_no_style_gap_predictions.zh_target_strict_test.csv","file","current/provenance file retained","24704","2026-04-22T19:45:11"
"reports\step7_core_zero_shot_default_predictions.en_eval.csv","file","current/provenance file retained","43238","2026-04-22T19:45:12"
"reports\step7_core_zero_shot_default_predictions.zh_target_strict_test.csv","file","current/provenance file retained","23330","2026-04-22T19:45:13"
"reports\step7_core_zero_shot_default_raw_style_gap_control_model.txt","file","current/provenance file retained","118878","2026-04-22T19:45:13"
"reports\step7_core_zero_shot_default_raw_style_gap_control_predictions.en_eval.csv","file","current/provenance file retained","47538","2026-04-22T19:45:14"
"reports\step7_core_zero_shot_default_raw_style_gap_control_predictions.zh_target_strict_test.csv","file","current/provenance file retained","25657","2026-04-22T19:45:15"
"reports\step7_core_zero_shot_default_reranker_only_model.txt","file","current/provenance file retained","111868","2026-04-22T19:45:15"
"reports\step7_core_zero_shot_default_reranker_only_predictions.en_eval.csv","file","current/provenance file retained","45983","2026-04-22T19:45:16"
"reports\step7_core_zero_shot_default_reranker_only_predictions.zh_target_strict_test.csv","file","current/provenance file retained","24802","2026-04-22T19:45:16"
"reports\step7_core_zero_shot_labse_model.txt","file","current/provenance file retained","102790","2026-04-22T19:45:17"
"reports\step7_core_zero_shot_labse_plus_gte_reranker_model.txt","file","current/provenance file retained","68153","2026-04-22T19:45:18"
"reports\step7_core_zero_shot_labse_plus_gte_reranker_predictions.en_eval.csv","file","current/provenance file retained","46370","2026-04-22T19:45:18"
"reports\step7_core_zero_shot_labse_plus_gte_reranker_predictions.zh_target_strict_test.csv","file","current/provenance file retained","25025","2026-04-22T19:45:19"
"reports\step7_core_zero_shot_labse_predictions.en_eval.csv","file","current/provenance file retained","42846","2026-04-22T19:45:19"
"reports\step7_core_zero_shot_labse_predictions.zh_target_strict_test.csv","file","current/provenance file retained","23105","2026-04-22T19:45:20"
"reports\step7_core_zero_shot_multilingual_e5_large_model.txt","file","current/provenance file retained","107448","2026-04-22T19:45:21"
"reports\step7_core_zero_shot_multilingual_e5_large_plus_gte_reranker_model.txt","file","current/provenance file retained","89334","2026-04-22T19:45:21"
"reports\step7_core_zero_shot_multilingual_e5_large_plus_gte_reranker_predictions.en_eval.csv","file","current/provenance file retained","49505","2026-04-22T19:45:22"
"reports\step7_core_zero_shot_multilingual_e5_large_plus_gte_reranker_predictions.zh_target_strict_test.csv","file","current/provenance file retained","26712","2026-04-22T19:45:22"
"reports\step7_core_zero_shot_multilingual_e5_large_predictions.en_eval.csv","file","current/provenance file retained","45976","2026-04-22T19:45:23"
"reports\step7_core_zero_shot_multilingual_e5_large_predictions.zh_target_strict_test.csv","file","current/provenance file retained","24810","2026-04-22T19:45:24"
"reports\step7_core_zero_shot_paraphrase_multilingual_mpnet_model.txt","file","current/provenance file retained","123267","2026-04-22T19:45:24"
"reports\step7_core_zero_shot_paraphrase_multilingual_mpnet_plus_gte_reranker_model.txt","file","current/provenance file retained","76945","2026-04-22T19:45:25"
"reports\step7_core_zero_shot_paraphrase_multilingual_mpnet_plus_gte_reranker_predictions.en_eval.csv","file","current/provenance file retained","51081","2026-04-22T19:45:26"
"reports\step7_core_zero_shot_paraphrase_multilingual_mpnet_plus_gte_reranker_predictions.zh_target_strict_test.csv","file","current/provenance file retained","27561","2026-04-22T19:45:26"
"reports\step7_core_zero_shot_paraphrase_multilingual_mpnet_predictions.en_eval.csv","file","current/provenance file retained","47544","2026-04-22T19:45:27"
"reports\step7_core_zero_shot_paraphrase_multilingual_mpnet_predictions.zh_target_strict_test.csv","file","current/provenance file retained","25662","2026-04-22T19:45:27"
"reports\step7_en_only_ablation_default_model.txt","file","current/provenance file retained","87961","2026-04-22T19:46:15"
"reports\step7_en_only_ablation_default_predictions.en_eval.csv","file","current/provenance file retained","43635","2026-04-22T19:46:15"
"reports\step7_identifier_augmented_default_model.txt","file","current/provenance file retained","60845","2026-04-22T19:46:16"
"reports\step7_identifier_augmented_default_predictions.en_eval.csv","file","current/provenance file retained","44406","2026-04-22T19:46:17"
"reports\step7_identifier_augmented_default_predictions.zh_target_strict_test.csv","file","current/provenance file retained","23967","2026-04-22T19:46:17"
"reports\step7_model_download_summary.json","file","current/provenance file retained","1646","2026-04-22T19:46:18"
"reports\step7_pair_features.en_content_train_pool.csv","file","current/provenance file retained","4196117","2026-04-22T19:46:23"
"reports\step7_pair_features.zh_target_aux.csv","file","current/provenance file retained","333484","2026-04-22T19:46:23"
"reports\step7_pair_features.zh_target_strict.csv","file","current/provenance file retained","2411409","2026-04-22T19:46:25"
"reports\step7_semantic_feature_summary.json","file","current/provenance file retained","6700","2026-04-22T19:46:25"
"reports\step7_training_summary.json","file","current/provenance file retained","178151","2026-04-22T19:46:26"
"reports\step9_calibration_core_calibrated_bge_m3_artifact.json","file","current/provenance file retained","552","2026-04-22T21:15:55"
"reports\step9_calibration_core_calibrated_default_artifact.json","file","current/provenance file retained","556","2026-04-22T21:15:58"
"reports\step9_calibration_identifier_augmented_calibrated_default_artifact.json","file","current/provenance file retained","567","2026-04-22T21:16:02"
"reports\step9_calibration_summary.json","file","current/provenance file retained","42316","2026-04-22T21:16:05"
"reports\step9_core_few_shot_bge_m3_embedding_only_lr_l2_ratio_100pct_seed_20260320_artifact.json","file","current/provenance file retained","3487","2026-04-22T21:16:05"
"reports\step9_core_few_shot_bge_m3_embedding_only_lr_l2_ratio_100pct_seed_20260321_artifact.json","file","current/provenance file retained","3487","2026-04-22T21:16:09"
"reports\step9_core_few_shot_bge_m3_embedding_only_lr_l2_ratio_100pct_seed_20260322_artifact.json","file","current/provenance file retained","3487","2026-04-22T21:16:14"
"reports\step9_core_few_shot_bge_m3_embedding_only_lr_l2_ratio_10pct_seed_20260320_artifact.json","file","current/provenance file retained","3483","2026-04-22T21:16:18"
"reports\step9_core_few_shot_bge_m3_embedding_only_lr_l2_ratio_10pct_seed_20260321_artifact.json","file","current/provenance file retained","3483","2026-04-22T21:16:22"
"reports\step9_core_few_shot_bge_m3_embedding_only_lr_l2_ratio_10pct_seed_20260322_artifact.json","file","current/provenance file retained","3483","2026-04-22T21:16:27"
"reports\step9_core_few_shot_bge_m3_embedding_only_lr_l2_ratio_20pct_seed_20260320_artifact.json","file","current/provenance file retained","3476","2026-04-22T21:16:31"
"reports\step9_core_few_shot_bge_m3_embedding_only_lr_l2_ratio_20pct_seed_20260321_artifact.json","file","current/provenance file retained","3476","2026-04-22T21:16:35"
"reports\step9_core_few_shot_bge_m3_embedding_only_lr_l2_ratio_20pct_seed_20260322_artifact.json","file","current/provenance file retained","3476","2026-04-22T21:16:39"
"reports\step9_core_few_shot_bge_m3_embedding_only_lr_l2_ratio_50pct_seed_20260320_artifact.json","file","current/provenance file retained","3482","2026-04-22T21:16:44"
"reports\step9_core_few_shot_bge_m3_embedding_only_lr_l2_ratio_50pct_seed_20260321_artifact.json","file","current/provenance file retained","3482","2026-04-22T21:16:48"
"reports\step9_core_few_shot_bge_m3_embedding_only_lr_l2_ratio_50pct_seed_20260322_artifact.json","file","current/provenance file retained","3482","2026-04-22T21:16:52"
"reports\step9_core_few_shot_bge_m3_lr_l2_ratio_100pct_seed_20260320_artifact.json","file","current/provenance file retained","3534","2026-04-22T21:16:56"
"reports\step9_core_few_shot_bge_m3_lr_l2_ratio_100pct_seed_20260321_artifact.json","file","current/provenance file retained","3534","2026-04-22T21:17:01"
"reports\step9_core_few_shot_bge_m3_lr_l2_ratio_100pct_seed_20260322_artifact.json","file","current/provenance file retained","3534","2026-04-22T21:17:05"
"reports\step9_core_few_shot_bge_m3_lr_l2_ratio_10pct_seed_20260320_artifact.json","file","current/provenance file retained","3527","2026-04-22T21:17:09"
"reports\step9_core_few_shot_bge_m3_lr_l2_ratio_10pct_seed_20260321_artifact.json","file","current/provenance file retained","3523","2026-04-22T21:17:14"
"reports\step9_core_few_shot_bge_m3_lr_l2_ratio_10pct_seed_20260322_artifact.json","file","current/provenance file retained","3527","2026-04-22T21:17:18"
"reports\step9_core_few_shot_bge_m3_lr_l2_ratio_20pct_seed_20260320_artifact.json","file","current/provenance file retained","3525","2026-04-22T21:17:22"
"reports\step9_core_few_shot_bge_m3_lr_l2_ratio_20pct_seed_20260321_artifact.json","file","current/provenance file retained","3525","2026-04-22T21:17:26"
"reports\step9_core_few_shot_bge_m3_lr_l2_ratio_20pct_seed_20260322_artifact.json","file","current/provenance file retained","3525","2026-04-22T21:17:31"
"reports\step9_core_few_shot_bge_m3_lr_l2_ratio_50pct_seed_20260320_artifact.json","file","current/provenance file retained","3523","2026-04-22T21:17:35"
"reports\step9_core_few_shot_bge_m3_lr_l2_ratio_50pct_seed_20260321_artifact.json","file","current/provenance file retained","3523","2026-04-22T21:17:39"
"reports\step9_core_few_shot_bge_m3_lr_l2_ratio_50pct_seed_20260322_artifact.json","file","current/provenance file retained","3523","2026-04-22T21:17:43"
"reports\step9_core_few_shot_bge_m3_no_semantics_lr_l2_ratio_100pct_seed_20260320_artifact.json","file","current/provenance file retained","3339","2026-04-22T21:17:48"
"reports\step9_core_few_shot_bge_m3_no_semantics_lr_l2_ratio_100pct_seed_20260321_artifact.json","file","current/provenance file retained","3339","2026-04-22T21:17:52"
"reports\step9_core_few_shot_bge_m3_no_semantics_lr_l2_ratio_100pct_seed_20260322_artifact.json","file","current/provenance file retained","3339","2026-04-22T21:17:56"
"reports\step9_core_few_shot_bge_m3_no_semantics_lr_l2_ratio_10pct_seed_20260320_artifact.json","file","current/provenance file retained","3346","2026-04-22T21:18:00"
"reports\step9_core_few_shot_bge_m3_no_semantics_lr_l2_ratio_10pct_seed_20260321_artifact.json","file","current/provenance file retained","3344","2026-04-22T21:18:05"
"reports\step9_core_few_shot_bge_m3_no_semantics_lr_l2_ratio_10pct_seed_20260322_artifact.json","file","current/provenance file retained","3346","2026-04-22T21:18:09"
"reports\step9_core_few_shot_bge_m3_no_semantics_lr_l2_ratio_20pct_seed_20260320_artifact.json","file","current/provenance file retained","3334","2026-04-22T21:18:13"
"reports\step9_core_few_shot_bge_m3_no_semantics_lr_l2_ratio_20pct_seed_20260321_artifact.json","file","current/provenance file retained","3334","2026-04-22T21:18:17"
"reports\step9_core_few_shot_bge_m3_no_semantics_lr_l2_ratio_20pct_seed_20260322_artifact.json","file","current/provenance file retained","3334","2026-04-22T21:18:22"
"reports\step9_core_few_shot_bge_m3_no_semantics_lr_l2_ratio_50pct_seed_20260320_artifact.json","file","current/provenance file retained","3334","2026-04-22T21:18:26"
"reports\step9_core_few_shot_bge_m3_no_semantics_lr_l2_ratio_50pct_seed_20260321_artifact.json","file","current/provenance file retained","3334","2026-04-22T21:18:30"
"reports\step9_core_few_shot_bge_m3_no_semantics_lr_l2_ratio_50pct_seed_20260322_artifact.json","file","current/provenance file retained","3334","2026-04-22T21:18:34"
"reports\step9_core_few_shot_bge_m3_no_semantics_residual_lr_ratio_100pct_seed_20260320_artifact.json","file","current/provenance file retained","3375","2026-04-22T21:18:39"
"reports\step9_core_few_shot_bge_m3_no_semantics_residual_lr_ratio_100pct_seed_20260321_artifact.json","file","current/provenance file retained","3375","2026-04-22T21:18:43"
"reports\step9_core_few_shot_bge_m3_no_semantics_residual_lr_ratio_100pct_seed_20260322_artifact.json","file","current/provenance file retained","3375","2026-04-22T21:18:47"
"reports\step9_core_few_shot_bge_m3_no_semantics_residual_lr_ratio_10pct_seed_20260320_artifact.json","file","current/provenance file retained","3368","2026-04-22T21:18:52"
"reports\step9_core_few_shot_bge_m3_no_semantics_residual_lr_ratio_10pct_seed_20260321_artifact.json","file","current/provenance file retained","3376","2026-04-22T21:18:56"
"reports\step9_core_few_shot_bge_m3_no_semantics_residual_lr_ratio_10pct_seed_20260322_artifact.json","file","current/provenance file retained","3368","2026-04-22T21:19:00"
"reports\step9_core_few_shot_bge_m3_no_semantics_residual_lr_ratio_20pct_seed_20260320_artifact.json","file","current/provenance file retained","3366","2026-04-22T21:19:04"
"reports\step9_core_few_shot_bge_m3_no_semantics_residual_lr_ratio_20pct_seed_20260321_artifact.json","file","current/provenance file retained","3366","2026-04-22T21:19:09"
"reports\step9_core_few_shot_bge_m3_no_semantics_residual_lr_ratio_20pct_seed_20260322_artifact.json","file","current/provenance file retained","3366","2026-04-22T21:19:13"
"reports\step9_core_few_shot_bge_m3_no_semantics_residual_lr_ratio_50pct_seed_20260320_artifact.json","file","current/provenance file retained","3372","2026-04-22T21:19:17"
"reports\step9_core_few_shot_bge_m3_no_semantics_residual_lr_ratio_50pct_seed_20260321_artifact.json","file","current/provenance file retained","3372","2026-04-22T21:19:21"
"reports\step9_core_few_shot_bge_m3_no_semantics_residual_lr_ratio_50pct_seed_20260322_artifact.json","file","current/provenance file retained","3372","2026-04-22T21:19:26"
"reports\step9_core_few_shot_bge_m3_ratio_100pct_seed_20260320_model.txt","file","current/provenance file retained","97467","2026-04-22T21:19:30"
"reports\step9_core_few_shot_bge_m3_ratio_100pct_seed_20260321_model.txt","file","current/provenance file retained","96884","2026-04-22T21:19:34"
"reports\step9_core_few_shot_bge_m3_ratio_100pct_seed_20260322_model.txt","file","current/provenance file retained","94423","2026-04-22T21:19:39"
"reports\step9_core_few_shot_bge_m3_ratio_10pct_seed_20260320_model.txt","file","current/provenance file retained","119702","2026-04-22T21:19:43"
"reports\step9_core_few_shot_bge_m3_ratio_10pct_seed_20260321_model.txt","file","current/provenance file retained","104526","2026-04-22T21:19:47"
"reports\step9_core_few_shot_bge_m3_ratio_10pct_seed_20260322_model.txt","file","current/provenance file retained","114782","2026-04-22T21:19:51"
"reports\step9_core_few_shot_bge_m3_ratio_20pct_seed_20260320_model.txt","file","current/provenance file retained","113121","2026-04-22T21:19:56"
"reports\step9_core_few_shot_bge_m3_ratio_20pct_seed_20260321_model.txt","file","current/provenance file retained","118763","2026-04-22T21:20:00"
"reports\step9_core_few_shot_bge_m3_ratio_20pct_seed_20260322_model.txt","file","current/provenance file retained","124331","2026-04-22T21:20:04"
"reports\step9_core_few_shot_bge_m3_ratio_50pct_seed_20260320_model.txt","file","current/provenance file retained","96291","2026-04-22T21:20:08"
"reports\step9_core_few_shot_bge_m3_ratio_50pct_seed_20260321_model.txt","file","current/provenance file retained","89586","2026-04-22T21:20:13"
"reports\step9_core_few_shot_bge_m3_ratio_50pct_seed_20260322_model.txt","file","current/provenance file retained","97249","2026-04-22T21:20:17"
"reports\step9_core_few_shot_bge_m3_residual_lr_ratio_100pct_seed_20260320_artifact.json","file","current/provenance file retained","3567","2026-04-22T21:20:21"
"reports\step9_core_few_shot_bge_m3_residual_lr_ratio_100pct_seed_20260321_artifact.json","file","current/provenance file retained","3567","2026-04-22T21:20:25"
"reports\step9_core_few_shot_bge_m3_residual_lr_ratio_100pct_seed_20260322_artifact.json","file","current/provenance file retained","3567","2026-04-22T21:20:30"
"reports\step9_core_few_shot_bge_m3_residual_lr_ratio_10pct_seed_20260320_artifact.json","file","current/provenance file retained","3558","2026-04-22T21:20:34"
"reports\step9_core_few_shot_bge_m3_residual_lr_ratio_10pct_seed_20260321_artifact.json","file","current/provenance file retained","3555","2026-04-22T21:20:38"
"reports\step9_core_few_shot_bge_m3_residual_lr_ratio_10pct_seed_20260322_artifact.json","file","current/provenance file retained","3558","2026-04-22T21:20:42"
"reports\step9_core_few_shot_bge_m3_residual_lr_ratio_20pct_seed_20260320_artifact.json","file","current/provenance file retained","3551","2026-04-22T21:20:47"
"reports\step9_core_few_shot_bge_m3_residual_lr_ratio_20pct_seed_20260321_artifact.json","file","current/provenance file retained","3551","2026-04-22T21:20:51"
"reports\step9_core_few_shot_bge_m3_residual_lr_ratio_20pct_seed_20260322_artifact.json","file","current/provenance file retained","3551","2026-04-22T21:20:55"
"reports\step9_core_few_shot_bge_m3_residual_lr_ratio_50pct_seed_20260320_artifact.json","file","current/provenance file retained","3562","2026-04-22T21:21:00"
"reports\step9_core_few_shot_bge_m3_residual_lr_ratio_50pct_seed_20260321_artifact.json","file","current/provenance file retained","3562","2026-04-22T21:21:04"
"reports\step9_core_few_shot_bge_m3_residual_lr_ratio_50pct_seed_20260322_artifact.json","file","current/provenance file retained","3562","2026-04-22T21:21:08"
"reports\step9_core_few_shot_default_lr_l2_ratio_100pct_seed_20260320_artifact.json","file","current/provenance file retained","3547","2026-04-22T21:21:12"
"reports\step9_core_few_shot_default_lr_l2_ratio_100pct_seed_20260321_artifact.json","file","current/provenance file retained","3547","2026-04-22T21:21:17"
"reports\step9_core_few_shot_default_lr_l2_ratio_100pct_seed_20260322_artifact.json","file","current/provenance file retained","3547","2026-04-22T21:21:21"
"reports\step9_core_few_shot_default_lr_l2_ratio_10pct_seed_20260320_artifact.json","file","current/provenance file retained","3557","2026-04-22T21:21:25"
"reports\step9_core_few_shot_default_lr_l2_ratio_10pct_seed_20260321_artifact.json","file","current/provenance file retained","3557","2026-04-22T21:21:29"
"reports\step9_core_few_shot_default_lr_l2_ratio_10pct_seed_20260322_artifact.json","file","current/provenance file retained","3557","2026-04-22T21:21:34"
"reports\step9_core_few_shot_default_lr_l2_ratio_20pct_seed_20260320_artifact.json","file","current/provenance file retained","3557","2026-04-22T21:21:38"
"reports\step9_core_few_shot_default_lr_l2_ratio_20pct_seed_20260321_artifact.json","file","current/provenance file retained","3557","2026-04-22T21:21:42"
"reports\step9_core_few_shot_default_lr_l2_ratio_20pct_seed_20260322_artifact.json","file","current/provenance file retained","3557","2026-04-22T21:21:46"
"reports\step9_core_few_shot_default_lr_l2_ratio_50pct_seed_20260320_artifact.json","file","current/provenance file retained","3549","2026-04-22T21:21:51"
"reports\step9_core_few_shot_default_lr_l2_ratio_50pct_seed_20260321_artifact.json","file","current/provenance file retained","3549","2026-04-22T21:21:55"
"reports\step9_core_few_shot_default_lr_l2_ratio_50pct_seed_20260322_artifact.json","file","current/provenance file retained","3549","2026-04-22T21:21:59"
"reports\step9_core_few_shot_default_no_reranker_lr_l2_ratio_100pct_seed_20260320_artifact.json","file","current/provenance file retained","3491","2026-04-22T21:22:04"
"reports\step9_core_few_shot_default_no_reranker_lr_l2_ratio_100pct_seed_20260321_artifact.json","file","current/provenance file retained","3491","2026-04-22T21:22:08"
"reports\step9_core_few_shot_default_no_reranker_lr_l2_ratio_100pct_seed_20260322_artifact.json","file","current/provenance file retained","3491","2026-04-22T21:22:12"
"reports\step9_core_few_shot_default_no_reranker_lr_l2_ratio_10pct_seed_20260320_artifact.json","file","current/provenance file retained","3491","2026-04-22T21:22:16"
"reports\step9_core_few_shot_default_no_reranker_lr_l2_ratio_10pct_seed_20260321_artifact.json","file","current/provenance file retained","3491","2026-04-22T21:22:21"
"reports\step9_core_few_shot_default_no_reranker_lr_l2_ratio_10pct_seed_20260322_artifact.json","file","current/provenance file retained","3491","2026-04-22T21:22:25"
"reports\step9_core_few_shot_default_no_reranker_lr_l2_ratio_20pct_seed_20260320_artifact.json","file","current/provenance file retained","3487","2026-04-22T21:22:29"
"reports\step9_core_few_shot_default_no_reranker_lr_l2_ratio_20pct_seed_20260321_artifact.json","file","current/provenance file retained","3487","2026-04-22T21:22:33"
"reports\step9_core_few_shot_default_no_reranker_lr_l2_ratio_20pct_seed_20260322_artifact.json","file","current/provenance file retained","3487","2026-04-22T21:22:38"
"reports\step9_core_few_shot_default_no_reranker_lr_l2_ratio_50pct_seed_20260320_artifact.json","file","current/provenance file retained","3484","2026-04-22T21:22:42"
"reports\step9_core_few_shot_default_no_reranker_lr_l2_ratio_50pct_seed_20260321_artifact.json","file","current/provenance file retained","3484","2026-04-22T21:22:46"
"reports\step9_core_few_shot_default_no_reranker_lr_l2_ratio_50pct_seed_20260322_artifact.json","file","current/provenance file retained","3484","2026-04-22T21:22:50"
"reports\step9_core_few_shot_default_no_structural_lr_l2_ratio_100pct_seed_20260320_artifact.json","file","current/provenance file retained","2153","2026-04-22T21:22:55"
"reports\step9_core_few_shot_default_no_structural_lr_l2_ratio_100pct_seed_20260321_artifact.json","file","current/provenance file retained","2153","2026-04-22T21:22:59"
"reports\step9_core_few_shot_default_no_structural_lr_l2_ratio_100pct_seed_20260322_artifact.json","file","current/provenance file retained","2153","2026-04-22T21:23:03"
"reports\step9_core_few_shot_default_no_structural_lr_l2_ratio_10pct_seed_20260320_artifact.json","file","current/provenance file retained","2146","2026-04-22T21:23:08"
"reports\step9_core_few_shot_default_no_structural_lr_l2_ratio_10pct_seed_20260321_artifact.json","file","current/provenance file retained","2146","2026-04-22T21:23:12"
"reports\step9_core_few_shot_default_no_structural_lr_l2_ratio_10pct_seed_20260322_artifact.json","file","current/provenance file retained","2146","2026-04-22T21:23:16"
"reports\step9_core_few_shot_default_no_structural_lr_l2_ratio_20pct_seed_20260320_artifact.json","file","current/provenance file retained","2148","2026-04-22T21:23:20"
"reports\step9_core_few_shot_default_no_structural_lr_l2_ratio_20pct_seed_20260321_artifact.json","file","current/provenance file retained","2148","2026-04-22T21:23:25"
"reports\step9_core_few_shot_default_no_structural_lr_l2_ratio_20pct_seed_20260322_artifact.json","file","current/provenance file retained","2148","2026-04-22T21:23:29"
"reports\step9_core_few_shot_default_no_structural_lr_l2_ratio_50pct_seed_20260320_artifact.json","file","current/provenance file retained","2149","2026-04-22T21:23:33"
"reports\step9_core_few_shot_default_no_structural_lr_l2_ratio_50pct_seed_20260321_artifact.json","file","current/provenance file retained","2149","2026-04-22T21:23:37"
"reports\step9_core_few_shot_default_no_structural_lr_l2_ratio_50pct_seed_20260322_artifact.json","file","current/provenance file retained","2149","2026-04-22T21:23:42"
"reports\step9_core_few_shot_default_no_structural_residual_lr_ratio_100pct_seed_20260320_artifact.json","file","current/provenance file retained","2312","2026-04-22T21:23:46"
"reports\step9_core_few_shot_default_no_structural_residual_lr_ratio_100pct_seed_20260321_artifact.json","file","current/provenance file retained","2312","2026-04-22T21:23:50"
"reports\step9_core_few_shot_default_no_structural_residual_lr_ratio_100pct_seed_20260322_artifact.json","file","current/provenance file retained","2312","2026-04-22T21:23:54"
"reports\step9_core_few_shot_default_no_structural_residual_lr_ratio_10pct_seed_20260320_artifact.json","file","current/provenance file retained","2308","2026-04-22T21:23:59"
"reports\step9_core_few_shot_default_no_structural_residual_lr_ratio_10pct_seed_20260321_artifact.json","file","current/provenance file retained","2308","2026-04-22T21:24:03"
"reports\step9_core_few_shot_default_no_structural_residual_lr_ratio_10pct_seed_20260322_artifact.json","file","current/provenance file retained","2308","2026-04-22T21:24:07"
"reports\step9_core_few_shot_default_no_structural_residual_lr_ratio_20pct_seed_20260320_artifact.json","file","current/provenance file retained","2321","2026-04-22T21:24:12"
"reports\step9_core_few_shot_default_no_structural_residual_lr_ratio_20pct_seed_20260321_artifact.json","file","current/provenance file retained","2321","2026-04-22T21:24:16"
"reports\step9_core_few_shot_default_no_structural_residual_lr_ratio_20pct_seed_20260322_artifact.json","file","current/provenance file retained","2321","2026-04-22T21:24:20"
"reports\step9_core_few_shot_default_no_structural_residual_lr_ratio_50pct_seed_20260320_artifact.json","file","current/provenance file retained","2308","2026-04-22T21:24:24"
"reports\step9_core_few_shot_default_no_structural_residual_lr_ratio_50pct_seed_20260321_artifact.json","file","current/provenance file retained","2308","2026-04-22T21:24:29"
"reports\step9_core_few_shot_default_no_structural_residual_lr_ratio_50pct_seed_20260322_artifact.json","file","current/provenance file retained","2308","2026-04-22T21:24:33"
"reports\step9_core_few_shot_default_ratio_100pct_seed_20260320_model.txt","file","current/provenance file retained","100193","2026-04-22T21:24:37"
"reports\step9_core_few_shot_default_ratio_100pct_seed_20260321_model.txt","file","current/provenance file retained","98548","2026-04-22T21:24:41"
"reports\step9_core_few_shot_default_ratio_100pct_seed_20260322_model.txt","file","current/provenance file retained","93053","2026-04-22T21:24:46"
"reports\step9_core_few_shot_default_ratio_10pct_seed_20260320_model.txt","file","current/provenance file retained","120817","2026-04-22T21:24:50"
"reports\step9_core_few_shot_default_ratio_10pct_seed_20260321_model.txt","file","current/provenance file retained","108453","2026-04-22T21:24:54"
"reports\step9_core_few_shot_default_ratio_10pct_seed_20260322_model.txt","file","current/provenance file retained","119826","2026-04-22T21:24:58"
"reports\step9_core_few_shot_default_ratio_20pct_seed_20260320_model.txt","file","current/provenance file retained","88228","2026-04-22T21:25:03"
"reports\step9_core_few_shot_default_ratio_20pct_seed_20260321_model.txt","file","current/provenance file retained","121791","2026-04-22T21:25:07"
"reports\step9_core_few_shot_default_ratio_20pct_seed_20260322_model.txt","file","current/provenance file retained","122984","2026-04-22T21:25:11"
"reports\step9_core_few_shot_default_ratio_50pct_seed_20260320_model.txt","file","current/provenance file retained","87110","2026-04-22T21:25:16"
"reports\step9_core_few_shot_default_ratio_50pct_seed_20260321_model.txt","file","current/provenance file retained","86295","2026-04-22T21:25:20"
"reports\step9_core_few_shot_default_ratio_50pct_seed_20260322_model.txt","file","current/provenance file retained","93482","2026-04-22T21:25:24"
"reports\step9_core_few_shot_default_reranker_only_lr_l2_ratio_100pct_seed_20260320_artifact.json","file","current/provenance file retained","3502","2026-04-22T21:25:28"
"reports\step9_core_few_shot_default_reranker_only_lr_l2_ratio_100pct_seed_20260321_artifact.json","file","current/provenance file retained","3502","2026-04-22T21:25:33"
"reports\step9_core_few_shot_default_reranker_only_lr_l2_ratio_100pct_seed_20260322_artifact.json","file","current/provenance file retained","3502","2026-04-22T21:25:37"
"reports\step9_core_few_shot_default_reranker_only_lr_l2_ratio_10pct_seed_20260320_artifact.json","file","current/provenance file retained","3508","2026-04-22T21:25:41"
"reports\step9_core_few_shot_default_reranker_only_lr_l2_ratio_10pct_seed_20260321_artifact.json","file","current/provenance file retained","3508","2026-04-22T21:25:45"
"reports\step9_core_few_shot_default_reranker_only_lr_l2_ratio_10pct_seed_20260322_artifact.json","file","current/provenance file retained","3508","2026-04-22T21:25:50"
"reports\step9_core_few_shot_default_reranker_only_lr_l2_ratio_20pct_seed_20260320_artifact.json","file","current/provenance file retained","3499","2026-04-22T21:25:54"
"reports\step9_core_few_shot_default_reranker_only_lr_l2_ratio_20pct_seed_20260321_artifact.json","file","current/provenance file retained","3499","2026-04-22T21:25:58"
"reports\step9_core_few_shot_default_reranker_only_lr_l2_ratio_20pct_seed_20260322_artifact.json","file","current/provenance file retained","3499","2026-04-22T21:26:02"
"reports\step9_core_few_shot_default_reranker_only_lr_l2_ratio_50pct_seed_20260320_artifact.json","file","current/provenance file retained","3487","2026-04-22T21:26:07"
"reports\step9_core_few_shot_default_reranker_only_lr_l2_ratio_50pct_seed_20260321_artifact.json","file","current/provenance file retained","3487","2026-04-22T21:26:11"
"reports\step9_core_few_shot_default_reranker_only_lr_l2_ratio_50pct_seed_20260322_artifact.json","file","current/provenance file retained","3487","2026-04-22T21:26:15"
"reports\step9_core_few_shot_default_residual_lr_ratio_100pct_seed_20260320_artifact.json","file","current/provenance file retained","3588","2026-04-22T21:26:19"
"reports\step9_core_few_shot_default_residual_lr_ratio_100pct_seed_20260321_artifact.json","file","current/provenance file retained","3588","2026-04-22T21:26:24"
"reports\step9_core_few_shot_default_residual_lr_ratio_100pct_seed_20260322_artifact.json","file","current/provenance file retained","3588","2026-04-22T21:26:28"
"reports\step9_core_few_shot_default_residual_lr_ratio_10pct_seed_20260320_artifact.json","file","current/provenance file retained","3600","2026-04-22T21:26:32"
"reports\step9_core_few_shot_default_residual_lr_ratio_10pct_seed_20260321_artifact.json","file","current/provenance file retained","3600","2026-04-22T21:26:37"
"reports\step9_core_few_shot_default_residual_lr_ratio_10pct_seed_20260322_artifact.json","file","current/provenance file retained","3600","2026-04-22T21:26:41"
"reports\step9_core_few_shot_default_residual_lr_ratio_20pct_seed_20260320_artifact.json","file","current/provenance file retained","3577","2026-04-22T21:26:45"
"reports\step9_core_few_shot_default_residual_lr_ratio_20pct_seed_20260321_artifact.json","file","current/provenance file retained","3577","2026-04-22T21:26:49"
"reports\step9_core_few_shot_default_residual_lr_ratio_20pct_seed_20260322_artifact.json","file","current/provenance file retained","3577","2026-04-22T21:26:54"
"reports\step9_core_few_shot_default_residual_lr_ratio_50pct_seed_20260320_artifact.json","file","current/provenance file retained","3590","2026-04-22T21:26:58"
"reports\step9_core_few_shot_default_residual_lr_ratio_50pct_seed_20260321_artifact.json","file","current/provenance file retained","3590","2026-04-22T21:27:02"
"reports\step9_core_few_shot_default_residual_lr_ratio_50pct_seed_20260322_artifact.json","file","current/provenance file retained","3590","2026-04-22T21:27:06"
"reports\step9_core_few_shot_labse_lr_l2_ratio_100pct_seed_20260320_artifact.json","file","current/provenance file retained","3421","2026-04-22T21:27:11"
"reports\step9_core_few_shot_labse_lr_l2_ratio_100pct_seed_20260321_artifact.json","file","current/provenance file retained","3421","2026-04-22T21:27:15"
"reports\step9_core_few_shot_labse_lr_l2_ratio_100pct_seed_20260322_artifact.json","file","current/provenance file retained","3421","2026-04-22T21:27:19"
"reports\step9_core_few_shot_labse_lr_l2_ratio_10pct_seed_20260320_artifact.json","file","current/provenance file retained","3427","2026-04-22T21:27:23"
"reports\step9_core_few_shot_labse_lr_l2_ratio_10pct_seed_20260321_artifact.json","file","current/provenance file retained","3427","2026-04-22T21:27:28"
"reports\step9_core_few_shot_labse_lr_l2_ratio_10pct_seed_20260322_artifact.json","file","current/provenance file retained","3427","2026-04-22T21:27:32"
"reports\step9_core_few_shot_labse_lr_l2_ratio_20pct_seed_20260320_artifact.json","file","current/provenance file retained","3418","2026-04-22T21:27:36"
"reports\step9_core_few_shot_labse_lr_l2_ratio_20pct_seed_20260321_artifact.json","file","current/provenance file retained","3418","2026-04-22T21:27:50"
"reports\step9_core_few_shot_labse_lr_l2_ratio_20pct_seed_20260322_artifact.json","file","current/provenance file retained","3418","2026-04-22T21:27:53"
"reports\step9_core_few_shot_labse_lr_l2_ratio_50pct_seed_20260320_artifact.json","file","current/provenance file retained","3406","2026-04-22T21:27:58"
"reports\step9_core_few_shot_labse_lr_l2_ratio_50pct_seed_20260321_artifact.json","file","current/provenance file retained","3406","2026-04-22T21:28:02"
"reports\step9_core_few_shot_labse_lr_l2_ratio_50pct_seed_20260322_artifact.json","file","current/provenance file retained","3406","2026-04-22T21:28:06"
"reports\step9_core_few_shot_labse_plus_gte_reranker_lr_l2_ratio_100pct_seed_20260320_artifact.json","file","current/provenance file retained","3608","2026-04-22T21:28:10"
"reports\step9_core_few_shot_labse_plus_gte_reranker_lr_l2_ratio_100pct_seed_20260321_artifact.json","file","current/provenance file retained","3608","2026-04-22T21:28:15"
"reports\step9_core_few_shot_labse_plus_gte_reranker_lr_l2_ratio_100pct_seed_20260322_artifact.json","file","current/provenance file retained","3608","2026-04-22T21:28:19"
"reports\step9_core_few_shot_labse_plus_gte_reranker_lr_l2_ratio_10pct_seed_20260320_artifact.json","file","current/provenance file retained","3611","2026-04-22T21:28:23"
"reports\step9_core_few_shot_labse_plus_gte_reranker_lr_l2_ratio_10pct_seed_20260321_artifact.json","file","current/provenance file retained","3611","2026-04-22T21:28:27"
"reports\step9_core_few_shot_labse_plus_gte_reranker_lr_l2_ratio_10pct_seed_20260322_artifact.json","file","current/provenance file retained","3611","2026-04-22T21:28:32"
"reports\step9_core_few_shot_labse_plus_gte_reranker_lr_l2_ratio_20pct_seed_20260320_artifact.json","file","current/provenance file retained","3604","2026-04-22T21:28:36"
"reports\step9_core_few_shot_labse_plus_gte_reranker_lr_l2_ratio_20pct_seed_20260321_artifact.json","file","current/provenance file retained","3604","2026-04-22T21:28:40"
"reports\step9_core_few_shot_labse_plus_gte_reranker_lr_l2_ratio_20pct_seed_20260322_artifact.json","file","current/provenance file retained","3604","2026-04-22T21:28:45"
"reports\step9_core_few_shot_labse_plus_gte_reranker_lr_l2_ratio_50pct_seed_20260320_artifact.json","file","current/provenance file retained","3609","2026-04-22T21:28:49"
"reports\step9_core_few_shot_labse_plus_gte_reranker_lr_l2_ratio_50pct_seed_20260321_artifact.json","file","current/provenance file retained","3609","2026-04-22T21:28:53"
"reports\step9_core_few_shot_labse_plus_gte_reranker_lr_l2_ratio_50pct_seed_20260322_artifact.json","file","current/provenance file retained","3609","2026-04-22T21:28:57"
"reports\step9_core_few_shot_multilingual_e5_large_lr_l2_ratio_100pct_seed_20260320_artifact.json","file","current/provenance file retained","3502","2026-04-22T21:29:02"
"reports\step9_core_few_shot_multilingual_e5_large_lr_l2_ratio_100pct_seed_20260321_artifact.json","file","current/provenance file retained","3502","2026-04-22T21:29:06"
"reports\step9_core_few_shot_multilingual_e5_large_lr_l2_ratio_100pct_seed_20260322_artifact.json","file","current/provenance file retained","3502","2026-04-22T21:29:10"
"reports\step9_core_few_shot_multilingual_e5_large_lr_l2_ratio_10pct_seed_20260320_artifact.json","file","current/provenance file retained","3498","2026-04-22T21:29:14"
"reports\step9_core_few_shot_multilingual_e5_large_lr_l2_ratio_10pct_seed_20260321_artifact.json","file","current/provenance file retained","3498","2026-04-22T21:29:19"
"reports\step9_core_few_shot_multilingual_e5_large_lr_l2_ratio_10pct_seed_20260322_artifact.json","file","current/provenance file retained","3498","2026-04-22T21:29:23"
"reports\step9_core_few_shot_multilingual_e5_large_lr_l2_ratio_20pct_seed_20260320_artifact.json","file","current/provenance file retained","3490","2026-04-22T21:29:27"
"reports\step9_core_few_shot_multilingual_e5_large_lr_l2_ratio_20pct_seed_20260321_artifact.json","file","current/provenance file retained","3490","2026-04-22T21:29:31"
"reports\step9_core_few_shot_multilingual_e5_large_lr_l2_ratio_20pct_seed_20260322_artifact.json","file","current/provenance file retained","3490","2026-04-22T21:29:36"
"reports\step9_core_few_shot_multilingual_e5_large_lr_l2_ratio_50pct_seed_20260320_artifact.json","file","current/provenance file retained","3501","2026-04-22T21:29:40"
"reports\step9_core_few_shot_multilingual_e5_large_lr_l2_ratio_50pct_seed_20260321_artifact.json","file","current/provenance file retained","3501","2026-04-22T21:29:44"
"reports\step9_core_few_shot_multilingual_e5_large_lr_l2_ratio_50pct_seed_20260322_artifact.json","file","current/provenance file retained","3501","2026-04-22T21:29:49"
"reports\step9_core_few_shot_multilingual_e5_large_plus_gte_reranker_lr_l2_ratio_100pct_seed_20260320_artifact.json","file","current/provenance file retained","3687","2026-04-22T21:29:53"
"reports\step9_core_few_shot_multilingual_e5_large_plus_gte_reranker_lr_l2_ratio_100pct_seed_20260321_artifact.json","file","current/provenance file retained","3687","2026-04-22T21:29:57"
"reports\step9_core_few_shot_multilingual_e5_large_plus_gte_reranker_lr_l2_ratio_100pct_seed_20260322_artifact.json","file","current/provenance file retained","3687","2026-04-22T21:30:01"
"reports\step9_core_few_shot_multilingual_e5_large_plus_gte_reranker_lr_l2_ratio_10pct_seed_20260320_artifact.json","file","current/provenance file retained","3683","2026-04-22T21:30:06"
"reports\step9_core_few_shot_multilingual_e5_large_plus_gte_reranker_lr_l2_ratio_10pct_seed_20260321_artifact.json","file","current/provenance file retained","3683","2026-04-22T21:30:10"
"reports\step9_core_few_shot_multilingual_e5_large_plus_gte_reranker_lr_l2_ratio_10pct_seed_20260322_artifact.json","file","current/provenance file retained","3683","2026-04-22T21:30:14"
"reports\step9_core_few_shot_multilingual_e5_large_plus_gte_reranker_lr_l2_ratio_20pct_seed_20260320_artifact.json","file","current/provenance file retained","3688","2026-04-22T21:30:18"
"reports\step9_core_few_shot_multilingual_e5_large_plus_gte_reranker_lr_l2_ratio_20pct_seed_20260321_artifact.json","file","current/provenance file retained","3688","2026-04-22T21:30:23"
"reports\step9_core_few_shot_multilingual_e5_large_plus_gte_reranker_lr_l2_ratio_20pct_seed_20260322_artifact.json","file","current/provenance file retained","3688","2026-04-22T21:30:27"
"reports\step9_core_few_shot_multilingual_e5_large_plus_gte_reranker_lr_l2_ratio_50pct_seed_20260320_artifact.json","file","current/provenance file retained","3677","2026-04-22T21:30:31"
"reports\step9_core_few_shot_multilingual_e5_large_plus_gte_reranker_lr_l2_ratio_50pct_seed_20260321_artifact.json","file","current/provenance file retained","3677","2026-04-22T21:30:35"
"reports\step9_core_few_shot_multilingual_e5_large_plus_gte_reranker_lr_l2_ratio_50pct_seed_20260322_artifact.json","file","current/provenance file retained","3677","2026-04-22T21:30:40"
"reports\step9_core_few_shot_paraphrase_multilingual_mpnet_lr_l2_ratio_100pct_seed_20260320_artifact.json","file","current/provenance file retained","3542","2026-04-22T21:30:44"
"reports\step9_core_few_shot_paraphrase_multilingual_mpnet_lr_l2_ratio_100pct_seed_20260321_artifact.json","file","current/provenance file retained","3542","2026-04-22T21:30:48"
"reports\step9_core_few_shot_paraphrase_multilingual_mpnet_lr_l2_ratio_100pct_seed_20260322_artifact.json","file","current/provenance file retained","3542","2026-04-22T21:30:53"
"reports\step9_core_few_shot_paraphrase_multilingual_mpnet_lr_l2_ratio_10pct_seed_20260320_artifact.json","file","current/provenance file retained","3542","2026-04-22T21:30:57"
"reports\step9_core_few_shot_paraphrase_multilingual_mpnet_lr_l2_ratio_10pct_seed_20260321_artifact.json","file","current/provenance file retained","3542","2026-04-22T21:31:01"
"reports\step9_core_few_shot_paraphrase_multilingual_mpnet_lr_l2_ratio_10pct_seed_20260322_artifact.json","file","current/provenance file retained","3542","2026-04-22T21:31:05"
"reports\step9_core_few_shot_paraphrase_multilingual_mpnet_lr_l2_ratio_20pct_seed_20260320_artifact.json","file","current/provenance file retained","3541","2026-04-22T21:31:10"
"reports\step9_core_few_shot_paraphrase_multilingual_mpnet_lr_l2_ratio_20pct_seed_20260321_artifact.json","file","current/provenance file retained","3541","2026-04-22T21:31:14"
"reports\step9_core_few_shot_paraphrase_multilingual_mpnet_lr_l2_ratio_20pct_seed_20260322_artifact.json","file","current/provenance file retained","3541","2026-04-22T21:31:18"
"reports\step9_core_few_shot_paraphrase_multilingual_mpnet_lr_l2_ratio_50pct_seed_20260320_artifact.json","file","current/provenance file retained","3534","2026-04-22T21:31:22"
"reports\step9_core_few_shot_paraphrase_multilingual_mpnet_lr_l2_ratio_50pct_seed_20260321_artifact.json","file","current/provenance file retained","3534","2026-04-22T21:31:27"
"reports\step9_core_few_shot_paraphrase_multilingual_mpnet_lr_l2_ratio_50pct_seed_20260322_artifact.json","file","current/provenance file retained","3534","2026-04-22T21:31:31"
"reports\step9_core_few_shot_paraphrase_multilingual_mpnet_plus_gte_reranker_lr_l2_ratio_100pct_seed_20260320_artifact.json","file","current/provenance file retained","3728","2026-04-22T21:31:35"
"reports\step9_core_few_shot_paraphrase_multilingual_mpnet_plus_gte_reranker_lr_l2_ratio_100pct_seed_20260321_artifact.json","file","current/provenance file retained","3728","2026-04-22T21:31:39"
"reports\step9_core_few_shot_paraphrase_multilingual_mpnet_plus_gte_reranker_lr_l2_ratio_100pct_seed_20260322_artifact.json","file","current/provenance file retained","3728","2026-04-22T21:31:44"
"reports\step9_core_few_shot_paraphrase_multilingual_mpnet_plus_gte_reranker_lr_l2_ratio_10pct_seed_20260320_artifact.json","file","current/provenance file retained","3729","2026-04-22T21:31:48"
"reports\step9_core_few_shot_paraphrase_multilingual_mpnet_plus_gte_reranker_lr_l2_ratio_10pct_seed_20260321_artifact.json","file","current/provenance file retained","3729","2026-04-22T21:31:52"
"reports\step9_core_few_shot_paraphrase_multilingual_mpnet_plus_gte_reranker_lr_l2_ratio_10pct_seed_20260322_artifact.json","file","current/provenance file retained","3729","2026-04-22T21:31:56"
"reports\step9_core_few_shot_paraphrase_multilingual_mpnet_plus_gte_reranker_lr_l2_ratio_20pct_seed_20260320_artifact.json","file","current/provenance file retained","3729","2026-04-22T21:32:01"
"reports\step9_core_few_shot_paraphrase_multilingual_mpnet_plus_gte_reranker_lr_l2_ratio_20pct_seed_20260321_artifact.json","file","current/provenance file retained","3729","2026-04-22T21:32:05"
"reports\step9_core_few_shot_paraphrase_multilingual_mpnet_plus_gte_reranker_lr_l2_ratio_20pct_seed_20260322_artifact.json","file","current/provenance file retained","3729","2026-04-22T21:32:09"
"reports\step9_core_few_shot_paraphrase_multilingual_mpnet_plus_gte_reranker_lr_l2_ratio_50pct_seed_20260320_artifact.json","file","current/provenance file retained","3722","2026-04-22T21:32:14"
"reports\step9_core_few_shot_paraphrase_multilingual_mpnet_plus_gte_reranker_lr_l2_ratio_50pct_seed_20260321_artifact.json","file","current/provenance file retained","3722","2026-04-22T21:32:18"
"reports\step9_core_few_shot_paraphrase_multilingual_mpnet_plus_gte_reranker_lr_l2_ratio_50pct_seed_20260322_artifact.json","file","current/provenance file retained","3722","2026-04-22T21:32:22"
"reports\step9_few_shot_summary.json","file","current/provenance file retained","11998338","2026-04-22T21:32:31"
"reports\step9_identifier_augmented_few_shot_default_lr_l2_ratio_100pct_seed_20260320_artifact.json","file","current/provenance file retained","3913","2026-04-22T21:32:31"
"reports\step9_identifier_augmented_few_shot_default_lr_l2_ratio_100pct_seed_20260321_artifact.json","file","current/provenance file retained","3913","2026-04-22T21:32:36"
"reports\step9_identifier_augmented_few_shot_default_lr_l2_ratio_100pct_seed_20260322_artifact.json","file","current/provenance file retained","3913","2026-04-22T21:32:40"
"reports\step9_identifier_augmented_few_shot_default_lr_l2_ratio_10pct_seed_20260320_artifact.json","file","current/provenance file retained","3916","2026-04-22T21:32:44"
"reports\step9_identifier_augmented_few_shot_default_lr_l2_ratio_10pct_seed_20260321_artifact.json","file","current/provenance file retained","3916","2026-04-22T21:32:48"
"reports\step9_identifier_augmented_few_shot_default_lr_l2_ratio_10pct_seed_20260322_artifact.json","file","current/provenance file retained","3916","2026-04-22T21:32:53"
"reports\step9_identifier_augmented_few_shot_default_lr_l2_ratio_20pct_seed_20260320_artifact.json","file","current/provenance file retained","3908","2026-04-22T21:32:57"
"reports\step9_identifier_augmented_few_shot_default_lr_l2_ratio_20pct_seed_20260321_artifact.json","file","current/provenance file retained","3908","2026-04-22T21:33:01"
"reports\step9_identifier_augmented_few_shot_default_lr_l2_ratio_20pct_seed_20260322_artifact.json","file","current/provenance file retained","3908","2026-04-22T21:33:05"
"reports\step9_identifier_augmented_few_shot_default_lr_l2_ratio_50pct_seed_20260320_artifact.json","file","current/provenance file retained","3913","2026-04-22T21:33:10"
"reports\step9_identifier_augmented_few_shot_default_lr_l2_ratio_50pct_seed_20260321_artifact.json","file","current/provenance file retained","3913","2026-04-22T21:33:14"
"reports\step9_identifier_augmented_few_shot_default_lr_l2_ratio_50pct_seed_20260322_artifact.json","file","current/provenance file retained","3913","2026-04-22T21:33:18"
"reports\step9_identifier_augmented_few_shot_default_ratio_100pct_seed_20260320_model.txt","file","current/provenance file retained","23441","2026-04-22T21:33:22"
"reports\step9_identifier_augmented_few_shot_default_ratio_100pct_seed_20260321_model.txt","file","current/provenance file retained","82326","2026-04-22T21:33:27"
"reports\step9_identifier_augmented_few_shot_default_ratio_100pct_seed_20260322_model.txt","file","current/provenance file retained","95396","2026-04-22T21:33:31"
"reports\step9_identifier_augmented_few_shot_default_ratio_10pct_seed_20260320_model.txt","file","current/provenance file retained","113580","2026-04-22T21:33:35"
"reports\step9_identifier_augmented_few_shot_default_ratio_10pct_seed_20260321_model.txt","file","current/provenance file retained","119263","2026-04-22T21:33:40"
"reports\step9_identifier_augmented_few_shot_default_ratio_10pct_seed_20260322_model.txt","file","current/provenance file retained","117058","2026-04-22T21:33:51"
"reports\step9_identifier_augmented_few_shot_default_ratio_20pct_seed_20260320_model.txt","file","current/provenance file retained","101626","2026-04-22T21:33:55"
"reports\step9_identifier_augmented_few_shot_default_ratio_20pct_seed_20260321_model.txt","file","current/provenance file retained","99385","2026-04-22T21:33:59"
"reports\step9_identifier_augmented_few_shot_default_ratio_20pct_seed_20260322_model.txt","file","current/provenance file retained","113975","2026-04-22T21:34:03"
"reports\step9_identifier_augmented_few_shot_default_ratio_50pct_seed_20260320_model.txt","file","current/provenance file retained","21892","2026-04-22T21:34:07"
"reports\step9_identifier_augmented_few_shot_default_ratio_50pct_seed_20260321_model.txt","file","current/provenance file retained","24163","2026-04-22T21:34:12"
"reports\step9_identifier_augmented_few_shot_default_ratio_50pct_seed_20260322_model.txt","file","current/provenance file retained","91695","2026-04-22T21:34:16"
