model_id,role,metric,observed,bootstrap_mean,bootstrap_std,ci_lower,ci_upper,valid_resamples,n_rows,n_positive,n_negative,n_groups
raw_bge_m3_cosine,raw_semantic_control,roc_auc,0.748933,0.750412,0.046442,0.655685,0.838077,5000,200,50,150,126
raw_bge_m3_cosine,raw_semantic_control,average_precision,0.526585,0.529702,0.075956,0.383446,0.676788,5000,200,50,150,126
raw_bge_m3_cosine,raw_semantic_control,pr_auc,0.526585,0.529702,0.075956,0.383446,0.676788,5000,200,50,150,126
raw_bge_m3_cosine,raw_semantic_control,map,0.526585,0.529702,0.075956,0.383446,0.676788,5000,200,50,150,126
raw_bge_m3_cosine,raw_semantic_control,mrr,1.000000,0.932214,0.204452,0.250000,1.000000,5000,200,50,150,126
raw_e5_cosine,raw_semantic_control,roc_auc,0.748000,0.747825,0.050808,0.643574,0.841912,5000,200,50,150,126
raw_e5_cosine,raw_semantic_control,average_precision,0.542839,0.542387,0.074799,0.388123,0.679719,5000,200,50,150,126
raw_e5_cosine,raw_semantic_control,pr_auc,0.542839,0.542387,0.074799,0.388123,0.679719,5000,200,50,150,126
raw_e5_cosine,raw_semantic_control,map,0.542839,0.542387,0.074799,0.388123,0.679719,5000,200,50,150,126
raw_e5_cosine,raw_semantic_control,mrr,1.000000,0.995889,0.055391,1.000000,1.000000,5000,200,50,150,126
raw_labse_cosine,raw_semantic_control,roc_auc,0.813333,0.814660,0.038709,0.736326,0.887475,5000,200,50,150,126
raw_labse_cosine,raw_semantic_control,average_precision,0.608477,0.609790,0.068019,0.466972,0.734095,5000,200,50,150,126
raw_labse_cosine,raw_semantic_control,pr_auc,0.608477,0.609790,0.068019,0.466972,0.734095,5000,200,50,150,126
raw_labse_cosine,raw_semantic_control,map,0.608477,0.609790,0.068019,0.466972,0.734095,5000,200,50,150,126
raw_labse_cosine,raw_semantic_control,mrr,1.000000,0.997563,0.040126,1.000000,1.000000,5000,200,50,150,126
step15_v5_domain_balanced_public_noise_weighted_strong_phase4_seed_20260320,step15_v5_clean_domain_balanced_public_noise_weighted_strong_seed,roc_auc,0.864400,0.863757,0.033271,0.791894,0.921599,5000,200,50,150,126
step15_v5_domain_balanced_public_noise_weighted_strong_phase4_seed_20260320,step15_v5_clean_domain_balanced_public_noise_weighted_strong_seed,average_precision,0.704922,0.702658,0.075008,0.537342,0.831541,5000,200,50,150,126
step15_v5_domain_balanced_public_noise_weighted_strong_phase4_seed_20260320,step15_v5_clean_domain_balanced_public_noise_weighted_strong_seed,pr_auc,0.704922,0.702658,0.075008,0.537342,0.831541,5000,200,50,150,126
step15_v5_domain_balanced_public_noise_weighted_strong_phase4_seed_20260320,step15_v5_clean_domain_balanced_public_noise_weighted_strong_seed,map,0.704922,0.702658,0.075008,0.537342,0.831541,5000,200,50,150,126
step15_v5_domain_balanced_public_noise_weighted_strong_phase4_seed_20260320,step15_v5_clean_domain_balanced_public_noise_weighted_strong_seed,mrr,1.000000,1.000000,0.000000,1.000000,1.000000,5000,200,50,150,126
step15_v5_domain_balanced_public_noise_weighted_strong_phase4_seed_20260321,step15_v5_clean_domain_balanced_public_noise_weighted_strong_seed,roc_auc,0.832800,0.833878,0.036308,0.760107,0.902717,5000,200,50,150,126
step15_v5_domain_balanced_public_noise_weighted_strong_phase4_seed_20260321,step15_v5_clean_domain_balanced_public_noise_weighted_strong_seed,average_precision,0.602159,0.605928,0.078978,0.452106,0.757200,5000,200,50,150,126
step15_v5_domain_balanced_public_noise_weighted_strong_phase4_seed_20260321,step15_v5_clean_domain_balanced_public_noise_weighted_strong_seed,pr_auc,0.602159,0.605928,0.078978,0.452106,0.757200,5000,200,50,150,126
step15_v5_domain_balanced_public_noise_weighted_strong_phase4_seed_20260321,step15_v5_clean_domain_balanced_public_noise_weighted_strong_seed,map,0.602159,0.605928,0.078978,0.452106,0.757200,5000,200,50,150,126
step15_v5_domain_balanced_public_noise_weighted_strong_phase4_seed_20260321,step15_v5_clean_domain_balanced_public_noise_weighted_strong_seed,mrr,1.000000,0.999683,0.016028,1.000000,1.000000,5000,200,50,150,126
step15_v5_domain_balanced_public_noise_weighted_strong_phase4_seed_20260322,step15_v5_clean_domain_balanced_public_noise_weighted_strong_seed,roc_auc,0.869333,0.869604,0.032181,0.802302,0.927843,5000,200,50,150,126
step15_v5_domain_balanced_public_noise_weighted_strong_phase4_seed_20260322,step15_v5_clean_domain_balanced_public_noise_weighted_strong_seed,average_precision,0.651039,0.653899,0.077981,0.497045,0.803875,5000,200,50,150,126
step15_v5_domain_balanced_public_noise_weighted_strong_phase4_seed_20260322,step15_v5_clean_domain_balanced_public_noise_weighted_strong_seed,pr_auc,0.651039,0.653899,0.077981,0.497045,0.803875,5000,200,50,150,126
step15_v5_domain_balanced_public_noise_weighted_strong_phase4_seed_20260322,step15_v5_clean_domain_balanced_public_noise_weighted_strong_seed,map,0.651039,0.653899,0.077981,0.497045,0.803875,5000,200,50,150,126
step15_v5_domain_balanced_public_noise_weighted_strong_phase4_seed_20260322,step15_v5_clean_domain_balanced_public_noise_weighted_strong_seed,mrr,1.000000,1.000000,0.000000,1.000000,1.000000,5000,200,50,150,126
step15_v5_domain_balanced_public_noise_weighted_strong_phase4_seed_mean,step15_v5_clean_domain_balanced_public_noise_weighted_strong_seed_mean,roc_auc,0.882000,0.881767,0.028210,0.820545,0.931182,5000,200,50,150,126
step15_v5_domain_balanced_public_noise_weighted_strong_phase4_seed_mean,step15_v5_clean_domain_balanced_public_noise_weighted_strong_seed_mean,average_precision,0.705383,0.705906,0.072710,0.553164,0.836630,5000,200,50,150,126
step15_v5_domain_balanced_public_noise_weighted_strong_phase4_seed_mean,step15_v5_clean_domain_balanced_public_noise_weighted_strong_seed_mean,pr_auc,0.705383,0.705906,0.072710,0.553164,0.836630,5000,200,50,150,126
step15_v5_domain_balanced_public_noise_weighted_strong_phase4_seed_mean,step15_v5_clean_domain_balanced_public_noise_weighted_strong_seed_mean,map,0.705383,0.705906,0.072710,0.553164,0.836630,5000,200,50,150,126
step15_v5_domain_balanced_public_noise_weighted_strong_phase4_seed_mean,step15_v5_clean_domain_balanced_public_noise_weighted_strong_seed_mean,mrr,1.000000,1.000000,0.000000,1.000000,1.000000,5000,200,50,150,126
step15_v5_public_noise_weighted_strong_phase4_seed_20260320,step15_v5_clean_public_noise_weighted_strong_seed,roc_auc,0.841467,0.841310,0.039383,0.759147,0.912233,5000,200,50,150,126
step15_v5_public_noise_weighted_strong_phase4_seed_20260320,step15_v5_clean_public_noise_weighted_strong_seed,average_precision,0.724578,0.722112,0.066688,0.573886,0.834765,5000,200,50,150,126
step15_v5_public_noise_weighted_strong_phase4_seed_20260320,step15_v5_clean_public_noise_weighted_strong_seed,pr_auc,0.724578,0.722112,0.066688,0.573886,0.834765,5000,200,50,150,126
step15_v5_public_noise_weighted_strong_phase4_seed_20260320,step15_v5_clean_public_noise_weighted_strong_seed,map,0.724578,0.722112,0.066688,0.573886,0.834765,5000,200,50,150,126
step15_v5_public_noise_weighted_strong_phase4_seed_20260320,step15_v5_clean_public_noise_weighted_strong_seed,mrr,1.000000,1.000000,0.000000,1.000000,1.000000,5000,200,50,150,126
step15_v5_public_noise_weighted_strong_phase4_seed_20260321,step15_v5_clean_public_noise_weighted_strong_seed,roc_auc,0.825067,0.826119,0.037111,0.750562,0.896320,5000,200,50,150,126
step15_v5_public_noise_weighted_strong_phase4_seed_20260321,step15_v5_clean_public_noise_weighted_strong_seed,average_precision,0.589990,0.594191,0.079865,0.436211,0.748337,5000,200,50,150,126
step15_v5_public_noise_weighted_strong_phase4_seed_20260321,step15_v5_clean_public_noise_weighted_strong_seed,pr_auc,0.589990,0.594191,0.079865,0.436211,0.748337,5000,200,50,150,126
step15_v5_public_noise_weighted_strong_phase4_seed_20260321,step15_v5_clean_public_noise_weighted_strong_seed,map,0.589990,0.594191,0.079865,0.436211,0.748337,5000,200,50,150,126
step15_v5_public_noise_weighted_strong_phase4_seed_20260321,step15_v5_clean_public_noise_weighted_strong_seed,mrr,1.000000,0.999677,0.016412,1.000000,1.000000,5000,200,50,150,126
step15_v5_public_noise_weighted_strong_phase4_seed_20260322,step15_v5_clean_public_noise_weighted_strong_seed,roc_auc,0.859600,0.858859,0.031258,0.793328,0.914545,5000,200,50,150,126
step15_v5_public_noise_weighted_strong_phase4_seed_20260322,step15_v5_clean_public_noise_weighted_strong_seed,average_precision,0.732939,0.730258,0.062242,0.590629,0.836858,5000,200,50,150,126
step15_v5_public_noise_weighted_strong_phase4_seed_20260322,step15_v5_clean_public_noise_weighted_strong_seed,pr_auc,0.732939,0.730258,0.062242,0.590629,0.836858,5000,200,50,150,126
step15_v5_public_noise_weighted_strong_phase4_seed_20260322,step15_v5_clean_public_noise_weighted_strong_seed,map,0.732939,0.730258,0.062242,0.590629,0.836858,5000,200,50,150,126
step15_v5_public_noise_weighted_strong_phase4_seed_20260322,step15_v5_clean_public_noise_weighted_strong_seed,mrr,1.000000,1.000000,0.000000,1.000000,1.000000,5000,200,50,150,126
step15_v5_public_noise_weighted_strong_phase4_seed_mean,step15_v5_clean_public_noise_weighted_strong_seed_mean,roc_auc,0.862267,0.861756,0.031073,0.795069,0.917239,5000,200,50,150,126
step15_v5_public_noise_weighted_strong_phase4_seed_mean,step15_v5_clean_public_noise_weighted_strong_seed_mean,average_precision,0.733382,0.730844,0.063735,0.588223,0.839025,5000,200,50,150,126
step15_v5_public_noise_weighted_strong_phase4_seed_mean,step15_v5_clean_public_noise_weighted_strong_seed_mean,pr_auc,0.733382,0.730844,0.063735,0.588223,0.839025,5000,200,50,150,126
step15_v5_public_noise_weighted_strong_phase4_seed_mean,step15_v5_clean_public_noise_weighted_strong_seed_mean,map,0.733382,0.730844,0.063735,0.588223,0.839025,5000,200,50,150,126
step15_v5_public_noise_weighted_strong_phase4_seed_mean,step15_v5_clean_public_noise_weighted_strong_seed_mean,mrr,1.000000,1.000000,0.000000,1.000000,1.000000,5000,200,50,150,126
step7_core_zero_shot_bge_m3,step7_clean_fusion_control,roc_auc,0.604200,0.604975,0.053558,0.499153,0.708172,5000,200,50,150,126
step7_core_zero_shot_bge_m3,step7_clean_fusion_control,average_precision,0.494441,0.402221,0.075236,0.261130,0.554846,5000,200,50,150,126
step7_core_zero_shot_bge_m3,step7_clean_fusion_control,pr_auc,0.494441,0.402221,0.075236,0.261130,0.554846,5000,200,50,150,126
step7_core_zero_shot_bge_m3,step7_clean_fusion_control,map,0.494441,0.402221,0.075236,0.261130,0.554846,5000,200,50,150,126
step7_core_zero_shot_bge_m3,step7_clean_fusion_control,mrr,1.000000,0.785803,0.296481,0.200000,1.000000,5000,200,50,150,126
step7_core_zero_shot_default,step7_clean_fusion_control,roc_auc,0.604000,0.605285,0.055272,0.494140,0.708608,5000,200,50,150,126
step7_core_zero_shot_default,step7_clean_fusion_control,average_precision,0.490156,0.395516,0.075147,0.253604,0.546230,5000,200,50,150,126
step7_core_zero_shot_default,step7_clean_fusion_control,pr_auc,0.490156,0.395516,0.075147,0.253604,0.546230,5000,200,50,150,126
step7_core_zero_shot_default,step7_clean_fusion_control,map,0.490156,0.395516,0.075147,0.253604,0.546230,5000,200,50,150,126
step7_core_zero_shot_default,step7_clean_fusion_control,mrr,1.000000,0.785803,0.296481,0.200000,1.000000,5000,200,50,150,126
step7_core_zero_shot_default_no_structural,step7_clean_ablation_control,roc_auc,0.768800,0.771384,0.055637,0.658131,0.875047,5000,200,50,150,126
step7_core_zero_shot_default_no_structural,step7_clean_ablation_control,average_precision,0.514122,0.520855,0.084716,0.364622,0.694501,5000,200,50,150,126
step7_core_zero_shot_default_no_structural,step7_clean_ablation_control,pr_auc,0.514122,0.520855,0.084716,0.364622,0.694501,5000,200,50,150,126
step7_core_zero_shot_default_no_structural,step7_clean_ablation_control,map,0.514122,0.520855,0.084716,0.364622,0.694501,5000,200,50,150,126
step7_core_zero_shot_default_no_structural,step7_clean_ablation_control,mrr,1.000000,0.971691,0.139497,0.333333,1.000000,5000,200,50,150,126
step7_identifier_augmented_default,step7_operational_identifier_control,roc_auc,0.691200,0.690985,0.045114,0.603578,0.779208,5000,200,50,150,126
step7_identifier_augmented_default,step7_operational_identifier_control,average_precision,0.599287,0.460179,0.092738,0.287095,0.650969,5000,200,50,150,126
step7_identifier_augmented_default,step7_operational_identifier_control,pr_auc,0.599287,0.460179,0.092738,0.287095,0.650969,5000,200,50,150,126
step7_identifier_augmented_default,step7_operational_identifier_control,map,0.599287,0.460179,0.092738,0.287095,0.650969,5000,200,50,150,126
step7_identifier_augmented_default,step7_operational_identifier_control,mrr,1.000000,0.701058,0.361475,0.111111,1.000000,5000,200,50,150,126
step9_bge_m3_residual_lr_100pct_seed_20260320,step9_clean_control_seed,roc_auc,0.812533,0.812263,0.037545,0.736710,0.882132,5000,200,50,150,126
step9_bge_m3_residual_lr_100pct_seed_20260320,step9_clean_control_seed,average_precision,0.578215,0.579533,0.079124,0.420691,0.731468,5000,200,50,150,126
step9_bge_m3_residual_lr_100pct_seed_20260320,step9_clean_control_seed,pr_auc,0.578215,0.579533,0.079124,0.420691,0.731468,5000,200,50,150,126
step9_bge_m3_residual_lr_100pct_seed_20260320,step9_clean_control_seed,map,0.578215,0.579533,0.079124,0.420691,0.731468,5000,200,50,150,126
step9_bge_m3_residual_lr_100pct_seed_20260320,step9_clean_control_seed,mrr,1.000000,0.998252,0.037323,1.000000,1.000000,5000,200,50,150,126
step9_bge_m3_residual_lr_100pct_seed_20260321,step9_clean_control_seed,roc_auc,0.812533,0.812263,0.037545,0.736710,0.882132,5000,200,50,150,126
step9_bge_m3_residual_lr_100pct_seed_20260321,step9_clean_control_seed,average_precision,0.578215,0.579533,0.079124,0.420691,0.731468,5000,200,50,150,126
step9_bge_m3_residual_lr_100pct_seed_20260321,step9_clean_control_seed,pr_auc,0.578215,0.579533,0.079124,0.420691,0.731468,5000,200,50,150,126
step9_bge_m3_residual_lr_100pct_seed_20260321,step9_clean_control_seed,map,0.578215,0.579533,0.079124,0.420691,0.731468,5000,200,50,150,126
step9_bge_m3_residual_lr_100pct_seed_20260321,step9_clean_control_seed,mrr,1.000000,0.998252,0.037323,1.000000,1.000000,5000,200,50,150,126
step9_bge_m3_residual_lr_100pct_seed_20260322,step9_clean_control_seed,roc_auc,0.812533,0.812263,0.037545,0.736710,0.882132,5000,200,50,150,126
step9_bge_m3_residual_lr_100pct_seed_20260322,step9_clean_control_seed,average_precision,0.578215,0.579533,0.079124,0.420691,0.731468,5000,200,50,150,126
step9_bge_m3_residual_lr_100pct_seed_20260322,step9_clean_control_seed,pr_auc,0.578215,0.579533,0.079124,0.420691,0.731468,5000,200,50,150,126
step9_bge_m3_residual_lr_100pct_seed_20260322,step9_clean_control_seed,map,0.578215,0.579533,0.079124,0.420691,0.731468,5000,200,50,150,126
step9_bge_m3_residual_lr_100pct_seed_20260322,step9_clean_control_seed,mrr,1.000000,0.998252,0.037323,1.000000,1.000000,5000,200,50,150,126
step9_bge_m3_residual_lr_100pct_seed_mean,step9_clean_control_seed_mean,roc_auc,0.812533,0.812263,0.037545,0.736710,0.882132,5000,200,50,150,126
step9_bge_m3_residual_lr_100pct_seed_mean,step9_clean_control_seed_mean,average_precision,0.578215,0.579533,0.079124,0.420691,0.731468,5000,200,50,150,126
step9_bge_m3_residual_lr_100pct_seed_mean,step9_clean_control_seed_mean,pr_auc,0.578215,0.579533,0.079124,0.420691,0.731468,5000,200,50,150,126
step9_bge_m3_residual_lr_100pct_seed_mean,step9_clean_control_seed_mean,map,0.578215,0.579533,0.079124,0.420691,0.731468,5000,200,50,150,126
step9_bge_m3_residual_lr_100pct_seed_mean,step9_clean_control_seed_mean,mrr,1.000000,0.998252,0.037323,1.000000,1.000000,5000,200,50,150,126
step9_e5_lr_l2_50pct_seed_20260320,step9_clean_current_seed,roc_auc,0.734133,0.732214,0.049529,0.629782,0.825464,5000,200,50,150,126
step9_e5_lr_l2_50pct_seed_20260320,step9_clean_current_seed,average_precision,0.553409,0.554354,0.069625,0.412270,0.682410,5000,200,50,150,126
step9_e5_lr_l2_50pct_seed_20260320,step9_clean_current_seed,pr_auc,0.553409,0.554354,0.069625,0.412270,0.682410,5000,200,50,150,126
step9_e5_lr_l2_50pct_seed_20260320,step9_clean_current_seed,map,0.553409,0.554354,0.069625,0.412270,0.682410,5000,200,50,150,126
step9_e5_lr_l2_50pct_seed_20260320,step9_clean_current_seed,mrr,1.000000,0.999557,0.018145,1.000000,1.000000,5000,200,50,150,126
step9_e5_lr_l2_50pct_seed_20260321,step9_clean_current_seed,roc_auc,0.736267,0.734323,0.048843,0.633169,0.826511,5000,200,50,150,126
step9_e5_lr_l2_50pct_seed_20260321,step9_clean_current_seed,average_precision,0.557051,0.557644,0.068237,0.420228,0.684456,5000,200,50,150,126
step9_e5_lr_l2_50pct_seed_20260321,step9_clean_current_seed,pr_auc,0.557051,0.557644,0.068237,0.420228,0.684456,5000,200,50,150,126
step9_e5_lr_l2_50pct_seed_20260321,step9_clean_current_seed,map,0.557051,0.557644,0.068237,0.420228,0.684456,5000,200,50,150,126
step9_e5_lr_l2_50pct_seed_20260321,step9_clean_current_seed,mrr,1.000000,0.999700,0.014998,1.000000,1.000000,5000,200,50,150,126
step9_e5_lr_l2_50pct_seed_20260322,step9_clean_current_seed,roc_auc,0.724267,0.722492,0.050528,0.618166,0.817306,5000,200,50,150,126
step9_e5_lr_l2_50pct_seed_20260322,step9_clean_current_seed,average_precision,0.558299,0.559110,0.067157,0.419344,0.683991,5000,200,50,150,126
step9_e5_lr_l2_50pct_seed_20260322,step9_clean_current_seed,pr_auc,0.558299,0.559110,0.067157,0.419344,0.683991,5000,200,50,150,126
step9_e5_lr_l2_50pct_seed_20260322,step9_clean_current_seed,map,0.558299,0.559110,0.067157,0.419344,0.683991,5000,200,50,150,126
step9_e5_lr_l2_50pct_seed_20260322,step9_clean_current_seed,mrr,1.000000,1.000000,0.000000,1.000000,1.000000,5000,200,50,150,126
step9_e5_lr_l2_50pct_seed_mean,step9_clean_current_seed_mean,roc_auc,0.731200,0.729294,0.049661,0.626188,0.822833,5000,200,50,150,126
step9_e5_lr_l2_50pct_seed_mean,step9_clean_current_seed_mean,average_precision,0.557628,0.558447,0.068259,0.418555,0.684497,5000,200,50,150,126
step9_e5_lr_l2_50pct_seed_mean,step9_clean_current_seed_mean,pr_auc,0.557628,0.558447,0.068259,0.418555,0.684497,5000,200,50,150,126
step9_e5_lr_l2_50pct_seed_mean,step9_clean_current_seed_mean,map,0.557628,0.558447,0.068259,0.418555,0.684497,5000,200,50,150,126
step9_e5_lr_l2_50pct_seed_mean,step9_clean_current_seed_mean,mrr,1.000000,0.999700,0.014998,1.000000,1.000000,5000,200,50,150,126
step9_e5_lr_l2_positive_pair_mixup_100pct_seed_20260320,step9_clean_minority_regularization_seed,roc_auc,0.762267,0.761591,0.043940,0.672292,0.844342,5000,200,50,150,126
step9_e5_lr_l2_positive_pair_mixup_100pct_seed_20260320,step9_clean_minority_regularization_seed,average_precision,0.556195,0.557518,0.073426,0.410242,0.693682,5000,200,50,150,126
step9_e5_lr_l2_positive_pair_mixup_100pct_seed_20260320,step9_clean_minority_regularization_seed,pr_auc,0.556195,0.557518,0.073426,0.410242,0.693682,5000,200,50,150,126
step9_e5_lr_l2_positive_pair_mixup_100pct_seed_20260320,step9_clean_minority_regularization_seed,map,0.556195,0.557518,0.073426,0.410242,0.693682,5000,200,50,150,126
step9_e5_lr_l2_positive_pair_mixup_100pct_seed_20260320,step9_clean_minority_regularization_seed,mrr,1.000000,0.999507,0.017796,1.000000,1.000000,5000,200,50,150,126
step9_e5_lr_l2_positive_pair_mixup_100pct_seed_20260321,step9_clean_minority_regularization_seed,roc_auc,0.762267,0.761591,0.043940,0.672292,0.844342,5000,200,50,150,126
step9_e5_lr_l2_positive_pair_mixup_100pct_seed_20260321,step9_clean_minority_regularization_seed,average_precision,0.556195,0.557518,0.073426,0.410242,0.693682,5000,200,50,150,126
step9_e5_lr_l2_positive_pair_mixup_100pct_seed_20260321,step9_clean_minority_regularization_seed,pr_auc,0.556195,0.557518,0.073426,0.410242,0.693682,5000,200,50,150,126
step9_e5_lr_l2_positive_pair_mixup_100pct_seed_20260321,step9_clean_minority_regularization_seed,map,0.556195,0.557518,0.073426,0.410242,0.693682,5000,200,50,150,126
step9_e5_lr_l2_positive_pair_mixup_100pct_seed_20260321,step9_clean_minority_regularization_seed,mrr,1.000000,0.999507,0.017796,1.000000,1.000000,5000,200,50,150,126
step9_e5_lr_l2_positive_pair_mixup_100pct_seed_20260322,step9_clean_minority_regularization_seed,roc_auc,0.762267,0.761591,0.043940,0.672292,0.844342,5000,200,50,150,126
step9_e5_lr_l2_positive_pair_mixup_100pct_seed_20260322,step9_clean_minority_regularization_seed,average_precision,0.556195,0.557518,0.073426,0.410242,0.693682,5000,200,50,150,126
step9_e5_lr_l2_positive_pair_mixup_100pct_seed_20260322,step9_clean_minority_regularization_seed,pr_auc,0.556195,0.557518,0.073426,0.410242,0.693682,5000,200,50,150,126
step9_e5_lr_l2_positive_pair_mixup_100pct_seed_20260322,step9_clean_minority_regularization_seed,map,0.556195,0.557518,0.073426,0.410242,0.693682,5000,200,50,150,126
step9_e5_lr_l2_positive_pair_mixup_100pct_seed_20260322,step9_clean_minority_regularization_seed,mrr,1.000000,0.999507,0.017796,1.000000,1.000000,5000,200,50,150,126
step9_e5_lr_l2_positive_pair_mixup_100pct_seed_mean,step9_clean_minority_regularization_seed_mean,roc_auc,0.762267,0.761591,0.043940,0.672292,0.844342,5000,200,50,150,126
step9_e5_lr_l2_positive_pair_mixup_100pct_seed_mean,step9_clean_minority_regularization_seed_mean,average_precision,0.556195,0.557518,0.073426,0.410242,0.693682,5000,200,50,150,126
step9_e5_lr_l2_positive_pair_mixup_100pct_seed_mean,step9_clean_minority_regularization_seed_mean,pr_auc,0.556195,0.557518,0.073426,0.410242,0.693682,5000,200,50,150,126
step9_e5_lr_l2_positive_pair_mixup_100pct_seed_mean,step9_clean_minority_regularization_seed_mean,map,0.556195,0.557518,0.073426,0.410242,0.693682,5000,200,50,150,126
step9_e5_lr_l2_positive_pair_mixup_100pct_seed_mean,step9_clean_minority_regularization_seed_mean,mrr,1.000000,0.999507,0.017796,1.000000,1.000000,5000,200,50,150,126
step9_e5_lr_l2_positive_pair_mixup_50pct_seed_20260320,step9_clean_minority_regularization_seed,roc_auc,0.734133,0.732214,0.049529,0.629782,0.825464,5000,200,50,150,126
step9_e5_lr_l2_positive_pair_mixup_50pct_seed_20260320,step9_clean_minority_regularization_seed,average_precision,0.553409,0.554354,0.069625,0.412270,0.682410,5000,200,50,150,126
step9_e5_lr_l2_positive_pair_mixup_50pct_seed_20260320,step9_clean_minority_regularization_seed,pr_auc,0.553409,0.554354,0.069625,0.412270,0.682410,5000,200,50,150,126
step9_e5_lr_l2_positive_pair_mixup_50pct_seed_20260320,step9_clean_minority_regularization_seed,map,0.553409,0.554354,0.069625,0.412270,0.682410,5000,200,50,150,126
step9_e5_lr_l2_positive_pair_mixup_50pct_seed_20260320,step9_clean_minority_regularization_seed,mrr,1.000000,0.999557,0.018145,1.000000,1.000000,5000,200,50,150,126
step9_e5_lr_l2_positive_pair_mixup_50pct_seed_20260321,step9_clean_minority_regularization_seed,roc_auc,0.736267,0.734323,0.048843,0.633169,0.826511,5000,200,50,150,126
step9_e5_lr_l2_positive_pair_mixup_50pct_seed_20260321,step9_clean_minority_regularization_seed,average_precision,0.557051,0.557644,0.068237,0.420228,0.684456,5000,200,50,150,126
step9_e5_lr_l2_positive_pair_mixup_50pct_seed_20260321,step9_clean_minority_regularization_seed,pr_auc,0.557051,0.557644,0.068237,0.420228,0.684456,5000,200,50,150,126
step9_e5_lr_l2_positive_pair_mixup_50pct_seed_20260321,step9_clean_minority_regularization_seed,map,0.557051,0.557644,0.068237,0.420228,0.684456,5000,200,50,150,126
step9_e5_lr_l2_positive_pair_mixup_50pct_seed_20260321,step9_clean_minority_regularization_seed,mrr,1.000000,0.999700,0.014998,1.000000,1.000000,5000,200,50,150,126
step9_e5_lr_l2_positive_pair_mixup_50pct_seed_20260322,step9_clean_minority_regularization_seed,roc_auc,0.724267,0.722492,0.050528,0.618166,0.817306,5000,200,50,150,126
step9_e5_lr_l2_positive_pair_mixup_50pct_seed_20260322,step9_clean_minority_regularization_seed,average_precision,0.558299,0.559110,0.067157,0.419344,0.683991,5000,200,50,150,126
step9_e5_lr_l2_positive_pair_mixup_50pct_seed_20260322,step9_clean_minority_regularization_seed,pr_auc,0.558299,0.559110,0.067157,0.419344,0.683991,5000,200,50,150,126
step9_e5_lr_l2_positive_pair_mixup_50pct_seed_20260322,step9_clean_minority_regularization_seed,map,0.558299,0.559110,0.067157,0.419344,0.683991,5000,200,50,150,126
step9_e5_lr_l2_positive_pair_mixup_50pct_seed_20260322,step9_clean_minority_regularization_seed,mrr,1.000000,1.000000,0.000000,1.000000,1.000000,5000,200,50,150,126
step9_e5_lr_l2_positive_pair_mixup_50pct_seed_mean,step9_clean_minority_regularization_seed_mean,roc_auc,0.731200,0.729294,0.049661,0.626188,0.822833,5000,200,50,150,126
step9_e5_lr_l2_positive_pair_mixup_50pct_seed_mean,step9_clean_minority_regularization_seed_mean,average_precision,0.557628,0.558447,0.068259,0.418555,0.684497,5000,200,50,150,126
step9_e5_lr_l2_positive_pair_mixup_50pct_seed_mean,step9_clean_minority_regularization_seed_mean,pr_auc,0.557628,0.558447,0.068259,0.418555,0.684497,5000,200,50,150,126
step9_e5_lr_l2_positive_pair_mixup_50pct_seed_mean,step9_clean_minority_regularization_seed_mean,map,0.557628,0.558447,0.068259,0.418555,0.684497,5000,200,50,150,126
step9_e5_lr_l2_positive_pair_mixup_50pct_seed_mean,step9_clean_minority_regularization_seed_mean,mrr,1.000000,0.999700,0.014998,1.000000,1.000000,5000,200,50,150,126
step9_identifier_augmented_lr_l2_100pct_seed_20260320,step9_operational_identifier_seed,roc_auc,0.869467,0.869900,0.034277,0.799073,0.933511,5000,200,50,150,126
step9_identifier_augmented_lr_l2_100pct_seed_20260320,step9_operational_identifier_seed,average_precision,0.789611,0.789314,0.058306,0.661314,0.891406,5000,200,50,150,126
step9_identifier_augmented_lr_l2_100pct_seed_20260320,step9_operational_identifier_seed,pr_auc,0.789611,0.789314,0.058306,0.661314,0.891406,5000,200,50,150,126
step9_identifier_augmented_lr_l2_100pct_seed_20260320,step9_operational_identifier_seed,map,0.789611,0.789314,0.058306,0.661314,0.891406,5000,200,50,150,126
step9_identifier_augmented_lr_l2_100pct_seed_20260320,step9_operational_identifier_seed,mrr,1.000000,1.000000,0.000000,1.000000,1.000000,5000,200,50,150,126
step9_identifier_augmented_lr_l2_100pct_seed_20260321,step9_operational_identifier_seed,roc_auc,0.869467,0.869900,0.034277,0.799073,0.933511,5000,200,50,150,126
step9_identifier_augmented_lr_l2_100pct_seed_20260321,step9_operational_identifier_seed,average_precision,0.789611,0.789314,0.058306,0.661314,0.891406,5000,200,50,150,126
step9_identifier_augmented_lr_l2_100pct_seed_20260321,step9_operational_identifier_seed,pr_auc,0.789611,0.789314,0.058306,0.661314,0.891406,5000,200,50,150,126
step9_identifier_augmented_lr_l2_100pct_seed_20260321,step9_operational_identifier_seed,map,0.789611,0.789314,0.058306,0.661314,0.891406,5000,200,50,150,126
step9_identifier_augmented_lr_l2_100pct_seed_20260321,step9_operational_identifier_seed,mrr,1.000000,1.000000,0.000000,1.000000,1.000000,5000,200,50,150,126
step9_identifier_augmented_lr_l2_100pct_seed_20260322,step9_operational_identifier_seed,roc_auc,0.869467,0.869900,0.034277,0.799073,0.933511,5000,200,50,150,126
step9_identifier_augmented_lr_l2_100pct_seed_20260322,step9_operational_identifier_seed,average_precision,0.789611,0.789314,0.058306,0.661314,0.891406,5000,200,50,150,126
step9_identifier_augmented_lr_l2_100pct_seed_20260322,step9_operational_identifier_seed,pr_auc,0.789611,0.789314,0.058306,0.661314,0.891406,5000,200,50,150,126
step9_identifier_augmented_lr_l2_100pct_seed_20260322,step9_operational_identifier_seed,map,0.789611,0.789314,0.058306,0.661314,0.891406,5000,200,50,150,126
step9_identifier_augmented_lr_l2_100pct_seed_20260322,step9_operational_identifier_seed,mrr,1.000000,1.000000,0.000000,1.000000,1.000000,5000,200,50,150,126
step9_identifier_augmented_lr_l2_100pct_seed_mean,step9_operational_identifier_seed_mean,roc_auc,0.869467,0.869900,0.034277,0.799073,0.933511,5000,200,50,150,126
step9_identifier_augmented_lr_l2_100pct_seed_mean,step9_operational_identifier_seed_mean,average_precision,0.789611,0.789314,0.058306,0.661314,0.891406,5000,200,50,150,126
step9_identifier_augmented_lr_l2_100pct_seed_mean,step9_operational_identifier_seed_mean,pr_auc,0.789611,0.789314,0.058306,0.661314,0.891406,5000,200,50,150,126
step9_identifier_augmented_lr_l2_100pct_seed_mean,step9_operational_identifier_seed_mean,map,0.789611,0.789314,0.058306,0.661314,0.891406,5000,200,50,150,126
step9_identifier_augmented_lr_l2_100pct_seed_mean,step9_operational_identifier_seed_mean,mrr,1.000000,1.000000,0.000000,1.000000,1.000000,5000,200,50,150,126
step9_labse_lr_l2_100pct_seed_20260320,step9_clean_control_seed,roc_auc,0.815733,0.816319,0.035406,0.743847,0.881432,5000,200,50,150,126
step9_labse_lr_l2_100pct_seed_20260320,step9_clean_control_seed,average_precision,0.597181,0.599709,0.073099,0.449302,0.734740,5000,200,50,150,126
step9_labse_lr_l2_100pct_seed_20260320,step9_clean_control_seed,pr_auc,0.597181,0.599709,0.073099,0.449302,0.734740,5000,200,50,150,126
step9_labse_lr_l2_100pct_seed_20260320,step9_clean_control_seed,map,0.597181,0.599709,0.073099,0.449302,0.734740,5000,200,50,150,126
step9_labse_lr_l2_100pct_seed_20260320,step9_clean_control_seed,mrr,1.000000,0.999063,0.025407,1.000000,1.000000,5000,200,50,150,126
step9_labse_lr_l2_100pct_seed_20260321,step9_clean_control_seed,roc_auc,0.815733,0.816319,0.035406,0.743847,0.881432,5000,200,50,150,126
step9_labse_lr_l2_100pct_seed_20260321,step9_clean_control_seed,average_precision,0.597181,0.599709,0.073099,0.449302,0.734740,5000,200,50,150,126
step9_labse_lr_l2_100pct_seed_20260321,step9_clean_control_seed,pr_auc,0.597181,0.599709,0.073099,0.449302,0.734740,5000,200,50,150,126
step9_labse_lr_l2_100pct_seed_20260321,step9_clean_control_seed,map,0.597181,0.599709,0.073099,0.449302,0.734740,5000,200,50,150,126
step9_labse_lr_l2_100pct_seed_20260321,step9_clean_control_seed,mrr,1.000000,0.999063,0.025407,1.000000,1.000000,5000,200,50,150,126
step9_labse_lr_l2_100pct_seed_20260322,step9_clean_control_seed,roc_auc,0.815733,0.816319,0.035406,0.743847,0.881432,5000,200,50,150,126
step9_labse_lr_l2_100pct_seed_20260322,step9_clean_control_seed,average_precision,0.597181,0.599709,0.073099,0.449302,0.734740,5000,200,50,150,126
step9_labse_lr_l2_100pct_seed_20260322,step9_clean_control_seed,pr_auc,0.597181,0.599709,0.073099,0.449302,0.734740,5000,200,50,150,126
step9_labse_lr_l2_100pct_seed_20260322,step9_clean_control_seed,map,0.597181,0.599709,0.073099,0.449302,0.734740,5000,200,50,150,126
step9_labse_lr_l2_100pct_seed_20260322,step9_clean_control_seed,mrr,1.000000,0.999063,0.025407,1.000000,1.000000,5000,200,50,150,126
step9_labse_lr_l2_100pct_seed_mean,step9_clean_control_seed_mean,roc_auc,0.815733,0.816319,0.035406,0.743847,0.881432,5000,200,50,150,126
step9_labse_lr_l2_100pct_seed_mean,step9_clean_control_seed_mean,average_precision,0.597181,0.599709,0.073099,0.449302,0.734740,5000,200,50,150,126
step9_labse_lr_l2_100pct_seed_mean,step9_clean_control_seed_mean,pr_auc,0.597181,0.599709,0.073099,0.449302,0.734740,5000,200,50,150,126
step9_labse_lr_l2_100pct_seed_mean,step9_clean_control_seed_mean,map,0.597181,0.599709,0.073099,0.449302,0.734740,5000,200,50,150,126
step9_labse_lr_l2_100pct_seed_mean,step9_clean_control_seed_mean,mrr,1.000000,0.999063,0.025407,1.000000,1.000000,5000,200,50,150,126
