cluster_id,cluster_rank,threshold,threshold_token,cluster_size,cluster_edge_count,cluster_possible_edge_count,cluster_density,cluster_score_min,cluster_score_mean,cluster_score_max,cluster_markets,member_rank_within_cluster,member_degree,member_edge_score_sum,member_edge_score_mean,member_edge_score_max,strongest_neighbor_seller_uids,strongest_neighbor_scores,seller_uid,source_dataset,source_market_raw,source_seller_raw,alias_normalized,item_count,unique_title_count,unique_description_snippet_count,unique_category_count,contact_type_count,contact_token_count_total,top_category_preview,signature_title_preview,signature_description_preview,contact_preview
zh_target_strict_step15_v5_public_noise_weighted_strong_phase4_seed_mean_thr_0810037_c0001,1,0.810037,0810037,6,10,15,0.666667,0.813184,0.822708,0.830055,中文暗网交易市场,1,4,3.292607,0.823152,0.830055,market_item.xlsx|中文暗网交易市场|seller_raw:149940 || market_item.xlsx|中文暗网交易市场|seller_raw:312538 || market_item.xlsx|中文暗网交易市场|seller_raw:435064,0.830055 || 0.829063 || 0.820158,market_item.xlsx|中文暗网交易市场|seller_raw:157835,market_item.xlsx,中文暗网交易市场,157835,157835,5,5,5,1,0,0,数据资源,黑客技术教程工具.赌博源码.挖矿木马.肉鸡远程.加密解密.想学习黑客技术进来! || 彩票数据 内部导出 || 一手棋牌出款数据,数据总共有9.7万条，全部为后台导出，自动发货带有原网站网址，赔率低的老盘口， 数据带有：手机号码 qq号码 余额 总充值 总提款 姓名 开户银行 银行卡号 开户地址 登陆ip ⚠️注：资料百分百真实有效，因数据有可复制性，不接受任何理由的退款 || 大圣棋牌2018.09-12月玩家取款的支付宝收款账户，有一小部分是邮箱格式，总共12万条，这里是2万条 每条0.15美，2985刀. 没有测试，数据如有假请直接投诉,
zh_target_strict_step15_v5_public_noise_weighted_strong_phase4_seed_mean_thr_0810037_c0001,1,0.810037,0810037,6,10,15,0.666667,0.813184,0.822708,0.830055,中文暗网交易市场,2,4,3.291594,0.822898,0.829063,market_item.xlsx|中文暗网交易市场|seller_raw:157835 || market_item.xlsx|中文暗网交易市场|seller_raw:149940 || market_item.xlsx|中文暗网交易市场|seller_raw:121394,0.829063 || 0.826794 || 0.822552,market_item.xlsx|中文暗网交易市场|seller_raw:312538,market_item.xlsx,中文暗网交易市场,312538,312538,12,12,12,1,0,0,数据资源,19年皇冠综合盘博彩数据 有网址 可验证自动发货 || BC金沙娱乐城 新数据 可验证带网址 自动发货 || 2019年5月东升娱乐彩票数据 有网址 可验证,⑴，数据有3500多条 是2018年末的 ⑵，数据内容:用户名-姓名-qq-手机号-注册日期-MD5等，登录时间，登录设备 ⑶，是皇冠娱乐数据，网址为hg4849.com ⑷，本人不做博彩营销，但尝试拨打两个手机号全部打通并且有微信注册，有效率高 ⑸，适合博彩项目推广使用，他人绕行 ⑹，介绍的够详细了，也有图，购买后概不退货，行内人应该明白，分分钟辩识数据 || ⑴，数据有3000条+ 2018年11月精品数据 ⑵，数据内容:用户名-姓名-qq-手机号-注册日期-MD5等，有图 ⑶，是皇冠娱乐数据，网址为hg...,
zh_target_strict_step15_v5_public_noise_weighted_strong_phase4_seed_mean_thr_0810037_c0001,1,0.810037,0810037,6,10,15,0.666667,0.813184,0.822708,0.830055,中文暗网交易市场,3,4,3.282968,0.820742,0.826794,market_item.xlsx|中文暗网交易市场|seller_raw:436422 || market_item.xlsx|中文暗网交易市场|seller_raw:312538 || market_item.xlsx|中文暗网交易市场|seller_raw:435064,0.826794 || 0.822552 || 0.820291,market_item.xlsx|中文暗网交易市场|seller_raw:121394,market_item.xlsx,中文暗网交易市场,121394,121394,7,7,7,2,0,0,数据资源 || 私人专拍,出售2019年最新一手彩票 棋牌数据4个站5万条 || 博彩老数据47W条白菜价打包 自动发货 || 博彩老数据10个站低价打包 自动发货,出19年一手最新数据 包括 账号 手机号 IP 登录时间 注册时间 余额 4个站5万多条都是刚刚出的 真人 彩票 棋牌 体育 数据保证真实 拍下网站可验 东升 ds166188.com 众发 f99bb.com 信彩 xc832com 杏彩 xingcai168.com 在说一遍数据保证真实 虚拟资源 售出不退 有争议可找管理员解决 || 13年的博彩老数据 10个站的25万条 数据是真的 网址已经变更找不到了 看好再拍 别说是假的骗你 数据包括什么有截图自己看 低价只为引流 再说一遍 老数据售出概不退款,
zh_target_strict_step15_v5_public_noise_weighted_strong_phase4_seed_mean_thr_0810037_c0001,1,0.810037,0810037,6,10,15,0.666667,0.813184,0.822708,0.830055,中文暗网交易市场,4,3,2.481709,0.827236,0.830055,market_item.xlsx|中文暗网交易市场|seller_raw:157835 || market_item.xlsx|中文暗网交易市场|seller_raw:312538 || market_item.xlsx|中文暗网交易市场|seller_raw:436422,0.830055 || 0.826794 || 0.824859,market_item.xlsx|中文暗网交易市场|seller_raw:149940,market_item.xlsx,中文暗网交易市场,149940,149940,2,2,2,1,0,0,数据资源,2020年一季度_博彩数据_9830条_众发娱乐最新脱库带网址可验证 || 博彩数据2019-3月bc数据合集 自动发货,数据格式：账号|手机号码|电子邮箱|Q Q|IP|所在地区|返点|余额 除了电子邮箱和QQ只有少部分数据，其他字段都完整 || 数据可以通过在线验证，在首页点击“免费注册” 在注册页面输入账号，系统提示“用户名已存在”,
zh_target_strict_step15_v5_public_noise_weighted_strong_phase4_seed_mean_thr_0810037_c0001,1,0.810037,0810037,6,10,15,0.666667,0.813184,0.822708,0.830055,中文暗网交易市场,5,3,2.464838,0.821613,0.826794,market_item.xlsx|中文暗网交易市场|seller_raw:121394 || market_item.xlsx|中文暗网交易市场|seller_raw:149940 || market_item.xlsx|中文暗网交易市场|seller_raw:312538,0.826794 || 0.824859 || 0.813184,market_item.xlsx|中文暗网交易市场|seller_raw:436422,market_item.xlsx,中文暗网交易市场,436422,436422,41,41,32,2,0,0,数据资源 || 私人专拍,99万股民数据直接附件给1万个免费测试自动发货 || 理想论坛-专业的股票交流论坛！28万数据！----自动发货 || 星月棋牌带MD5格式7月10日脱裤整站数据383W自动发货,数据格式： 真实姓名 联系方式 所属上级 返点等级 下级人数 QQ 余额 中奖金额 投注金额 盈亏 充值总金额 提现总金额 平台 网址 具体看图 验证网址：www.whruixue.com 数据量：1w个 新手须知：验证就知道真假，把数据里的 手机号 qq号 去注册 就会显示 被占用 无法注册 从而证明 数据来源的真伪 || ID 用户名 真实姓名 联系电话 AG平台标识 状态 最后登录IP 充值额度 余额 所属平台 注册地址 用户等级 详情看图 数据量 34329个----38美金 新手须知：验证就知道真假...,
zh_target_strict_step15_v5_public_noise_weighted_strong_phase4_seed_mean_thr_0810037_c0001,1,0.810037,0810037,6,10,15,0.666667,0.813184,0.822708,0.830055,中文暗网交易市场,6,2,1.640448,0.820224,0.820291,market_item.xlsx|中文暗网交易市场|seller_raw:121394 || market_item.xlsx|中文暗网交易市场|seller_raw:157835,0.820291 || 0.820158,market_item.xlsx|中文暗网交易市场|seller_raw:435064,market_item.xlsx,中文暗网交易市场,435064,435064,16,15,15,1,0,0,数据资源,2019年皇冠彩票数据 有网址 可验证5600多条 || 三个站彩票数据共2万多条打包出 || 3个站彩票数据共4.9万保真低价出,9个配资站精准数据 3.8W条左右 全部带网址 数据保真、不保效果、号码去注册会显示已注册 数据非一手，带名字，手机号等信息 部分数据是裸号 由于数据可复制，付款后即表示交易成功，不支持任何理由退款 || 3个站彩票数据共4.9万 保真低价出 网站1705e.com cp1343vip.com 315099.com 数据精准 适合电销 短信均可 非一手 介意的勿拍 数据保真 拍下自动发货 数据易复制 出售不接受任何理由退款 请各位诚信购买 购买后主动放款的客户 送老数据一份,
zh_target_strict_step15_v5_public_noise_weighted_strong_phase4_seed_mean_thr_0810037_c0002,2,0.810037,0810037,4,5,6,0.833333,0.812759,0.822188,0.829994,中文暗网交易市场,1,3,2.478913,0.826304,0.829994,market_item.xlsx|中文暗网交易市场|seller_raw:70840 || market_item.xlsx|中文暗网交易市场|seller_raw:446965 || market_item.xlsx|中文暗网交易市场|seller_raw:361068,0.829994 || 0.826792 || 0.822128,market_item.xlsx|中文暗网交易市场|seller_raw:45068,market_item.xlsx,中文暗网交易市场,45068,45068,13,13,12,1,0,0,数据资源,出几个博彩平台的一手数据，可在相关平台验证数据真假，随时要随时导出 || 出售一个博彩服务器，以及博彩技术的网盘3000G各种源码及技术 || 出售几十个博彩站的数据获取漏洞 要一手数据的进来看了,注意因该数据其他字段为未知加密故只有用户名，和密码可用（密码为md5） 平台是正常运营的，数据一共7万多条，都是刚脱庫未出售过的 支持少量测试，保证只要md5解密成功可百分之百登录 什么时候要什么时候脱最新的 本数据分7份出售每份一万条 人民币1000 若需要打包请拍7份 拍下留收货地址 平台地址会一起发送 || 3000G 见下图，本交易内容是，博彩服务器一台，里面的网盘3000多g数据，要打包他的数据，自己准备一个百度网盘，开通vip 去批量分享他的资源然后保存在自己网盘就行， 干货技术无价，本资源小贵，...,
zh_target_strict_step15_v5_public_noise_weighted_strong_phase4_seed_mean_thr_0810037_c0002,2,0.810037,0810037,4,5,6,0.833333,0.812759,0.822188,0.829994,中文暗网交易市场,2,3,2.462019,0.820673,0.829994,market_item.xlsx|中文暗网交易市场|seller_raw:45068 || market_item.xlsx|中文暗网交易市场|seller_raw:361068 || market_item.xlsx|中文暗网交易市场|seller_raw:446965,0.829994 || 0.819266 || 0.812759,market_item.xlsx|中文暗网交易市场|seller_raw:70840,market_item.xlsx,中文暗网交易市场,70840,70840,3,3,3,1,0,0,数据资源,(1折处理)3月鑫百利菠菜数据18w，带网址，低价打包（自动发货） || （5折处理）最新棋牌3-6月6个app打包出售，渗透所得，白菜价 || (3折处理)19年22个棋牌app，低价打包出售，白菜价！,www.bs02.vip www.bs02.vip 渗透脱裤数据，总共18w 数据非一手，介意的朋友不用拍 数据需要清理，不能直接使用 下单后会给网址，下单后会给网址，下单后会给网址，下单后会给网址 数据自动发货 下单视为同意，不接受任何理由退款 || 最新棋牌3-6月6个app打包出售，渗透所得，白菜价 从同行服务器上渗透所得，渠道特殊 由于不确定质量，因此便宜打包出了 介意的慎拍，介意的慎拍 数据一经出售，拒绝任何形式退款,
zh_target_strict_step15_v5_public_noise_weighted_strong_phase4_seed_mean_thr_0810037_c0002,2,0.810037,0810037,4,5,6,0.833333,0.812759,0.822188,0.829994,中文暗网交易市场,3,2,1.639551,0.819775,0.826792,market_item.xlsx|中文暗网交易市场|seller_raw:45068 || market_item.xlsx|中文暗网交易市场|seller_raw:70840,0.826792 || 0.812759,market_item.xlsx|中文暗网交易市场|seller_raw:446965,market_item.xlsx,中文暗网交易市场,446965,446965,3,3,3,1,0,0,数据资源,此间棋牌38万条 最新棋牌 （自动发货） || 19年16个棋牌几百万数据（自动发货） || www.bs02.vip 18万条最新菠菜数据（自动发货）,数据格式如下 不存在假货 不已任何质量问题退款 向下看图 下单后自动发货 || 19年16个棋牌几百万数据 格式如图所示 下单后自动发货,
zh_target_strict_step15_v5_public_noise_weighted_strong_phase4_seed_mean_thr_0810037_c0002,2,0.810037,0810037,4,5,6,0.833333,0.812759,0.822188,0.829994,中文暗网交易市场,4,2,1.641395,0.820697,0.822128,market_item.xlsx|中文暗网交易市场|seller_raw:45068 || market_item.xlsx|中文暗网交易市场|seller_raw:70840,0.822128 || 0.819266,market_item.xlsx|中文暗网交易市场|seller_raw:361068,market_item.xlsx,中文暗网交易市场,361068,361068,24,24,24,1,0,0,数据资源,18个棋牌数据3-5月份出库数据280万左右（自动发货） || 一手棋牌数据 BB棋牌 64万条数据打包（自动发货） || 大嘴娱乐棋牌数据42万条/5月份出库（自动发货）,3-4月份40万左右网购女性数据 格式如下： 蘑菇街 燕子姐姐20160324 18681446086 覃守群 广东省深圳市宝安区光明新区楼村红银路38号3楼 2019/4/6 0:01 宜品生活慕宝推荐【2条20元】网红菠萝丝袜女任意剪超薄 10 蘑菇街 依旧梓旭 18530241232 齐梓旭 河南省新乡市红旗区新乡市一中东校区对面紫郡小区快递柜不要打电话发短信谢谢 2019/4/8 13:56 2019春季新款无后跟帆布鞋女学生韩版百搭半拖鞋夏季经典低帮布鞋一脚蹬懒人鞋ins女鞋 55 4个平台包含 蘑...,
zh_target_strict_step15_v5_public_noise_weighted_strong_phase4_seed_mean_thr_0810037_c0003,3,0.810037,0810037,3,3,3,1.0,0.818071,0.827791,0.835081,茶马古道,1,2,1.653153,0.826576,0.835081,market_item.xlsx|茶马古道|seller_raw:/shop/441385 || market_item.xlsx|茶马古道|seller_raw:/shop/409344,0.835081 || 0.818071,market_item.xlsx|茶马古道|seller_raw:/shop/408298,market_item.xlsx,茶马古道,/shop/408298,/shop/408298,1,1,1,1,0,0,数据,"最新BC,QP台子脱裤数据接单",72小时不放单也一律视为白嫖 商务合作：咨询请站内私信或TG详谈 1.欢迎各类中间商推广商广告商合作 2.找志同道合的朋友一起做项目 || 由我手动给您发赠品链接 6.恶意挂起申诉的白嫖怪我会跟你杠到底,
zh_target_strict_step15_v5_public_noise_weighted_strong_phase4_seed_mean_thr_0810037_c0003,3,0.810037,0810037,3,3,3,1.0,0.818071,0.827791,0.835081,茶马古道,2,2,1.665301,0.832651,0.835081,market_item.xlsx|茶马古道|seller_raw:/shop/408298 || market_item.xlsx|茶马古道|seller_raw:/shop/409344,0.835081 || 0.830220,market_item.xlsx|茶马古道|seller_raw:/shop/441385,market_item.xlsx,茶马古道,/shop/441385,/shop/441385,2,2,2,1,0,0,技术,pua详细教程，五步陷阱让你完全掌控玩弄女人 || 2020年12月最新PAYPAL打款收款实战技巧,拍下网盘附有教程会教大家具体的思路以及操作方法 虚拟教程，不接受退款，拍下即表示同意 || 五步陷阱让你完全掌控玩弄女人【自动发货】 商品说明： 1.本店所有资源具有可复制性,
zh_target_strict_step15_v5_public_noise_weighted_strong_phase4_seed_mean_thr_0810037_c0003,3,0.810037,0810037,3,3,3,1.0,0.818071,0.827791,0.835081,茶马古道,3,2,1.648291,0.824146,0.83022,market_item.xlsx|茶马古道|seller_raw:/shop/441385 || market_item.xlsx|茶马古道|seller_raw:/shop/408298,0.830220 || 0.818071,market_item.xlsx|茶马古道|seller_raw:/shop/409344,market_item.xlsx,茶马古道,/shop/409344,/shop/409344,1,1,1,1,0,0,技术,博彩撸钱项目干死狗庄法宝（时时彩，分分彩，快三）,声明:可课程仅提供时时彩投注方法和开奖规律预投注技巧 不承诺任何包赢的说法， 利用本方法，可以规律而又有效和理性的投注从而达到50%以上的赢率 || 课程不提供和担责任何时时彩网址，不引流不欺诈，真实下款可提现时时彩网址请买家自寻，谢谢理解，严格套入公式即可，任何时时彩皆可,
zh_target_strict_step15_v5_public_noise_weighted_strong_phase4_seed_mean_thr_0810037_c0004,4,0.810037,0810037,3,3,3,1.0,0.825266,0.829663,0.832316,中文暗网交易市场,1,2,1.657582,0.828791,0.832316,market_item.xlsx|中文暗网交易市场|seller_raw:563186 || market_item.xlsx|中文暗网交易市场|seller_raw:528850,0.832316 || 0.825266,market_item.xlsx|中文暗网交易市场|seller_raw:506844,market_item.xlsx,中文暗网交易市场,506844,506844,2,2,1,1,0,0,实体物品,一手资源银行卡全套自己工厂工人开的900RMB整套 || 自己实体工厂开银行卡四件套900RMB一套稳定,(不可控的司法冻结不在售后范围) 商品：四件套有：身份证，银行卡，手机号码卡，U盾 用途：方便客户匿名身份，洗黑.洗白.取现，加强隐蔽， 方便走账，过账，做生意，汇款.送礼各种商业用途，保护自己的隐私 质保三个月过后如还需要的话可续租5份每月 || 质量有保证（不会出现黑吃黑，取现，网银转账） 都是自己人带队去银行开卡的，卡主主要为工厂工人，出现资金问题可追回,
zh_target_strict_step15_v5_public_noise_weighted_strong_phase4_seed_mean_thr_0810037_c0004,4,0.810037,0810037,3,3,3,1.0,0.825266,0.829663,0.832316,中文暗网交易市场,2,2,1.663722,0.831861,0.832316,market_item.xlsx|中文暗网交易市场|seller_raw:506844 || market_item.xlsx|中文暗网交易市场|seller_raw:528850,0.832316 || 0.831406,market_item.xlsx|中文暗网交易市场|seller_raw:563186,market_item.xlsx,中文暗网交易市场,563186,563186,1,1,1,1,0,0,实体物品,1000RMB出售一手银行卡四件套全网最低价,商品：四件套有：身份证复印件或者照片，银行卡，手机号码卡，U盾 15美元/份=100元人民币，要几份就拍几个 四件套盾卡：银行卡+手机卡+U盾+身份证照片或者复印件=1000元 拍10个 一手卡源，小白开卡，安全放心，全新开户没交易记录 || 质量有保证（不会出现黑吃黑，取现，网银转账） 发货：拍下后请留下收货地址和联系方式，一般当天中午十二点前下单当天发，十二点过后下单隔天发,
zh_target_strict_step15_v5_public_noise_weighted_strong_phase4_seed_mean_thr_0810037_c0004,4,0.810037,0810037,3,3,3,1.0,0.825266,0.829663,0.832316,中文暗网交易市场,3,2,1.656671,0.828336,0.831406,market_item.xlsx|中文暗网交易市场|seller_raw:563186 || market_item.xlsx|中文暗网交易市场|seller_raw:506844,0.831406 || 0.825266,market_item.xlsx|中文暗网交易市场|seller_raw:528850,market_item.xlsx,中文暗网交易市场,528850,528850,4,4,3,1,0,0,实体物品,全新空白银行卡安全可靠美国台湾中国现货1200顺丰包邮 || 一手全新银行卡无记录1200顺丰送货到家 || 一手银行卡全新无记录1200顺丰送到家,(不可控的司法冻结不在售后范围) 商品：四件套有：身份证，银行卡，手机号码卡，U盾 用途：方便客户匿名身份，洗黑.洗白.取现，加强隐蔽， 方便走账，过账，做生意，汇款.送礼各种商业用途，保护自己的隐私 质保三个月过后如还需要的话可续租300每月 || (不可控的司法冻结不在售后范围) 商品：四件套有：身份证，银行卡，手机号码卡，U盾 用途：方便客户匿名身份，洗黑.洗白.取现，加强隐蔽， 方便走账，过账，做生意，汇款.送礼各种商业用途，保护自己的隐私 质保三个月过后如还需要的话可续租500每月,
zh_target_strict_step15_v5_public_noise_weighted_strong_phase4_seed_mean_thr_0810037_c0005,5,0.810037,0810037,3,3,3,1.0,0.829234,0.830712,0.831665,中文暗网交易市场 || 茶马古道,1,2,1.660899,0.83045,0.831665,market_item.xlsx|中文暗网交易市场|seller_raw:54210 || market_item.xlsx|茶马古道|seller_raw:/shop/400997,0.831665 || 0.829234,market_item.xlsx|中文暗网交易市场|seller_raw:51470,market_item.xlsx,中文暗网交易市场,51470,51470,28,26,27,4,1,1,数据资源 || 私人专拍 || 技术技能,自动发货 一手货20180924最新导出 北京期货从业人员居间人信息 1.3W条 || 自动发货 纯一手资源全国最大期货资管系统活跃客户信息 截至201807 || 快速发货 一手数据 十几个股票点买站点充值数据 早上刚脱,"2个股票线上点买系统原始数据（具体帖子内不标出） 3个手机赌博直播 百媚-魅鱼-东东一下 4个个股期权原始数据+号码（具体帖子内不标出） 大部分为原始数据，未去重有20多W条（原始数据未整理，上下差别不会很大，自己不会整理的慎买） TXT文件数： 10 个 大小：110 MB (115,814,077 字节) 纯一手 从未销售过也未使用过，部分带MD5密码 || 只有2字段 一个账号 一个手机号 有一些有备注 有一些有邮箱 一件1W条=0.2/条=2000RMB=0.045BTC 目前有20W条左右 不选，随...",phone:13573410773
zh_target_strict_step15_v5_public_noise_weighted_strong_phase4_seed_mean_thr_0810037_c0005,5,0.810037,0810037,3,3,3,1.0,0.829234,0.830712,0.831665,中文暗网交易市场 || 茶马古道,2,2,1.6629,0.83145,0.831665,market_item.xlsx|中文暗网交易市场|seller_raw:51470 || market_item.xlsx|茶马古道|seller_raw:/shop/400997,0.831665 || 0.831236,market_item.xlsx|中文暗网交易市场|seller_raw:54210,market_item.xlsx,中文暗网交易市场,54210,54210,157,149,133,5,0,0,数据资源 || 虚拟物品 || 私人专拍,自己收集的一些数据库和网站账号密码 低价处理 || 腾讯，阿里，百度，盛大，万科，芒果等内部通讯录大全 || 国外某大型某成人交友网站数据库 低价处理,包含内容： 01.2010.06-江西移动全库-408万 02.2011.03-多玩游戏网-800万-txt 03.2011.03-当当网买家信息-101万-Excel 04.2011.04-766游戏网-12万-sql 05.2011.04-IS语音-969万-txt 06.2011.04-亚马逊中国买家信息-20万 07.2011.04-凡客诚品买家信息-20万-Excel 08.2011.04-爱拍游戏网-1100万-txt 09.2011.05-木蚂蚁-13万-sql 10.2011.07-土木在线-...,
zh_target_strict_step15_v5_public_noise_weighted_strong_phase4_seed_mean_thr_0810037_c0005,5,0.810037,0810037,3,3,3,1.0,0.829234,0.830712,0.831665,中文暗网交易市场 || 茶马古道,3,2,1.66047,0.830235,0.831236,market_item.xlsx|中文暗网交易市场|seller_raw:54210 || market_item.xlsx|中文暗网交易市场|seller_raw:51470,0.831236 || 0.829234,market_item.xlsx|茶马古道|seller_raw:/shop/400997,market_item.xlsx,茶马古道,/shop/400997,/shop/400997,3,3,3,1,0,0,数据,持续更新国内外老新泄露数据库整理打包低价出|自建社工库|密码查询必备数据 || 卡车司机8万条数据|带身份证|姓名与手机号码|便宜出 || 十万嫩模|外围女QQ信息|便宜出,基本涵盖了过去大的泄露裤子： 189邮箱-6万-txt.zip/数据列表20170826.txt/数据列表20171225.tx/江西移动全库-408万-access.7z/酒店开房记录-2000万-mssql.7z/社工库-9亿-mssql.bak/卡塔尔国家银行QNB-csv.zip/土耳其公民数据mernis-5000万-sql.gz/深圳社保-38万-access.rar/腾讯总部通讯录-450-xls.zip/重庆移动-454万-access.zip/美空网-48万-txt.zip/多玩游戏网-80...,
zh_target_strict_step15_v5_public_noise_weighted_strong_phase4_seed_mean_thr_0810037_c0006,6,0.810037,0810037,3,3,3,1.0,0.810581,0.817149,0.82825,中文暗网交易市场,1,2,1.640868,0.820434,0.82825,market_item.xlsx|中文暗网交易市场|seller_raw:501102 || market_item.xlsx|中文暗网交易市场|seller_raw:537697,0.828250 || 0.812618,market_item.xlsx|中文暗网交易市场|seller_raw:465763,market_item.xlsx,中文暗网交易市场,465763,465763,17,17,17,1,0,0,数据资源,中金在线股票证卷网站25万数据自动发货 || 18年8月到19年4月 半年97万股民数据 自动发货 || 棋牌数据 BB棋牌 64万条数据打包（自动发货）,数据平台包含 淘宝 拼多多 各大网购平台，其他平台不透露 数据格式如下： 李小荣 13734486518 2019-02-09 15:41:51 河北省沧州市任丘市吕公堡北罗村 冰丝加绒秋季高腰不起球大码女士外穿弹力休闲打底 踩脚黑色长裤子 圆通快递 804327894743393027 4月份的有600万左右，去重复后大概有3-4百万 || http://www.cnfol.com/ 中金在线25万注册用户 打包88美金，数据格式只有裸号 手机号码去注册会显示存在的手机号码 不存在假的 不以质量问题退货，自...,
zh_target_strict_step15_v5_public_noise_weighted_strong_phase4_seed_mean_thr_0810037_c0006,6,0.810037,0810037,3,3,3,1.0,0.810581,0.817149,0.82825,中文暗网交易市场,2,2,1.63883,0.819415,0.82825,market_item.xlsx|中文暗网交易市场|seller_raw:465763 || market_item.xlsx|中文暗网交易市场|seller_raw:537697,0.828250 || 0.810581,market_item.xlsx|中文暗网交易市场|seller_raw:501102,market_item.xlsx,中文暗网交易市场,501102,501102,9,9,9,1,0,0,数据资源,棋牌打包 之前渗透的百姓棋牌大小王棋牌 大咖棋牌 真钱棋牌打包 || 全国某保险公司数据3200万条可分省份下单自动发货 || 出7月16日出库 开心8彩票博彩数据6.7w万条—自动发货,渗透而来的棋牌数据，（自动发货)机会难得 不需要做任何破坏性工作，仅提取网站数据库信息 四月到七月的 必发棋牌的数据 20000多条以上， 注册手机号码有10000条以上， 会员充值有1000人以上 会员充值金额有478多万以 会员提款金额有283多万以上 自动发货 懒得废话了 看图 || 3W条活跃客户信息 剔除不存活客户 全国正规期货公司客户总数不过70W 线上国内期货配资百分之50以上的客户在这里 这些客户大部分接受高额手续费 几乎百分之70愿意接受配资的期货线上客户 其他资料全部删除就留手机号码,
zh_target_strict_step15_v5_public_noise_weighted_strong_phase4_seed_mean_thr_0810037_c0006,6,0.810037,0810037,3,3,3,1.0,0.810581,0.817149,0.82825,中文暗网交易市场,3,2,1.623199,0.811599,0.812618,market_item.xlsx|中文暗网交易市场|seller_raw:465763 || market_item.xlsx|中文暗网交易市场|seller_raw:501102,0.812618 || 0.810581,market_item.xlsx|中文暗网交易市场|seller_raw:537697,market_item.xlsx,中文暗网交易市场,537697,537697,4,4,4,1,0,0,数据资源,6w5现货贵金属平台数据高风险投资偏好客户数据 || 6月最新DNS抓取股民数据_需要其它数据请留言 || 期货资源_3959条红帽期货_适合开发微盘外汇,109个脱库配资站点，低价打包处理，价格美丽 虚拟数据，拍下自动发货，一旦出售，概不退款 不接受站外交易 拍下放款，即送20万老股民资源 || 期货资源_3959条红帽期货_适合开发微盘，外汇 期货资源，低价甩卖 格式： 姓名，银行，所在城市，支行，用户ID，身份证号码，银行卡号，手机号码,
zh_target_strict_step15_v5_public_noise_weighted_strong_phase4_seed_mean_thr_0810037_c0007,7,0.810037,0810037,3,3,3,1.0,0.815904,0.820089,0.825943,中文暗网交易市场 || 茶马古道,1,2,1.644363,0.822182,0.825943,market_item.xlsx|茶马古道|seller_raw:/shop/2417 || market_item.xlsx|中文暗网交易市场|seller_raw:493430,0.825943 || 0.818421,market_item.xlsx|中文暗网交易市场|seller_raw:347765,market_item.xlsx,中文暗网交易市场,347765,347765,1,1,1,1,0,0,实体物品,1200RMB出银行卡四件套绝对一手货源质保60天可定制,商品包括：银行卡+身份证正反面照片+实名手机卡一张+U盾或者密码器(有需要可提供手持照片) 价格1200RMB（标价15美元折合人民币100元） || 实名手机卡也可以指定运营商(会预留五十话费) 银行卡质保60天,
zh_target_strict_step15_v5_public_noise_weighted_strong_phase4_seed_mean_thr_0810037_c0007,7,0.810037,0810037,3,3,3,1.0,0.815904,0.820089,0.825943,中文暗网交易市场 || 茶马古道,2,2,1.641846,0.820923,0.825943,market_item.xlsx|中文暗网交易市场|seller_raw:347765 || market_item.xlsx|中文暗网交易市场|seller_raw:493430,0.825943 || 0.815904,market_item.xlsx|茶马古道|seller_raw:/shop/2417,market_item.xlsx,茶马古道,/shop/2417,/shop/2417,2,2,2,1,0,0,四件套号卡,900RMB出银行卡四件套绝对一手货源质保60天可定制 || 900最后一批，银行卡四件套，一手货源，大量现货,商品包括：银行卡+身份证正反面照片+实名手机卡一张+U盾或者密码器 价格900RMB 如需开通国际漫游 可以指定银行开卡(指定银行暂只支持中，农，建，工，交通，中信、招商)，实名手机卡也可以指定运营商 银行卡质保60天，60天内保手机卡，银行卡不会出现挂失，本人亲自带队开卡，开完卡身份证全部我保存，而且开卡人都是工厂里的工人，都能找到本人，所以卡内资金无需担心 || 用途：方便客户匿名身份，洗黑.洗白.取现，加强隐蔽， 方便走账，过账，做生意，汇款/外汇，送礼各种商业用途，保护自己的隐私,
zh_target_strict_step15_v5_public_noise_weighted_strong_phase4_seed_mean_thr_0810037_c0007,7,0.810037,0810037,3,3,3,1.0,0.815904,0.820089,0.825943,中文暗网交易市场 || 茶马古道,3,2,1.634324,0.817162,0.818421,market_item.xlsx|中文暗网交易市场|seller_raw:347765 || market_item.xlsx|茶马古道|seller_raw:/shop/2417,0.818421 || 0.815904,market_item.xlsx|中文暗网交易市场|seller_raw:493430,market_item.xlsx,中文暗网交易市场,493430,493430,1,1,1,1,0,0,实体物品,1500RMB四件套一手渠道可定制可压人在校学生卡懂的来,"商品包括：银行卡+身份证正反面照片+实名手机卡一张+U盾或者密码器 价格1500RMB（标价14美元折合人民币100元） 如果需要我这边注册好支付宝或微信,交易所，请多拍2份， 如需开通国际漫游 请多拍1份， 可以指定银行开卡,实名手机卡也可以指定运营商(会预留五十话费) 银行卡质保60天，60天内保手机卡，银行卡不会出现挂失，本人亲自带队开卡，开完卡身份证全部我保存，开卡人都是学生，随时都能找到本人，所以卡内资金无需担心 || 如果出现盗卡内资金全程负责找到本人追回资金72小时内没追回资金，本人全额赔偿",
