pair_uid,candidate_score,label_tier,training_sample_weight,existing_review_label,seller_uid_left,seller_uid_right,shared_contact_count,shared_pgp_fingerprint_count,shared_title_count,shared_description_count,lexical_similarity,structural_support_score,candidate_rank_score
market_item.xlsx|中文暗网交易市场|seller_raw:61706||market_item.xlsx|茶马古道|seller_raw:/shop/10155,13.361323,silver_semantic_low_structure_negative_imbalance,0.12,,market_item.xlsx|中文暗网交易市场|seller_raw:61706,market_item.xlsx|茶马古道|seller_raw:/shop/10155,0,0,1,0,0.631837,0.245415,6.281852
market_item.xlsx|茶马古道|seller_raw:/shop/414182||market_item.xlsx|茶马古道|seller_raw:/shop/415493,12.680634,silver_semantic_low_structure_negative_imbalance,0.12,,market_item.xlsx|茶马古道|seller_raw:/shop/414182,market_item.xlsx|茶马古道|seller_raw:/shop/415493,0,0,0,1,0.49054,0.275296,8.493832
market_item.xlsx|中文暗网交易市场|seller_raw:69573||market_item.xlsx|茶马古道|seller_raw:/shop/402851,11.89513,silver_semantic_low_structure_negative_imbalance,0.12,,market_item.xlsx|中文暗网交易市场|seller_raw:69573,market_item.xlsx|茶马古道|seller_raw:/shop/402851,0,0,1,0,0.487295,0.275575,5.47492
market_item.xlsx|中文暗网交易市场|seller_raw:533176||market_item.xlsx|茶马古道|seller_raw:/shop/397407,10.487907,silver_semantic_low_structure_negative_imbalance,0.12,,market_item.xlsx|中文暗网交易市场|seller_raw:533176,market_item.xlsx|茶马古道|seller_raw:/shop/397407,0,0,1,0,0.38134,0.246538,4.781116
market_item.xlsx|中文暗网交易市场|seller_raw:44614||market_item.xlsx|茶马古道|seller_raw:/shop/9341,9.915768,silver_semantic_low_structure_negative_imbalance,0.12,,market_item.xlsx|中文暗网交易市场|seller_raw:44614,market_item.xlsx|茶马古道|seller_raw:/shop/9341,0,0,0,1,0.259504,0.258688,7.0744
market_item.xlsx|中文暗网交易市场|seller_raw:530985||market_item.xlsx|茶马古道|seller_raw:/shop/404772,9.862342,silver_semantic_low_structure_negative_imbalance,0.12,,market_item.xlsx|中文暗网交易市场|seller_raw:530985,market_item.xlsx|茶马古道|seller_raw:/shop/404772,0,0,0,1,0.231941,0.299234,6.990114
market_item.xlsx|中文暗网交易市场|seller_raw:530986||market_item.xlsx|茶马古道|seller_raw:/shop/404772,9.838824,silver_semantic_low_structure_negative_imbalance,0.12,,market_item.xlsx|中文暗网交易市场|seller_raw:530986,market_item.xlsx|茶马古道|seller_raw:/shop/404772,0,0,1,0,0.290067,0.308162,4.356726
market_item.xlsx|中文暗网交易市场|seller_raw:481496||market_item.xlsx|茶马古道|seller_raw:/shop/425743,9.707524,silver_semantic_low_structure_negative_imbalance,0.12,,market_item.xlsx|中文暗网交易市场|seller_raw:481496,market_item.xlsx|茶马古道|seller_raw:/shop/425743,0,0,1,0,0.352774,0.177019,4.470682
market_item.xlsx|茶马古道|seller_raw:/shop/396767||market_item.xlsx|茶马古道|seller_raw:/shop/411022,9.704256,silver_semantic_low_structure_negative_imbalance,0.12,,market_item.xlsx|茶马古道|seller_raw:/shop/396767,market_item.xlsx|茶马古道|seller_raw:/shop/411022,0,0,0,1,0.216107,0.302927,6.902496
market_item.xlsx|中文暗网交易市场|seller_raw:36073||market_item.xlsx|茶马古道|seller_raw:/shop/6101,9.426497,silver_semantic_low_structure_negative_imbalance,0.12,,market_item.xlsx|中文暗网交易市场|seller_raw:36073,market_item.xlsx|茶马古道|seller_raw:/shop/6101,0,0,1,0,0.264452,0.290046,4.166804
market_item.xlsx|中文暗网交易市场|seller_raw:630712||market_item.xlsx|茶马古道|seller_raw:/shop/451995,9.190171,silver_semantic_low_structure_negative_imbalance,0.12,,market_item.xlsx|中文暗网交易市场|seller_raw:630712,market_item.xlsx|茶马古道|seller_raw:/shop/451995,0,0,1,0,0.27369,0.237344,4.116828
market_item.xlsx|中文暗网交易市场|seller_raw:502245||market_item.xlsx|茶马古道|seller_raw:/shop/7924,8.992794,silver_semantic_low_structure_negative_imbalance,0.12,,market_item.xlsx|中文暗网交易市场|seller_raw:502245,market_item.xlsx|茶马古道|seller_raw:/shop/7924,0,0,1,0,0.277216,0.20074,4.064776
market_item.xlsx|中文暗网交易市场|seller_raw:541874||market_item.xlsx|茶马古道|seller_raw:/shop/408791,8.97901,silver_semantic_low_structure_negative_imbalance,0.12,,market_item.xlsx|中文暗网交易市场|seller_raw:541874,market_item.xlsx|茶马古道|seller_raw:/shop/408791,0,0,0,1,0.17986,0.25548,6.59012
market_item.xlsx|中文暗网交易市场|seller_raw:591087||market_item.xlsx|茶马古道|seller_raw:/shop/402602,8.96512,silver_semantic_low_structure_negative_imbalance,0.12,,market_item.xlsx|中文暗网交易市场|seller_raw:591087,market_item.xlsx|茶马古道|seller_raw:/shop/402602,0,0,1,0,0.217423,0.30227,3.909078
market_item.xlsx|中文暗网交易市场|seller_raw:484447||market_item.xlsx|茶马古道|seller_raw:/shop/425743,8.903405,silver_semantic_low_structure_negative_imbalance,0.12,,market_item.xlsx|中文暗网交易市场|seller_raw:484447,market_item.xlsx|茶马古道|seller_raw:/shop/425743,0,0,1,0,0.213729,0.299311,3.880996
market_item.xlsx|中文暗网交易市场|seller_raw:186203||market_item.xlsx|茶马古道|seller_raw:/shop/194,8.727625,silver_semantic_low_structure_negative_imbalance,0.12,,market_item.xlsx|中文暗网交易市场|seller_raw:186203,market_item.xlsx|茶马古道|seller_raw:/shop/194,0,0,1,0,0.199815,0.296885,3.79266
market_item.xlsx|中文暗网交易市场|seller_raw:512567||market_item.xlsx|茶马古道|seller_raw:/shop/397778,8.583932,silver_semantic_low_structure_negative_imbalance,0.12,,market_item.xlsx|中文暗网交易市场|seller_raw:512567,market_item.xlsx|茶马古道|seller_raw:/shop/397778,0,0,0,1,0.142911,0.26007,6.377606
market_item.xlsx|中文暗网交易市场|seller_raw:514820||market_item.xlsx|茶马古道|seller_raw:/shop/397707,8.227579,silver_semantic_low_structure_negative_imbalance,0.12,,market_item.xlsx|中文暗网交易市场|seller_raw:514820,market_item.xlsx|茶马古道|seller_raw:/shop/397707,0,0,1,0,0.178088,0.258395,3.585318
market_item.xlsx|中文暗网交易市场|seller_raw:314792||market_item.xlsx|茶马古道|seller_raw:/shop/234,8.01652,silver_semantic_low_structure_negative_imbalance,0.12,,market_item.xlsx|中文暗网交易市场|seller_raw:314792,market_item.xlsx|茶马古道|seller_raw:/shop/234,0,0,1,0,0.151281,0.273352,3.45439
market_item.xlsx|茶马古道|seller_raw:/shop/431366||market_item.xlsx|茶马古道|seller_raw:/shop/463196,7.749731,silver_semantic_low_structure_negative_imbalance,0.12,,market_item.xlsx|茶马古道|seller_raw:/shop/431366,market_item.xlsx|茶马古道|seller_raw:/shop/463196,0,0,1,0,0.165973,0.206314,3.408466
market_item.xlsx|中文暗网交易市场|seller_raw:519199||market_item.xlsx|茶马古道|seller_raw:/shop/8506,7.275771,silver_semantic_low_structure_negative_imbalance,0.12,,market_item.xlsx|中文暗网交易市场|seller_raw:519199,market_item.xlsx|茶马古道|seller_raw:/shop/8506,0,0,0,1,0.0,0.311657,5.623314
market_item.xlsx|中文暗网交易市场|seller_raw:494256||market_item.xlsx|茶马古道|seller_raw:/shop/433651,7.273489,silver_semantic_low_structure_negative_imbalance,0.12,,market_item.xlsx|中文暗网交易市场|seller_raw:494256,market_item.xlsx|茶马古道|seller_raw:/shop/433651,0,0,0,1,0.0,0.311306,5.622612
market_item.xlsx|中文暗网交易市场|seller_raw:542584||market_item.xlsx|茶马古道|seller_raw:/shop/422982,7.261841,silver_semantic_low_structure_negative_imbalance,0.12,,market_item.xlsx|中文暗网交易市场|seller_raw:542584,market_item.xlsx|茶马古道|seller_raw:/shop/422982,0,0,0,1,0.0,0.309514,5.619028
market_item.xlsx|中文暗网交易市场|seller_raw:99482||market_item.xlsx|茶马古道|seller_raw:/shop/406714,7.252968,silver_semantic_low_structure_negative_imbalance,0.12,,market_item.xlsx|中文暗网交易市场|seller_raw:99482,market_item.xlsx|茶马古道|seller_raw:/shop/406714,0,0,0,1,0.0,0.308149,5.616298
market_item.xlsx|中文暗网交易市场|seller_raw:562028||market_item.xlsx|茶马古道|seller_raw:/shop/402602,7.121259,silver_semantic_low_structure_negative_imbalance,0.12,,market_item.xlsx|中文暗网交易市场|seller_raw:562028,market_item.xlsx|茶马古道|seller_raw:/shop/402602,0,0,0,1,0.0,0.287886,5.575772
market_item.xlsx|中文暗网交易市场|seller_raw:532353||market_item.xlsx|茶马古道|seller_raw:/shop/404798,7.057006,silver_semantic_low_structure_negative_imbalance,0.12,,market_item.xlsx|中文暗网交易市场|seller_raw:532353,market_item.xlsx|茶马古道|seller_raw:/shop/404798,0,0,0,1,0.0,0.278001,5.556002
market_item.xlsx|茶马古道|seller_raw:/shop/437493||market_item.xlsx|茶马古道|seller_raw:/shop/455868,7.045631,silver_semantic_low_structure_negative_imbalance,0.12,,market_item.xlsx|茶马古道|seller_raw:/shop/437493,market_item.xlsx|茶马古道|seller_raw:/shop/455868,0,0,0,1,0.0,0.276251,5.552502
market_item.xlsx|中文暗网交易市场|seller_raw:569682||market_item.xlsx|茶马古道|seller_raw:/shop/407896,6.980488,silver_semantic_low_structure_negative_imbalance,0.12,,market_item.xlsx|中文暗网交易市场|seller_raw:569682,market_item.xlsx|茶马古道|seller_raw:/shop/407896,0,0,0,1,0.0,0.266229,5.532458
market_item.xlsx|中文暗网交易市场|seller_raw:469144||market_item.xlsx|茶马古道|seller_raw:/shop/417610,6.945876,silver_semantic_low_structure_negative_imbalance,0.12,,market_item.xlsx|中文暗网交易市场|seller_raw:469144,market_item.xlsx|茶马古道|seller_raw:/shop/417610,0,0,0,1,0.0,0.260904,5.521808
market_item.xlsx|茶马古道|seller_raw:/shop/406204||market_item.xlsx|茶马古道|seller_raw:/shop/444891,6.936367,silver_semantic_low_structure_negative_imbalance,0.12,,market_item.xlsx|茶马古道|seller_raw:/shop/406204,market_item.xlsx|茶马古道|seller_raw:/shop/444891,0,0,0,1,0.0,0.259441,5.518882
market_item.xlsx|中文暗网交易市场|seller_raw:86288||market_item.xlsx|茶马古道|seller_raw:/shop/399905,6.813659,silver_semantic_low_structure_negative_imbalance,0.12,,market_item.xlsx|中文暗网交易市场|seller_raw:86288,market_item.xlsx|茶马古道|seller_raw:/shop/399905,0,0,0,1,0.0,0.240563,5.481126
market_item.xlsx|茶马古道|seller_raw:/shop/407100||market_item.xlsx|茶马古道|seller_raw:/shop/8264,6.808693,silver_semantic_low_structure_negative_imbalance,0.12,,market_item.xlsx|茶马古道|seller_raw:/shop/407100,market_item.xlsx|茶马古道|seller_raw:/shop/8264,0,0,0,1,0.0,0.239799,5.479598
market_item.xlsx|中文暗网交易市场|seller_raw:593428||market_item.xlsx|茶马古道|seller_raw:/shop/433481,6.770532,silver_semantic_low_structure_negative_imbalance,0.12,,market_item.xlsx|中文暗网交易市场|seller_raw:593428,market_item.xlsx|茶马古道|seller_raw:/shop/433481,0,0,0,1,0.0,0.233928,5.467856
market_item.xlsx|中文暗网交易市场|seller_raw:528850||market_item.xlsx|茶马古道|seller_raw:/shop/395629,6.626654,silver_semantic_low_structure_negative_imbalance,0.12,,market_item.xlsx|中文暗网交易市场|seller_raw:528850,market_item.xlsx|茶马古道|seller_raw:/shop/395629,0,0,0,1,0.0,0.211793,5.423586
market_item.xlsx|中文暗网交易市场|seller_raw:583340||market_item.xlsx|茶马古道|seller_raw:/shop/394471,6.582897,silver_semantic_low_structure_negative_imbalance,0.12,,market_item.xlsx|中文暗网交易市场|seller_raw:583340,market_item.xlsx|茶马古道|seller_raw:/shop/394471,0,0,0,1,0.0,0.205061,5.410122
market_item.xlsx|中文暗网交易市场|seller_raw:443620||market_item.xlsx|茶马古道|seller_raw:/shop/6356,6.550471,silver_semantic_low_structure_negative_imbalance,0.12,,market_item.xlsx|中文暗网交易市场|seller_raw:443620,market_item.xlsx|茶马古道|seller_raw:/shop/6356,0,0,1,0,0.0,0.315457,2.630914
market_item.xlsx|中文暗网交易市场|seller_raw:575281||market_item.xlsx|茶马古道|seller_raw:/shop/394471,6.536734,silver_semantic_low_structure_negative_imbalance,0.12,,market_item.xlsx|中文暗网交易市场|seller_raw:575281,market_item.xlsx|茶马古道|seller_raw:/shop/394471,0,0,0,1,0.0,0.197959,5.395918
market_item.xlsx|中文暗网交易市场|seller_raw:526457||market_item.xlsx|茶马古道|seller_raw:/shop/397527,6.506778,silver_semantic_low_structure_negative_imbalance,0.12,,market_item.xlsx|中文暗网交易市场|seller_raw:526457,market_item.xlsx|茶马古道|seller_raw:/shop/397527,0,0,1,0,0.0,0.308735,2.61747
market_item.xlsx|中文暗网交易市场|seller_raw:508275||market_item.xlsx|茶马古道|seller_raw:/shop/439438,6.48851,silver_semantic_low_structure_negative_imbalance,0.12,,market_item.xlsx|中文暗网交易市场|seller_raw:508275,market_item.xlsx|茶马古道|seller_raw:/shop/439438,0,0,0,1,0.0,0.19054,5.38108
market_item.xlsx|中文暗网交易市场|seller_raw:331749||market_item.xlsx|茶马古道|seller_raw:/shop/4694,6.477021,silver_semantic_low_structure_negative_imbalance,0.12,,market_item.xlsx|中文暗网交易市场|seller_raw:331749,market_item.xlsx|茶马古道|seller_raw:/shop/4694,0,0,1,0,0.0,0.304157,2.608314
market_item.xlsx|中文暗网交易市场|seller_raw:556969||market_item.xlsx|茶马古道|seller_raw:/shop/422733,6.436766,silver_semantic_low_structure_negative_imbalance,0.12,,market_item.xlsx|中文暗网交易市场|seller_raw:556969,market_item.xlsx|茶马古道|seller_raw:/shop/422733,0,0,1,0,0.0,0.297964,2.595928
market_item.xlsx|中文暗网交易市场|seller_raw:603220||market_item.xlsx|茶马古道|seller_raw:/shop/396767,6.379351,silver_semantic_low_structure_negative_imbalance,0.12,,market_item.xlsx|中文暗网交易市场|seller_raw:603220,market_item.xlsx|茶马古道|seller_raw:/shop/396767,0,0,1,0,0.0,0.289131,2.578262
market_item.xlsx|中文暗网交易市场|seller_raw:593428||market_item.xlsx|茶马古道|seller_raw:/shop/402697,6.298725,silver_semantic_low_structure_negative_imbalance,0.12,,market_item.xlsx|中文暗网交易市场|seller_raw:593428,market_item.xlsx|茶马古道|seller_raw:/shop/402697,0,0,1,0,0.0,0.276727,2.553454
market_item.xlsx|中文暗网交易市场|seller_raw:535961||market_item.xlsx|茶马古道|seller_raw:/shop/397407,6.163343,silver_semantic_low_structure_negative_imbalance,0.12,,market_item.xlsx|中文暗网交易市场|seller_raw:535961,market_item.xlsx|茶马古道|seller_raw:/shop/397407,0,0,1,0,0.0,0.255899,2.511798
market_item.xlsx|中文暗网交易市场|seller_raw:99721||market_item.xlsx|茶马古道|seller_raw:/shop/418566,6.016554,silver_semantic_low_structure_negative_imbalance,0.12,,market_item.xlsx|中文暗网交易市场|seller_raw:99721,market_item.xlsx|茶马古道|seller_raw:/shop/418566,0,0,1,0,0.0,0.233316,2.466632
market_item.xlsx|中文暗网交易市场|seller_raw:81135||market_item.xlsx|茶马古道|seller_raw:/shop/5524,5.998244,silver_semantic_low_structure_negative_imbalance,0.12,,market_item.xlsx|中文暗网交易市场|seller_raw:81135,market_item.xlsx|茶马古道|seller_raw:/shop/5524,0,0,1,0,0.0,0.230499,2.460998
market_item.xlsx|中文暗网交易市场|seller_raw:464241||market_item.xlsx|茶马古道|seller_raw:/shop/6242,5.927185,silver_semantic_low_structure_negative_imbalance,0.12,,market_item.xlsx|中文暗网交易市场|seller_raw:464241,market_item.xlsx|茶马古道|seller_raw:/shop/6242,0,0,1,0,0.0,0.219567,2.439134
market_item.xlsx|中文暗网交易市场|seller_raw:69214||market_item.xlsx|茶马古道|seller_raw:/shop/5524,5.837609,silver_semantic_low_structure_negative_imbalance,0.12,,market_item.xlsx|中文暗网交易市场|seller_raw:69214,market_item.xlsx|茶马古道|seller_raw:/shop/5524,0,0,1,0,0.0,0.205786,2.411572
market_item.xlsx|中文暗网交易市场|seller_raw:557403||market_item.xlsx|茶马古道|seller_raw:/shop/8506,5.830186,silver_semantic_low_structure_negative_imbalance,0.12,,market_item.xlsx|中文暗网交易市场|seller_raw:557403,market_item.xlsx|茶马古道|seller_raw:/shop/8506,0,0,1,0,0.0,0.204644,2.409288
market_item.xlsx|茶马古道|seller_raw:/shop/2901||market_item.xlsx|茶马古道|seller_raw:/shop/841,5.814167,silver_ordinary_negative_imbalance,0.15,,market_item.xlsx|茶马古道|seller_raw:/shop/2901,market_item.xlsx|茶马古道|seller_raw:/shop/841,0,0,0,0,0.350145,0.275,2.65087
market_item.xlsx|中文暗网交易市场|seller_raw:504679||market_item.xlsx|茶马古道|seller_raw:/shop/422538,5.704205,silver_semantic_low_structure_negative_imbalance,0.12,,market_item.xlsx|中文暗网交易市场|seller_raw:504679,market_item.xlsx|茶马古道|seller_raw:/shop/422538,0,0,0,0,0.315449,0.319468,2.53163
market_item.xlsx|中文暗网交易市场|seller_raw:66000||market_item.xlsx|茶马古道|seller_raw:/shop/435231,5.698688,silver_ordinary_negative_imbalance,0.15,,market_item.xlsx|中文暗网交易市场|seller_raw:66000,market_item.xlsx|茶马古道|seller_raw:/shop/435231,0,0,0,0,0.346332,0.26398,2.605952
market_item.xlsx|中文暗网交易市场|seller_raw:566277||market_item.xlsx|茶马古道|seller_raw:/shop/408791,5.446251,silver_semantic_low_structure_negative_imbalance,0.12,,market_item.xlsx|中文暗网交易市场|seller_raw:566277,market_item.xlsx|茶马古道|seller_raw:/shop/408791,0,0,0,0,0.314341,0.281743,2.449532
market_item.xlsx|中文暗网交易市场|seller_raw:51690||market_item.xlsx|中文暗网交易市场|seller_raw:67272,5.405098,silver_ordinary_negative_imbalance,0.15,,market_item.xlsx|中文暗网交易市场|seller_raw:51690,market_item.xlsx|中文暗网交易市场|seller_raw:67272,0,0,0,0,0.317237,0.270288,2.443998
market_item.xlsx|中文暗网交易市场|seller_raw:86962||market_item.xlsx|茶马古道|seller_raw:/shop/451633,5.398765,silver_semantic_low_structure_negative_imbalance,0.12,,market_item.xlsx|中文暗网交易市场|seller_raw:86962,market_item.xlsx|茶马古道|seller_raw:/shop/451633,0,0,0,0,0.295047,0.308573,2.387428
market_item.xlsx|中文暗网交易市场|seller_raw:69210||market_item.xlsx|茶马古道|seller_raw:/shop/8494,5.302575,silver_ordinary_negative_imbalance,0.15,,market_item.xlsx|中文暗网交易市场|seller_raw:69210,market_item.xlsx|茶马古道|seller_raw:/shop/8494,0,0,0,0,0.307945,0.270955,2.38958
market_item.xlsx|中文暗网交易市场|seller_raw:575090||market_item.xlsx|茶马古道|seller_raw:/shop/8618,5.286504,silver_semantic_low_structure_negative_imbalance,0.12,,market_item.xlsx|中文暗网交易市场|seller_raw:575090,market_item.xlsx|茶马古道|seller_raw:/shop/8618,0,0,0,0,0.289626,0.300893,2.339542
market_item.xlsx|中文暗网交易市场|seller_raw:54503||market_item.xlsx|茶马古道|seller_raw:/shop/395223,5.180363,silver_semantic_low_structure_negative_imbalance,0.12,,market_item.xlsx|中文暗网交易市场|seller_raw:54503,market_item.xlsx|茶马古道|seller_raw:/shop/395223,0,0,0,0,0.274296,0.311686,2.269148
market_item.xlsx|茶马古道|seller_raw:/shop/455099||market_item.xlsx|茶马古道|seller_raw:/shop/458412,5.165502,silver_semantic_low_structure_negative_imbalance,0.12,,market_item.xlsx|茶马古道|seller_raw:/shop/455099,market_item.xlsx|茶马古道|seller_raw:/shop/458412,0,0,0,0,0.275701,0.306914,2.268034
market_item.xlsx|中文暗网交易市场|seller_raw:554409||market_item.xlsx|茶马古道|seller_raw:/shop/436862,5.148586,silver_semantic_low_structure_negative_imbalance,0.12,,market_item.xlsx|中文暗网交易市场|seller_raw:554409,market_item.xlsx|茶马古道|seller_raw:/shop/436862,0,0,0,0,0.286021,0.286053,2.288232
market_item.xlsx|中文暗网交易市场|seller_raw:44296||market_item.xlsx|茶马古道|seller_raw:/shop/393568,5.116941,silver_semantic_low_structure_negative_imbalance,0.12,,market_item.xlsx|中文暗网交易市场|seller_raw:44296,market_item.xlsx|茶马古道|seller_raw:/shop/393568,0,0,0,0,0.280403,0.291124,2.264666
market_item.xlsx|中文暗网交易市场|seller_raw:24172||market_item.xlsx|茶马古道|seller_raw:/shop/427282,5.109951,silver_ordinary_negative_imbalance,0.15,,market_item.xlsx|中文暗网交易市场|seller_raw:24172,market_item.xlsx|茶马古道|seller_raw:/shop/427282,0,0,0,0,0.289617,0.273747,2.285196
market_item.xlsx|茶马古道|seller_raw:/shop/410709||market_item.xlsx|茶马古道|seller_raw:/shop/465512,5.045614,silver_semantic_low_structure_negative_imbalance,0.12,,market_item.xlsx|茶马古道|seller_raw:/shop/410709,market_item.xlsx|茶马古道|seller_raw:/shop/465512,0,0,0,0,0.279269,0.282157,2.239928
market_item.xlsx|茶马古道|seller_raw:/shop/418858||market_item.xlsx|茶马古道|seller_raw:/shop/430878,4.99726,silver_ordinary_negative_imbalance,0.15,,market_item.xlsx|茶马古道|seller_raw:/shop/418858,market_item.xlsx|茶马古道|seller_raw:/shop/430878,0,0,0,0,0.315253,0.211054,2.313626
market_item.xlsx|中文暗网交易市场|seller_raw:579292||market_item.xlsx|茶马古道|seller_raw:/shop/437217,4.955243,silver_semantic_low_structure_negative_imbalance,0.12,,market_item.xlsx|中文暗网交易市场|seller_raw:579292,market_item.xlsx|茶马古道|seller_raw:/shop/437217,0,0,0,0,0.257846,0.306156,2.159388
market_item.xlsx|中文暗网交易市场|seller_raw:74774||market_item.xlsx|茶马古道|seller_raw:/shop/427282,4.93227,silver_ordinary_negative_imbalance,0.15,,market_item.xlsx|中文暗网交易市场|seller_raw:74774,market_item.xlsx|茶马古道|seller_raw:/shop/427282,0,0,0,0,0.275103,0.27209,2.194798
market_item.xlsx|茶马古道|seller_raw:/shop/413150||market_item.xlsx|茶马古道|seller_raw:/shop/415493,4.916551,silver_semantic_low_structure_negative_imbalance,0.12,,market_item.xlsx|茶马古道|seller_raw:/shop/413150,market_item.xlsx|茶马古道|seller_raw:/shop/415493,0,0,0,0,0.264076,0.289181,2.162818
market_item.xlsx|中文暗网交易市场|seller_raw:45194||market_item.xlsx|茶马古道|seller_raw:/shop/409483,4.912888,silver_semantic_low_structure_negative_imbalance,0.12,,market_item.xlsx|中文暗网交易市场|seller_raw:45194,market_item.xlsx|茶马古道|seller_raw:/shop/409483,0,0,0,0,0.254306,0.305903,2.137642
market_item.xlsx|茶马古道|seller_raw:/shop/429835||market_item.xlsx|茶马古道|seller_raw:/shop/439078,4.87174,silver_semantic_low_structure_negative_imbalance,0.12,,market_item.xlsx|茶马古道|seller_raw:/shop/429835,market_item.xlsx|茶马古道|seller_raw:/shop/439078,0,0,0,0,0.263235,0.283775,2.14696
market_item.xlsx|中文暗网交易市场|seller_raw:351115||market_item.xlsx|茶马古道|seller_raw:/shop/393568,4.865702,silver_ordinary_negative_imbalance,0.15,,market_item.xlsx|中文暗网交易市场|seller_raw:351115,market_item.xlsx|茶马古道|seller_raw:/shop/393568,0,0,0,0,0.286015,0.242543,2.201176
market_item.xlsx|中文暗网交易市场|seller_raw:54503||market_item.xlsx|茶马古道|seller_raw:/shop/9760,4.790128,silver_semantic_low_structure_negative_imbalance,0.12,,market_item.xlsx|中文暗网交易市场|seller_raw:54503,market_item.xlsx|茶马古道|seller_raw:/shop/9760,0,0,0,0,0.25253,0.290159,2.095498
market_item.xlsx|中文暗网交易市场|seller_raw:489594||market_item.xlsx|茶马古道|seller_raw:/shop/397778,4.777003,silver_ordinary_negative_imbalance,0.15,,market_item.xlsx|中文暗网交易市场|seller_raw:489594,market_item.xlsx|茶马古道|seller_raw:/shop/397778,0,0,0,0,0.266225,0.26391,2.12517
market_item.xlsx|茶马古道|seller_raw:/shop/427729||market_item.xlsx|茶马古道|seller_raw:/shop/464292,4.733625,silver_semantic_low_structure_negative_imbalance,0.12,,market_item.xlsx|茶马古道|seller_raw:/shop/427729,market_item.xlsx|茶马古道|seller_raw:/shop/464292,0,0,0,0,0.243724,0.297046,2.056436
market_item.xlsx|中文暗网交易市场|seller_raw:55712||market_item.xlsx|中文暗网交易市场|seller_raw:55966,4.681345,silver_semantic_low_structure_negative_imbalance,0.12,,market_item.xlsx|中文暗网交易市场|seller_raw:55712,market_item.xlsx|中文暗网交易市场|seller_raw:55966,0,0,0,0,0.244916,0.286894,2.043284
market_item.xlsx|中文暗网交易市场|seller_raw:375032||market_item.xlsx|中文暗网交易市场|seller_raw:481091,4.659279,silver_ordinary_negative_imbalance,0.15,,market_item.xlsx|中文暗网交易市场|seller_raw:375032,market_item.xlsx|中文暗网交易市场|seller_raw:481091,0,0,0,0,0.251831,0.271265,2.053516
market_item.xlsx|茶马古道|seller_raw:/shop/399003||market_item.xlsx|茶马古道|seller_raw:/shop/458800,4.644644,silver_semantic_low_structure_negative_imbalance,0.12,,market_item.xlsx|茶马古道|seller_raw:/shop/399003,market_item.xlsx|茶马古道|seller_raw:/shop/458800,0,0,0,0,0.233044,0.302252,2.002768
market_item.xlsx|茶马古道|seller_raw:/shop/436862||market_item.xlsx|茶马古道|seller_raw:/shop/449048,4.633017,silver_semantic_low_structure_negative_imbalance,0.12,,market_item.xlsx|茶马古道|seller_raw:/shop/436862,market_item.xlsx|茶马古道|seller_raw:/shop/449048,0,0,0,0,0.231041,0.304007,1.99426
market_item.xlsx|中文暗网交易市场|seller_raw:499031||market_item.xlsx|茶马古道|seller_raw:/shop/393847,4.618937,silver_semantic_low_structure_negative_imbalance,0.12,,market_item.xlsx|中文暗网交易市场|seller_raw:499031,market_item.xlsx|茶马古道|seller_raw:/shop/393847,0,0,0,0,0.232775,0.298773,1.994196
market_item.xlsx|中文暗网交易市场|seller_raw:55265||market_item.xlsx|中文暗网交易市场|seller_raw:65358,4.605322,silver_semantic_low_structure_negative_imbalance,0.12,,market_item.xlsx|中文暗网交易市场|seller_raw:55265,market_item.xlsx|中文暗网交易市场|seller_raw:65358,0,0,0,0,0.225446,0.309645,1.971966
market_item.xlsx|中文暗网交易市场|seller_raw:55135||market_item.xlsx|茶马古道|seller_raw:/shop/424775,4.569044,silver_semantic_low_structure_negative_imbalance,0.12,,market_item.xlsx|中文暗网交易市场|seller_raw:55135,market_item.xlsx|茶马古道|seller_raw:/shop/424775,0,0,0,0,0.222929,0.308517,1.954608
market_item.xlsx|茶马古道|seller_raw:/shop/2343||market_item.xlsx|茶马古道|seller_raw:/shop/436019,4.559976,silver_semantic_low_structure_negative_imbalance,0.12,,market_item.xlsx|茶马古道|seller_raw:/shop/2343,market_item.xlsx|茶马古道|seller_raw:/shop/436019,0,0,0,0,0.235847,0.284267,1.983616
market_item.xlsx|茶马古道|seller_raw:/shop/412426||market_item.xlsx|茶马古道|seller_raw:/shop/466722,4.516701,silver_semantic_low_structure_negative_imbalance,0.12,,market_item.xlsx|茶马古道|seller_raw:/shop/412426,market_item.xlsx|茶马古道|seller_raw:/shop/466722,0,0,0,0,0.21924,0.306991,1.929422
market_item.xlsx|中文暗网交易市场|seller_raw:595231||market_item.xlsx|茶马古道|seller_raw:/shop/8494,4.49522,silver_semantic_low_structure_negative_imbalance,0.12,,market_item.xlsx|中文暗网交易市场|seller_raw:595231,market_item.xlsx|茶马古道|seller_raw:/shop/8494,0,0,0,0,0.227421,0.289212,1.94295
market_item.xlsx|中文暗网交易市场|seller_raw:24172||market_item.xlsx|茶马古道|seller_raw:/shop/432473,4.488973,silver_semantic_low_structure_negative_imbalance,0.12,,market_item.xlsx|中文暗网交易市场|seller_raw:24172,market_item.xlsx|茶马古道|seller_raw:/shop/432473,0,0,0,0,0.231711,0.280661,1.951588
market_item.xlsx|中文暗网交易市场|seller_raw:582222||market_item.xlsx|茶马古道|seller_raw:/shop/437217,4.463299,silver_semantic_low_structure_negative_imbalance,0.12,,market_item.xlsx|中文暗网交易市场|seller_raw:582222,market_item.xlsx|茶马古道|seller_raw:/shop/437217,0,0,0,0,0.211751,0.312025,1.894556
market_item.xlsx|中文暗网交易市场|seller_raw:463658||market_item.xlsx|茶马古道|seller_raw:/shop/451053,4.431375,silver_semantic_low_structure_negative_imbalance,0.12,,market_item.xlsx|中文暗网交易市场|seller_raw:463658,market_item.xlsx|茶马古道|seller_raw:/shop/451053,0,0,0,0,0.205582,0.318028,1.869548
market_item.xlsx|中文暗网交易市场|seller_raw:591680||market_item.xlsx|茶马古道|seller_raw:/shop/432473,4.429409,silver_ordinary_negative_imbalance,0.15,,market_item.xlsx|中文暗网交易市场|seller_raw:591680,market_item.xlsx|茶马古道|seller_raw:/shop/432473,0,0,0,0,0.228321,0.277495,1.924916
market_item.xlsx|中文暗网交易市场|seller_raw:63685||market_item.xlsx|茶马古道|seller_raw:/shop/455682,4.422813,silver_semantic_low_structure_negative_imbalance,0.12,,market_item.xlsx|中文暗网交易市场|seller_raw:63685,market_item.xlsx|茶马古道|seller_raw:/shop/455682,0,0,0,0,0.218626,0.293633,1.899022
market_item.xlsx|中文暗网交易市场|seller_raw:442988||market_item.xlsx|茶马古道|seller_raw:/shop/393295,4.408487,silver_semantic_low_structure_negative_imbalance,0.12,,market_item.xlsx|中文暗网交易市场|seller_raw:442988,market_item.xlsx|茶马古道|seller_raw:/shop/393295,0,0,0,0,0.208794,0.308824,1.870412
market_item.xlsx|中文暗网交易市场|seller_raw:39793||market_item.xlsx|茶马古道|seller_raw:/shop/406032,4.406947,silver_ordinary_negative_imbalance,0.15,,market_item.xlsx|中文暗网交易市场|seller_raw:39793,market_item.xlsx|茶马古道|seller_raw:/shop/406032,0,0,0,0,0.250619,0.234589,1.972892
market_item.xlsx|茶马古道|seller_raw:/shop/464292||market_item.xlsx|茶马古道|seller_raw:/shop/474,4.397604,silver_semantic_low_structure_negative_imbalance,0.12,,market_item.xlsx|茶马古道|seller_raw:/shop/464292,market_item.xlsx|茶马古道|seller_raw:/shop/474,0,0,0,0,0.206867,0.310559,1.86232
market_item.xlsx|中文暗网交易市场|seller_raw:477393||market_item.xlsx|茶马古道|seller_raw:/shop/395183,4.389571,silver_semantic_low_structure_negative_imbalance,0.12,,market_item.xlsx|中文暗网交易市场|seller_raw:477393,market_item.xlsx|茶马古道|seller_raw:/shop/395183,0,0,0,0,0.202585,0.316899,1.849308
market_item.xlsx|中文暗网交易市场|seller_raw:528494||market_item.xlsx|茶马古道|seller_raw:/shop/399158,4.369149,silver_ordinary_negative_imbalance,0.15,,market_item.xlsx|中文暗网交易市场|seller_raw:528494,market_item.xlsx|茶马古道|seller_raw:/shop/399158,0,0,0,0,0.240111,0.247365,1.935396
market_item.xlsx|中文暗网交易市场|seller_raw:591680||market_item.xlsx|茶马古道|seller_raw:/shop/461222,4.362106,silver_ordinary_negative_imbalance,0.15,,market_item.xlsx|中文暗网交易市场|seller_raw:591680,market_item.xlsx|茶马古道|seller_raw:/shop/461222,0,0,0,0,0.246886,0.234295,1.949906
market_item.xlsx|中文暗网交易市场|seller_raw:586249||market_item.xlsx|茶马古道|seller_raw:/shop/9039,4.329707,silver_semantic_low_structure_negative_imbalance,0.12,,market_item.xlsx|中文暗网交易市场|seller_raw:586249,market_item.xlsx|茶马古道|seller_raw:/shop/9039,0,0,0,0,0.211554,0.291821,1.852966
market_item.xlsx|中文暗网交易市场|seller_raw:492558||market_item.xlsx|茶马古道|seller_raw:/shop/406794,4.308327,silver_ordinary_negative_imbalance,0.15,,market_item.xlsx|中文暗网交易市场|seller_raw:492558,market_item.xlsx|茶马古道|seller_raw:/shop/406794,0,0,0,0,0.245849,0.227856,1.930806
market_item.xlsx|茶马古道|seller_raw:/shop/413261||market_item.xlsx|茶马古道|seller_raw:/shop/436715,4.299777,silver_ordinary_negative_imbalance,0.15,,market_item.xlsx|茶马古道|seller_raw:/shop/413261,market_item.xlsx|茶马古道|seller_raw:/shop/436715,0,0,0,0,0.225285,0.262923,1.877556
market_item.xlsx|中文暗网交易市场|seller_raw:394858||market_item.xlsx|茶马古道|seller_raw:/shop/445990,4.28746,silver_semantic_low_structure_negative_imbalance,0.12,,market_item.xlsx|中文暗网交易市场|seller_raw:394858,market_item.xlsx|茶马古道|seller_raw:/shop/445990,0,0,0,0,0.204671,0.297499,1.823024
market_item.xlsx|中文暗网交易市场|seller_raw:370168||market_item.xlsx|茶马古道|seller_raw:/shop/393295,4.28308,silver_semantic_low_structure_negative_imbalance,0.12,,market_item.xlsx|中文暗网交易市场|seller_raw:370168,market_item.xlsx|茶马古道|seller_raw:/shop/393295,0,0,0,0,0.20974,0.287857,1.834154
market_item.xlsx|中文暗网交易市场|seller_raw:581623||market_item.xlsx|茶马古道|seller_raw:/shop/464140,4.225217,silver_ordinary_negative_imbalance,0.15,,market_item.xlsx|中文暗网交易市场|seller_raw:581623,market_item.xlsx|茶马古道|seller_raw:/shop/464140,0,0,0,0,0.211712,0.275466,1.821204
market_item.xlsx|中文暗网交易市场|seller_raw:434444||market_item.xlsx|茶马古道|seller_raw:/shop/427766,4.213272,silver_ordinary_negative_imbalance,0.15,,market_item.xlsx|中文暗网交易市场|seller_raw:434444,market_item.xlsx|茶马古道|seller_raw:/shop/427766,0,0,0,0,0.213236,0.270932,1.82128
market_item.xlsx|中文暗网交易市场|seller_raw:68894||market_item.xlsx|茶马古道|seller_raw:/shop/431552,4.20863,silver_ordinary_negative_imbalance,0.15,,market_item.xlsx|中文暗网交易市场|seller_raw:68894,market_item.xlsx|茶马古道|seller_raw:/shop/431552,0,0,0,0,0.213362,0.269995,1.820162
market_item.xlsx|中文暗网交易市场|seller_raw:83617||market_item.xlsx|茶马古道|seller_raw:/shop/426537,4.139358,silver_ordinary_negative_imbalance,0.15,,market_item.xlsx|中文暗网交易市场|seller_raw:83617,market_item.xlsx|茶马古道|seller_raw:/shop/426537,0,0,0,0,0.21085,0.263782,1.792664
market_item.xlsx|中文暗网交易市场|seller_raw:32782||market_item.xlsx|茶马古道|seller_raw:/shop/397874,4.115658,silver_ordinary_negative_imbalance,0.15,,market_item.xlsx|中文暗网交易市场|seller_raw:32782,market_item.xlsx|茶马古道|seller_raw:/shop/397874,0,0,0,0,0.220393,0.243252,1.808862
market_item.xlsx|中文暗网交易市场|seller_raw:29159||market_item.xlsx|茶马古道|seller_raw:/shop/436715,4.103985,silver_ordinary_negative_imbalance,0.15,,market_item.xlsx|中文暗网交易市场|seller_raw:29159,market_item.xlsx|茶马古道|seller_raw:/shop/436715,0,0,0,0,0.226732,0.230241,1.820874
market_item.xlsx|中文暗网交易市场|seller_raw:603362||market_item.xlsx|茶马古道|seller_raw:/shop/445928,4.090046,silver_ordinary_negative_imbalance,0.15,,market_item.xlsx|中文暗网交易市场|seller_raw:603362,market_item.xlsx|茶马古道|seller_raw:/shop/445928,0,0,0,0,0.206289,0.264265,1.766264
market_item.xlsx|中文暗网交易市场|seller_raw:391418||market_item.xlsx|茶马古道|seller_raw:/shop/403921,4.062194,silver_ordinary_negative_imbalance,0.15,,market_item.xlsx|中文暗网交易市场|seller_raw:391418,market_item.xlsx|茶马古道|seller_raw:/shop/403921,0,0,0,0,0.222712,0.230924,1.79812
market_item.xlsx|中文暗网交易市场|seller_raw:74774||market_item.xlsx|茶马古道|seller_raw:/shop/461222,4.033595,silver_ordinary_negative_imbalance,0.15,,market_item.xlsx|中文暗网交易市场|seller_raw:74774,market_item.xlsx|茶马古道|seller_raw:/shop/461222,0,0,0,0,0.218313,0.234307,1.778492
market_item.xlsx|中文暗网交易市场|seller_raw:546566||market_item.xlsx|茶马古道|seller_raw:/shop/8057,4.002612,silver_ordinary_negative_imbalance,0.15,,market_item.xlsx|中文暗网交易市场|seller_raw:546566,market_item.xlsx|茶马古道|seller_raw:/shop/8057,0,0,0,0,0.208739,0.246479,1.745392
market_item.xlsx|中文暗网交易市场|seller_raw:205354||market_item.xlsx|茶马古道|seller_raw:/shop/6242,3.943738,silver_ordinary_negative_imbalance,0.15,,market_item.xlsx|中文暗网交易市场|seller_raw:205354,market_item.xlsx|茶马古道|seller_raw:/shop/6242,0,0,0,0,0.205574,0.243021,1.719486
market_item.xlsx|中文暗网交易市场|seller_raw:57048||market_item.xlsx|茶马古道|seller_raw:/shop/426166,3.916937,silver_ordinary_negative_imbalance,0.15,,market_item.xlsx|中文暗网交易市场|seller_raw:57048,market_item.xlsx|茶马古道|seller_raw:/shop/426166,0,0,0,0,0.244393,0.170218,1.806794
market_item.xlsx|中文暗网交易市场|seller_raw:44940||market_item.xlsx|茶马古道|seller_raw:/shop/666,3.892282,silver_ordinary_negative_imbalance,0.15,,market_item.xlsx|中文暗网交易市场|seller_raw:44940,market_item.xlsx|茶马古道|seller_raw:/shop/666,0,0,0,0,0.213804,0.220544,1.723912
market_item.xlsx|中文暗网交易市场|seller_raw:79018||market_item.xlsx|茶马古道|seller_raw:/shop/463845,3.890983,silver_ordinary_negative_imbalance,0.15,,market_item.xlsx|中文暗网交易市场|seller_raw:79018,market_item.xlsx|茶马古道|seller_raw:/shop/463845,0,0,0,0,0.219705,0.209904,1.738038
market_item.xlsx|中文暗网交易市场|seller_raw:32559||market_item.xlsx|茶马古道|seller_raw:/shop/429138,3.888982,silver_ordinary_negative_imbalance,0.15,,market_item.xlsx|中文暗网交易市场|seller_raw:32559,market_item.xlsx|茶马古道|seller_raw:/shop/429138,0,0,0,0,0.234503,0.183415,1.773848
market_item.xlsx|中文暗网交易市场|seller_raw:65453||market_item.xlsx|茶马古道|seller_raw:/shop/464262,3.878839,silver_ordinary_negative_imbalance,0.15,,market_item.xlsx|中文暗网交易市场|seller_raw:65453,market_item.xlsx|茶马古道|seller_raw:/shop/464262,0,0,0,0,0.266637,0.125002,1.849826
