experiment_name,pair_uid,data_bucket,split_name,review_label,y_true,base_prob_positive,calibrated_prob_positive,pred_positive_primary,pred_positive_fixed_half,review_stratum,source_seller_raw_left,source_seller_raw_right
core_calibrated_bge_m3,market_item.xlsx|茶马古道|seller_raw:/shop/449035||market_item.xlsx|茶马古道|seller_raw:/shop/461222,zh_target_strict,train,positive,1,0.522445,0.323098,0,0,identifier_plus_text,/shop/449035,/shop/461222
core_calibrated_bge_m3,market_item.xlsx|中文暗网交易市场|seller_raw:210589||market_item.xlsx|中文暗网交易市场|seller_raw:58949,zh_target_strict,train,negative,0,0.476893,0.135199,0,0,semantic_structural,210589,58949
core_calibrated_bge_m3,market_item.xlsx|茶马古道|seller_raw:/shop/454497||market_item.xlsx|茶马古道|seller_raw:/shop/454507,zh_target_strict,train,positive,1,0.522445,0.323098,0,0,identifier_plus_text,/shop/454497,/shop/454507
core_calibrated_bge_m3,market_item.xlsx|中文暗网交易市场|seller_raw:38978||market_item.xlsx|中文暗网交易市场|seller_raw:99610,zh_target_strict,train,negative,0,0.476893,0.135199,0,0,semantic_structural,38978,99610
core_calibrated_bge_m3,market_item.xlsx|中文暗网交易市场|seller_raw:595944||market_item.xlsx|茶马古道|seller_raw:/shop/439854,zh_target_strict,train,positive,1,0.522445,0.323098,0,0,text_clone_primary,595944,/shop/439854
core_calibrated_bge_m3,market_item.xlsx|茶马古道|seller_raw:/shop/444530||market_item.xlsx|茶马古道|seller_raw:/shop/461246,zh_target_strict,train,positive,1,0.476893,0.135199,0,0,identifier_primary,/shop/444530,/shop/461246
core_calibrated_bge_m3,market_item.xlsx|茶马古道|seller_raw:/shop/402037||market_item.xlsx|茶马古道|seller_raw:/shop/6332,zh_target_strict,train,positive,1,0.522445,0.323098,0,0,identifier_plus_text,/shop/402037,/shop/6332
core_calibrated_bge_m3,market_item.xlsx|茶马古道|seller_raw:/shop/397616||market_item.xlsx|茶马古道|seller_raw:/shop/398592,zh_target_strict,train,positive,1,0.522445,0.323098,0,0,text_clone_primary,/shop/397616,/shop/398592
core_calibrated_bge_m3,market_item.xlsx|茶马古道|seller_raw:/shop/410559||market_item.xlsx|茶马古道|seller_raw:/shop/413373,zh_target_strict,train,positive,1,0.520541,0.312967,0,0,identifier_plus_text,/shop/410559,/shop/413373
core_calibrated_bge_m3,market_item.xlsx|中文暗网交易市场|seller_raw:31252||market_item.xlsx|中文暗网交易市场|seller_raw:99610,zh_target_strict,train,negative,0,0.476893,0.135199,0,0,semantic_structural,31252,99610
core_calibrated_bge_m3,market_item.xlsx|茶马古道|seller_raw:/shop/440109||market_item.xlsx|茶马古道|seller_raw:/shop/458500,zh_target_strict,train,positive,1,0.476893,0.135199,0,0,identifier_primary,/shop/440109,/shop/458500
core_calibrated_bge_m3,market_item.xlsx|中文暗网交易市场|seller_raw:538752||market_item.xlsx|茶马古道|seller_raw:/shop/397934,zh_target_strict,train,positive,1,0.522445,0.323098,0,0,text_clone_primary,538752,/shop/397934
core_calibrated_bge_m3,market_item.xlsx|中文暗网交易市场|seller_raw:31252||market_item.xlsx|中文暗网交易市场|seller_raw:38978,zh_target_strict,train,negative,0,0.476893,0.135199,0,0,semantic_structural,31252,38978
core_calibrated_bge_m3,market_item.xlsx|中文暗网交易市场|seller_raw:547630||market_item.xlsx|茶马古道|seller_raw:/shop/402218,zh_target_strict,train,positive,1,0.522445,0.323098,0,0,text_clone_primary,547630,/shop/402218
core_calibrated_bge_m3,market_item.xlsx|中文暗网交易市场|seller_raw:24172||market_item.xlsx|茶马古道|seller_raw:/shop/436862,zh_target_strict,train,negative,0,0.476893,0.135199,0,0,semantic_only,24172,/shop/436862
core_calibrated_bge_m3,market_item.xlsx|茶马古道|seller_raw:/shop/452097||market_item.xlsx|茶马古道|seller_raw:/shop/452596,zh_target_strict,train,positive,1,0.522445,0.323098,0,0,identifier_plus_text,/shop/452097,/shop/452596
core_calibrated_bge_m3,market_item.xlsx|中文暗网交易市场|seller_raw:401772||market_item.xlsx|中文暗网交易市场|seller_raw:485545,zh_target_strict,train,positive,1,0.476893,0.135199,0,0,semantic_structural,401772,485545
core_calibrated_bge_m3,market_item.xlsx|茶马古道|seller_raw:/shop/457836||market_item.xlsx|茶马古道|seller_raw:/shop/458601,zh_target_strict,train,positive,1,0.489994,0.177322,0,0,identifier_primary,/shop/457836,/shop/458601
core_calibrated_bge_m3,market_item.xlsx|中文暗网交易市场|seller_raw:564091||market_item.xlsx|茶马古道|seller_raw:/shop/9484,zh_target_strict,train,positive,1,0.476893,0.135199,0,0,identifier_plus_text,564091,/shop/9484
core_calibrated_bge_m3,market_item.xlsx|中文暗网交易市场|seller_raw:533307||market_item.xlsx|茶马古道|seller_raw:/shop/10063,zh_target_strict,train,positive,1,0.522445,0.323098,0,0,text_clone_primary,533307,/shop/10063
core_calibrated_bge_m3,market_item.xlsx|茶马古道|seller_raw:/shop/409272||market_item.xlsx|茶马古道|seller_raw:/shop/9838,zh_target_strict,train,negative,0,0.489994,0.177322,0,0,identifier_primary,/shop/409272,/shop/9838
core_calibrated_bge_m3,market_item.xlsx|中文暗网交易市场|seller_raw:564091||market_item.xlsx|茶马古道|seller_raw:/shop/3501,zh_target_strict,train,positive,1,0.522445,0.323098,0,0,identifier_plus_text,564091,/shop/3501
core_calibrated_bge_m3,market_item.xlsx|中文暗网交易市场|seller_raw:635957||market_item.xlsx|茶马古道|seller_raw:/shop/6409,zh_target_strict,train,positive,1,0.522445,0.323098,0,0,text_clone_primary,635957,/shop/6409
core_calibrated_bge_m3,market_item.xlsx|中文暗网交易市场|seller_raw:210589||market_item.xlsx|中文暗网交易市场|seller_raw:511033,zh_target_strict,train,negative,0,0.476893,0.135199,0,0,semantic_structural,210589,511033
core_calibrated_bge_m3,market_item.xlsx|茶马古道|seller_raw:/shop/445108||market_item.xlsx|茶马古道|seller_raw:/shop/448185,zh_target_strict,train,positive,1,0.503307,0.229953,0,0,identifier_primary,/shop/445108,/shop/448185
core_calibrated_bge_m3,market_item.xlsx|茶马古道|seller_raw:/shop/3501||market_item.xlsx|茶马古道|seller_raw:/shop/9484,zh_target_strict,train,positive,1,0.489994,0.177322,0,0,identifier_plus_text,/shop/3501,/shop/9484
core_calibrated_bge_m3,market_item.xlsx|中文暗网交易市场|seller_raw:604051||market_item.xlsx|中文暗网交易市场|seller_raw:99981,zh_target_strict,train,positive,1,0.522445,0.323098,0,0,text_clone_primary,604051,99981
core_calibrated_bge_m3,market_item.xlsx|中文暗网交易市场|seller_raw:511033||market_item.xlsx|中文暗网交易市场|seller_raw:58949,zh_target_strict,train,negative,0,0.476893,0.135199,0,0,semantic_structural,511033,58949
core_calibrated_bge_m3,market_item.xlsx|茶马古道|seller_raw:/shop/396538||market_item.xlsx|茶马古道|seller_raw:/shop/409272,zh_target_strict,train,negative,0,0.489994,0.177322,0,0,identifier_primary,/shop/396538,/shop/409272
core_calibrated_bge_m3,market_item.xlsx|茶马古道|seller_raw:/shop/430880||market_item.xlsx|茶马古道|seller_raw:/shop/439807,zh_target_strict,train,positive,1,0.489994,0.177322,0,0,identifier_primary,/shop/430880,/shop/439807
core_calibrated_bge_m3,market_item.xlsx|中文暗网交易市场|seller_raw:591348||market_item.xlsx|茶马古道|seller_raw:/shop/433218,zh_target_strict,train,positive,1,0.522445,0.323098,0,0,text_clone_primary,591348,/shop/433218
core_calibrated_bge_m3,market_item.xlsx|茶马古道|seller_raw:/shop/421728||market_item.xlsx|茶马古道|seller_raw:/shop/434089,zh_target_strict,train,positive,1,0.489994,0.177322,0,0,identifier_primary,/shop/421728,/shop/434089
core_calibrated_bge_m3,market_item.xlsx|茶马古道|seller_raw:/shop/463317||market_item.xlsx|茶马古道|seller_raw:/shop/463398,zh_target_strict,train,positive,1,0.522445,0.323098,0,0,text_clone_primary,/shop/463317,/shop/463398
core_calibrated_bge_m3,market_item.xlsx|茶马古道|seller_raw:/shop/396538||market_item.xlsx|茶马古道|seller_raw:/shop/9838,zh_target_strict,train,negative,0,0.489994,0.177322,0,0,identifier_primary,/shop/396538,/shop/9838
core_calibrated_bge_m3,market_item.xlsx|中文暗网交易市场|seller_raw:24172||market_item.xlsx|中文暗网交易市场|seller_raw:74774,zh_target_strict,train,negative,0,0.476893,0.135199,0,0,semantic_structural,24172,74774
core_calibrated_bge_m3,market_item.xlsx|中文暗网交易市场|seller_raw:46626||market_item.xlsx|中文暗网交易市场|seller_raw:68679,zh_target_strict,train,negative,0,0.476893,0.135199,0,0,semantic_structural,46626,68679
core_calibrated_bge_m3,market_item.xlsx|茶马古道|seller_raw:/shop/440200||market_item.xlsx|茶马古道|seller_raw:/shop/450020,zh_target_strict,train,positive,1,0.476893,0.135199,0,0,semantic_structural,/shop/440200,/shop/450020
core_calibrated_bge_m3,market_item.xlsx|中文暗网交易市场|seller_raw:363382||market_item.xlsx|茶马古道|seller_raw:/shop/3433,zh_target_strict,train,negative,0,0.522445,0.323098,0,0,text_clone_primary,363382,/shop/3433
core_calibrated_bge_m3,market_item.xlsx|中文暗网交易市场|seller_raw:31252||market_item.xlsx|中文暗网交易市场|seller_raw:365633,zh_target_strict,train,negative,0,0.476893,0.135199,0,0,semantic_structural,31252,365633
core_calibrated_bge_m3,market_item.xlsx|中文暗网交易市场|seller_raw:591680||market_item.xlsx|茶马古道|seller_raw:/shop/436862,zh_target_strict,train,negative,0,0.476893,0.135199,0,0,semantic_structural,591680,/shop/436862
core_calibrated_bge_m3,market_item.xlsx|茶马古道|seller_raw:/shop/425704||market_item.xlsx|茶马古道|seller_raw:/shop/464140,zh_target_strict,train,negative,0,0.522445,0.323098,0,0,text_clone_primary,/shop/425704,/shop/464140
core_calibrated_bge_m3,market_item.xlsx|中文暗网交易市场|seller_raw:613722||market_item.xlsx|茶马古道|seller_raw:/shop/643,zh_target_strict,train,negative,0,0.476893,0.135199,0,0,semantic_only,613722,/shop/643
core_calibrated_bge_m3,market_item.xlsx|中文暗网交易市场|seller_raw:531087||market_item.xlsx|中文暗网交易市场|seller_raw:565148,zh_target_strict,train,negative,0,0.476893,0.135199,0,0,semantic_structural,531087,565148
core_calibrated_bge_m3,market_item.xlsx|中文暗网交易市场|seller_raw:58517||market_item.xlsx|中文暗网交易市场|seller_raw:61132,zh_target_strict,train,negative,0,0.476893,0.135199,0,0,semantic_structural,58517,61132
core_calibrated_bge_m3,market_item.xlsx|中文暗网交易市场|seller_raw:39215||market_item.xlsx|中文暗网交易市场|seller_raw:67272,zh_target_strict,train,negative,0,0.476893,0.135199,0,0,semantic_structural,39215,67272
core_calibrated_bge_m3,market_item.xlsx|茶马古道|seller_raw:/shop/7359||market_item.xlsx|茶马古道|seller_raw:/shop/740,zh_target_strict,train,negative,0,0.476893,0.135199,0,0,semantic_structural,/shop/7359,/shop/740
core_calibrated_bge_m3,market_item.xlsx|中文暗网交易市场|seller_raw:365633||market_item.xlsx|中文暗网交易市场|seller_raw:99610,zh_target_strict,train,negative,0,0.476893,0.135199,0,0,semantic_structural,365633,99610
core_calibrated_bge_m3,market_item.xlsx|中文暗网交易市场|seller_raw:509681||market_item.xlsx|茶马古道|seller_raw:/shop/446431,zh_target_strict,train,negative,0,0.476893,0.135199,0,0,semantic_only,509681,/shop/446431
core_calibrated_bge_m3,market_item.xlsx|茶马古道|seller_raw:/shop/427129||market_item.xlsx|茶马古道|seller_raw:/shop/428431,zh_target_strict,train,negative,0,0.476893,0.135199,0,0,semantic_structural,/shop/427129,/shop/428431
core_calibrated_bge_m3,market_item.xlsx|中文暗网交易市场|seller_raw:605525||market_item.xlsx|茶马古道|seller_raw:/shop/463062,zh_target_strict,train,negative,0,0.476893,0.135199,0,0,semantic_only,605525,/shop/463062
core_calibrated_bge_m3,market_item.xlsx|中文暗网交易市场|seller_raw:365633||market_item.xlsx|中文暗网交易市场|seller_raw:38978,zh_target_strict,train,negative,0,0.476893,0.135199,0,0,semantic_structural,365633,38978
core_calibrated_bge_m3,market_item.xlsx|中文暗网交易市场|seller_raw:567845||market_item.xlsx|中文暗网交易市场|seller_raw:569266,zh_target_strict,train,negative,0,0.489994,0.177322,0,0,semantic_only,567845,569266
core_calibrated_bge_m3,market_item.xlsx|中文暗网交易市场|seller_raw:43871||market_item.xlsx|中文暗网交易市场|seller_raw:46626,zh_target_strict,train,positive,1,0.476893,0.135199,0,0,semantic_structural,43871,46626
core_calibrated_bge_m3,market_item.xlsx|中文暗网交易市场|seller_raw:438221||market_item.xlsx|中文暗网交易市场|seller_raw:61106,zh_target_strict,train,negative,0,0.476893,0.135199,0,0,semantic_structural,438221,61106
core_calibrated_bge_m3,market_item.xlsx|中文暗网交易市场|seller_raw:433700||market_item.xlsx|中文暗网交易市场|seller_raw:433705,zh_target_strict,train,negative,0,0.476893,0.135199,0,0,semantic_structural,433700,433705
core_calibrated_bge_m3,market_item.xlsx|中文暗网交易市场|seller_raw:506438||market_item.xlsx|茶马古道|seller_raw:/shop/463712,zh_target_strict,train,negative,0,0.476893,0.135199,0,0,semantic_only,506438,/shop/463712
core_calibrated_bge_m3,market_item.xlsx|茶马古道|seller_raw:/shop/424569||market_item.xlsx|茶马古道|seller_raw:/shop/433338,zh_target_strict,train,positive,1,0.476893,0.135199,0,0,semantic_structural,/shop/424569,/shop/433338
core_calibrated_bge_m3,market_item.xlsx|中文暗网交易市场|seller_raw:473991||market_item.xlsx|中文暗网交易市场|seller_raw:58949,zh_target_strict,train,negative,0,0.476893,0.135199,0,0,semantic_structural,473991,58949
core_calibrated_bge_m3,market_item.xlsx|中文暗网交易市场|seller_raw:352600||market_item.xlsx|中文暗网交易市场|seller_raw:605666,zh_target_strict,train,positive,1,0.476893,0.135199,0,0,semantic_structural,352600,605666
core_calibrated_bge_m3,market_item.xlsx|中文暗网交易市场|seller_raw:210589||market_item.xlsx|中文暗网交易市场|seller_raw:473991,zh_target_strict,train,negative,0,0.476893,0.135199,0,0,semantic_structural,210589,473991
core_calibrated_bge_m3,market_item.xlsx|中文暗网交易市场|seller_raw:17231||market_item.xlsx|中文暗网交易市场|seller_raw:99610,zh_target_strict,train,negative,0,0.476893,0.135199,0,0,semantic_structural,17231,99610
core_calibrated_bge_m3,market_item.xlsx|茶马古道|seller_raw:/shop/395912||market_item.xlsx|茶马古道|seller_raw:/shop/446131,zh_target_strict,train,negative,0,0.476893,0.135199,0,0,semantic_structural,/shop/395912,/shop/446131
core_calibrated_bge_m3,market_item.xlsx|茶马古道|seller_raw:/shop/437900||market_item.xlsx|茶马古道|seller_raw:/shop/447235,zh_target_strict,train,negative,0,0.503307,0.229953,0,0,semantic_only,/shop/437900,/shop/447235
core_calibrated_bge_m3,market_item.xlsx|中文暗网交易市场|seller_raw:512254||market_item.xlsx|茶马古道|seller_raw:/shop/398615,zh_target_strict,train,negative,0,0.476893,0.135199,0,0,semantic_only,512254,/shop/398615
core_calibrated_bge_m3,market_item.xlsx|中文暗网交易市场|seller_raw:435630||market_item.xlsx|中文暗网交易市场|seller_raw:438364,zh_target_strict,train,positive,1,0.476893,0.135199,0,0,semantic_structural,435630,438364
core_calibrated_bge_m3,market_item.xlsx|中文暗网交易市场|seller_raw:43871||market_item.xlsx|中文暗网交易市场|seller_raw:68679,zh_target_strict,train,positive,1,0.476893,0.135199,0,0,semantic_structural,43871,68679
core_calibrated_bge_m3,market_item.xlsx|茶马古道|seller_raw:/shop/432919||market_item.xlsx|茶马古道|seller_raw:/shop/8466,zh_target_strict,train,positive,1,0.476893,0.135199,0,0,semantic_structural,/shop/432919,/shop/8466
core_calibrated_bge_m3,market_item.xlsx|中文暗网交易市场|seller_raw:45139||market_item.xlsx|中文暗网交易市场|seller_raw:99610,zh_target_strict,train,negative,0,0.476893,0.135199,0,0,semantic_structural,45139,99610
core_calibrated_bge_m3,market_item.xlsx|中文暗网交易市场|seller_raw:44226||market_item.xlsx|中文暗网交易市场|seller_raw:68440,zh_target_strict,train,positive,1,0.499943,0.215695,0,0,semantic_structural,44226,68440
core_calibrated_bge_m3,market_item.xlsx|中文暗网交易市场|seller_raw:565148||market_item.xlsx|中文暗网交易市场|seller_raw:596616,zh_target_strict,train,negative,0,0.476893,0.135199,0,0,semantic_structural,565148,596616
core_calibrated_bge_m3,market_item.xlsx|中文暗网交易市场|seller_raw:29159||market_item.xlsx|中文暗网交易市场|seller_raw:38978,zh_target_strict,train,negative,0,0.489994,0.177322,0,0,semantic_only,29159,38978
core_calibrated_bge_m3,market_item.xlsx|中文暗网交易市场|seller_raw:473991||market_item.xlsx|中文暗网交易市场|seller_raw:511033,zh_target_strict,train,negative,0,0.476893,0.135199,0,0,semantic_structural,473991,511033
core_calibrated_bge_m3,market_item.xlsx|中文暗网交易市场|seller_raw:17231||market_item.xlsx|中文暗网交易市场|seller_raw:31252,zh_target_strict,train,negative,0,0.476893,0.135199,0,0,semantic_structural,17231,31252
core_calibrated_bge_m3,market_item.xlsx|中文暗网交易市场|seller_raw:535999||market_item.xlsx|茶马古道|seller_raw:/shop/441993,zh_target_strict,train,negative,0,0.476893,0.135199,0,0,semantic_only,535999,/shop/441993
core_calibrated_bge_m3,market_item.xlsx|中文暗网交易市场|seller_raw:548133||market_item.xlsx|中文暗网交易市场|seller_raw:565148,zh_target_strict,train,negative,0,0.489994,0.177322,0,0,semantic_only,548133,565148
core_calibrated_bge_m3,market_item.xlsx|中文暗网交易市场|seller_raw:38978||market_item.xlsx|中文暗网交易市场|seller_raw:39215,zh_target_strict,train,negative,0,0.476893,0.135199,0,0,semantic_structural,38978,39215
core_calibrated_bge_m3,market_item.xlsx|中文暗网交易市场|seller_raw:592056||market_item.xlsx|茶马古道|seller_raw:/shop/433442,zh_target_strict,train,negative,0,0.522445,0.323098,0,0,text_clone_primary,592056,/shop/433442
core_calibrated_bge_m3,market_item.xlsx|中文暗网交易市场|seller_raw:38978||market_item.xlsx|中文暗网交易市场|seller_raw:45139,zh_target_strict,train,negative,0,0.476893,0.135199,0,0,semantic_structural,38978,45139
core_calibrated_bge_m3,market_item.xlsx|茶马古道|seller_raw:/shop/7275||market_item.xlsx|茶马古道|seller_raw:/shop/7449,zh_target_strict,train,positive,1,0.476893,0.135199,0,0,semantic_structural,/shop/7275,/shop/7449
core_calibrated_bge_m3,market_item.xlsx|中文暗网交易市场|seller_raw:29159||market_item.xlsx|中文暗网交易市场|seller_raw:48851,zh_target_strict,train,negative,0,0.489994,0.177322,0,0,semantic_only,29159,48851
core_calibrated_bge_m3,market_item.xlsx|中文暗网交易市场|seller_raw:480285||market_item.xlsx|茶马古道|seller_raw:/shop/397872,zh_target_strict,train,negative,0,0.522445,0.323098,0,0,text_clone_primary,480285,/shop/397872
core_calibrated_bge_m3,market_item.xlsx|茶马古道|seller_raw:/shop/415759||market_item.xlsx|茶马古道|seller_raw:/shop/421078,zh_target_strict,train,positive,1,0.476893,0.135199,0,0,semantic_structural,/shop/415759,/shop/421078
core_calibrated_bge_m3,market_item.xlsx|茶马古道|seller_raw:/shop/425667||market_item.xlsx|茶马古道|seller_raw:/shop/440200,zh_target_strict,train,negative,0,0.503307,0.229953,0,0,semantic_only,/shop/425667,/shop/440200
core_calibrated_bge_m3,market_item.xlsx|中文暗网交易市场|seller_raw:581460||market_item.xlsx|茶马古道|seller_raw:/shop/427282,zh_target_strict,train,negative,0,0.522445,0.323098,0,0,text_clone_primary,581460,/shop/427282
core_calibrated_bge_m3,market_item.xlsx|中文暗网交易市场|seller_raw:31252||market_item.xlsx|中文暗网交易市场|seller_raw:45139,zh_target_strict,train,negative,0,0.476893,0.135199,0,0,semantic_structural,31252,45139
core_calibrated_bge_m3,market_item.xlsx|中文暗网交易市场|seller_raw:26383||market_item.xlsx|茶马古道|seller_raw:/shop/404544,zh_target_strict,train,positive,1,0.476893,0.135199,0,0,semantic_only,26383,/shop/404544
core_calibrated_bge_m3,market_item.xlsx|中文暗网交易市场|seller_raw:39215||market_item.xlsx|中文暗网交易市场|seller_raw:99610,zh_target_strict,train,negative,0,0.476893,0.135199,0,0,semantic_structural,39215,99610
core_calibrated_bge_m3,market_item.xlsx|中文暗网交易市场|seller_raw:331032||market_item.xlsx|茶马古道|seller_raw:/shop/435993,zh_target_strict,train,negative,0,0.476893,0.135199,0,0,semantic_only,331032,/shop/435993
core_calibrated_bge_m3,market_item.xlsx|茶马古道|seller_raw:/shop/463435||market_item.xlsx|茶马古道|seller_raw:/shop/468839,zh_target_strict,train,negative,0,0.476893,0.135199,0,0,text_clone_primary,/shop/463435,/shop/468839
core_calibrated_bge_m3,market_item.xlsx|中文暗网交易市场|seller_raw:333110||market_item.xlsx|中文暗网交易市场|seller_raw:375149,zh_target_strict,train,positive,1,0.476893,0.135199,0,0,semantic_structural,333110,375149
core_calibrated_bge_m3,market_item.xlsx|中文暗网交易市场|seller_raw:566597||market_item.xlsx|中文暗网交易市场|seller_raw:581981,zh_target_strict,train,negative,0,0.489994,0.177322,0,0,semantic_only,566597,581981
core_calibrated_bge_m3,market_item.xlsx|茶马古道|seller_raw:/shop/422163||market_item.xlsx|茶马古道|seller_raw:/shop/5950,zh_target_strict,train,positive,1,0.476893,0.135199,0,0,semantic_structural,/shop/422163,/shop/5950
core_calibrated_bge_m3,market_item.xlsx|中文暗网交易市场|seller_raw:504138||market_item.xlsx|中文暗网交易市场|seller_raw:67272,zh_target_strict,train,negative,0,0.489994,0.177322,0,0,semantic_only,504138,67272
core_calibrated_bge_m3,market_item.xlsx|中文暗网交易市场|seller_raw:18224||market_item.xlsx|中文暗网交易市场|seller_raw:486915,zh_target_strict,train,negative,0,0.489994,0.177322,0,0,semantic_only,18224,486915
core_calibrated_bge_m3,market_item.xlsx|茶马古道|seller_raw:/shop/400324||market_item.xlsx|茶马古道|seller_raw:/shop/400380,zh_target_strict,train,positive,1,0.489994,0.177322,0,0,semantic_only,/shop/400324,/shop/400380
core_calibrated_bge_m3,market_item.xlsx|中文暗网交易市场|seller_raw:38978||market_item.xlsx|中文暗网交易市场|seller_raw:68788,zh_target_strict,train,negative,0,0.489994,0.177322,0,0,semantic_only,38978,68788
core_calibrated_bge_m3,market_item.xlsx|中文暗网交易市场|seller_raw:346677||market_item.xlsx|中文暗网交易市场|seller_raw:459538,zh_target_strict,train,negative,0,0.476893,0.135199,0,0,semantic_structural,346677,459538
core_calibrated_bge_m3,market_item.xlsx|中文暗网交易市场|seller_raw:210589||market_item.xlsx|中文暗网交易市场|seller_raw:346677,zh_target_strict,train,negative,0,0.476893,0.135199,0,0,semantic_structural,210589,346677
core_calibrated_bge_m3,market_item.xlsx|中文暗网交易市场|seller_raw:29159||market_item.xlsx|中文暗网交易市场|seller_raw:99610,zh_target_strict,train,negative,0,0.489994,0.177322,0,0,semantic_only,29159,99610
core_calibrated_bge_m3,market_item.xlsx|茶马古道|seller_raw:/shop/427282||market_item.xlsx|茶马古道|seller_raw:/shop/464140,zh_target_strict,train,negative,0,0.522445,0.323098,0,0,text_clone_primary,/shop/427282,/shop/464140
core_calibrated_bge_m3,market_item.xlsx|中文暗网交易市场|seller_raw:346677||market_item.xlsx|中文暗网交易市场|seller_raw:58949,zh_target_strict,train,negative,0,0.476893,0.135199,0,0,semantic_structural,346677,58949
core_calibrated_bge_m3,market_item.xlsx|中文暗网交易市场|seller_raw:41552||market_item.xlsx|茶马古道|seller_raw:/shop/411514,zh_target_strict,train,negative,0,0.476893,0.135199,0,0,semantic_only,41552,/shop/411514
core_calibrated_bge_m3,market_item.xlsx|茶马古道|seller_raw:/shop/393365||market_item.xlsx|茶马古道|seller_raw:/shop/441359,zh_target_strict,train,negative,0,0.489994,0.177322,0,0,semantic_only,/shop/393365,/shop/441359
core_calibrated_bge_m3,market_item.xlsx|中文暗网交易市场|seller_raw:562811||market_item.xlsx|茶马古道|seller_raw:/shop/398502,zh_target_strict,train,negative,0,0.522445,0.323098,0,0,text_clone_primary,562811,/shop/398502
core_calibrated_bge_m3,market_item.xlsx|茶马古道|seller_raw:/shop/406698||market_item.xlsx|茶马古道|seller_raw:/shop/590,zh_target_strict,train,negative,0,0.476893,0.135199,0,0,semantic_only,/shop/406698,/shop/590
core_calibrated_bge_m3,market_item.xlsx|中文暗网交易市场|seller_raw:44184||market_item.xlsx|茶马古道|seller_raw:/shop/424764,zh_target_strict,train,negative,0,0.503307,0.229953,0,0,text_clone_primary,44184,/shop/424764
core_calibrated_bge_m3,market_item.xlsx|中文暗网交易市场|seller_raw:29159||market_item.xlsx|中文暗网交易市场|seller_raw:31252,zh_target_strict,train,negative,0,0.489994,0.177322,0,0,semantic_only,29159,31252
core_calibrated_bge_m3,market_item.xlsx|茶马古道|seller_raw:/shop/395024||market_item.xlsx|茶马古道|seller_raw:/shop/407096,zh_target_strict,train,negative,0,0.476893,0.135199,0,0,semantic_only,/shop/395024,/shop/407096
core_calibrated_bge_m3,market_item.xlsx|中文暗网交易市场|seller_raw:346677||market_item.xlsx|中文暗网交易市场|seller_raw:470183,zh_target_strict,train,negative,0,0.476893,0.135199,0,0,semantic_structural,346677,470183
core_calibrated_bge_m3,market_item.xlsx|中文暗网交易市场|seller_raw:560066||market_item.xlsx|中文暗网交易市场|seller_raw:566597,zh_target_strict,train,negative,0,0.489994,0.177322,0,0,semantic_only,560066,566597
core_calibrated_bge_m3,market_item.xlsx|中文暗网交易市场|seller_raw:31252||market_item.xlsx|中文暗网交易市场|seller_raw:68788,zh_target_strict,train,negative,0,0.489994,0.177322,0,0,semantic_only,31252,68788
core_calibrated_bge_m3,market_item.xlsx|中文暗网交易市场|seller_raw:264776||market_item.xlsx|茶马古道|seller_raw:/shop/385,zh_target_strict,train,positive,1,0.503307,0.229953,0,0,semantic_only,264776,/shop/385
core_calibrated_bge_m3,market_item.xlsx|茶马古道|seller_raw:/shop/417184||market_item.xlsx|茶马古道|seller_raw:/shop/643,zh_target_strict,train,negative,0,0.489994,0.177322,0,0,semantic_only,/shop/417184,/shop/643
core_calibrated_bge_m3,market_item.xlsx|茶马古道|seller_raw:/shop/394332||market_item.xlsx|茶马古道|seller_raw:/shop/418024,zh_target_strict,train,negative,0,0.476893,0.135199,0,0,semantic_only,/shop/394332,/shop/418024
core_calibrated_bge_m3,market_item.xlsx|茶马古道|seller_raw:/shop/421560||market_item.xlsx|茶马古道|seller_raw:/shop/458931,zh_target_strict,train,positive,1,0.489994,0.177322,0,0,semantic_only,/shop/421560,/shop/458931
core_calibrated_bge_m3,market_item.xlsx|中文暗网交易市场|seller_raw:30720||market_item.xlsx|中文暗网交易市场|seller_raw:59280,zh_target_strict,train,negative,0,0.476893,0.135199,0,0,semantic_only,30720,59280
core_calibrated_bge_m3,market_item.xlsx|中文暗网交易市场|seller_raw:19453||market_item.xlsx|中文暗网交易市场|seller_raw:55721,zh_target_strict,train,negative,0,0.489994,0.177322,0,0,semantic_only,19453,55721
core_calibrated_bge_m3,market_item.xlsx|茶马古道|seller_raw:/shop/425485||market_item.xlsx|茶马古道|seller_raw:/shop/451071,zh_target_strict,train,negative,0,0.476893,0.135199,0,0,semantic_only,/shop/425485,/shop/451071
core_calibrated_bge_m3,market_item.xlsx|中文暗网交易市场|seller_raw:482639||market_item.xlsx|茶马古道|seller_raw:/shop/425743,zh_target_strict,train,negative,0,0.522445,0.323098,0,0,text_clone_primary,482639,/shop/425743
core_calibrated_bge_m3,market_item.xlsx|中文暗网交易市场|seller_raw:582675||market_item.xlsx|茶马古道|seller_raw:/shop/426103,zh_target_strict,train,negative,0,0.522445,0.323098,0,0,text_clone_primary,582675,/shop/426103
core_calibrated_bge_m3,market_item.xlsx|中文暗网交易市场|seller_raw:29159||market_item.xlsx|中文暗网交易市场|seller_raw:45139,zh_target_strict,train,negative,0,0.489994,0.177322,0,0,semantic_only,29159,45139
core_calibrated_bge_m3,market_item.xlsx|中文暗网交易市场|seller_raw:565149||market_item.xlsx|中文暗网交易市场|seller_raw:567845,zh_target_strict,train,negative,0,0.476893,0.135199,0,0,semantic_structural,565149,567845
core_calibrated_bge_m3,market_item.xlsx|中文暗网交易市场|seller_raw:365633||market_item.xlsx|中文暗网交易市场|seller_raw:68788,zh_target_strict,train,negative,0,0.489994,0.177322,0,0,semantic_only,365633,68788
core_calibrated_bge_m3,market_item.xlsx|中文暗网交易市场|seller_raw:29159||market_item.xlsx|中文暗网交易市场|seller_raw:365633,zh_target_strict,train,negative,0,0.489994,0.177322,0,0,semantic_only,29159,365633
core_calibrated_bge_m3,market_item.xlsx|茶马古道|seller_raw:/shop/460561||market_item.xlsx|茶马古道|seller_raw:/shop/468677,zh_target_strict,train,positive,1,0.476893,0.135199,0,0,semantic_structural,/shop/460561,/shop/468677
core_calibrated_bge_m3,market_item.xlsx|中文暗网交易市场|seller_raw:342077||market_item.xlsx|茶马古道|seller_raw:/shop/449476,zh_target_strict,train,positive,1,0.476893,0.135199,0,0,semantic_only,342077,/shop/449476
core_calibrated_bge_m3,market_item.xlsx|茶马古道|seller_raw:/shop/271||market_item.xlsx|茶马古道|seller_raw:/shop/406589,zh_target_strict,train,negative,0,0.476893,0.135199,0,0,semantic_only,/shop/271,/shop/406589
core_calibrated_bge_m3,market_item.xlsx|茶马古道|seller_raw:/shop/418396||market_item.xlsx|茶马古道|seller_raw:/shop/437662,zh_target_strict,train,negative,0,0.489994,0.177322,0,0,semantic_only,/shop/418396,/shop/437662
core_calibrated_bge_m3,market_item.xlsx|中文暗网交易市场|seller_raw:428374||market_item.xlsx|中文暗网交易市场|seller_raw:517245,zh_target_strict,train,negative,0,0.489994,0.177322,0,0,semantic_only,428374,517245
core_calibrated_bge_m3,market_item.xlsx|中文暗网交易市场|seller_raw:509681||market_item.xlsx|茶马古道|seller_raw:/shop/411384,zh_target_strict,train,negative,0,0.476893,0.135199,0,0,semantic_only,509681,/shop/411384
core_calibrated_bge_m3,market_item.xlsx|中文暗网交易市场|seller_raw:582052||market_item.xlsx|茶马古道|seller_raw:/shop/426103,zh_target_strict,train,negative,0,0.522445,0.323098,0,0,text_clone_primary,582052,/shop/426103
core_calibrated_bge_m3,market_item.xlsx|中文暗网交易市场|seller_raw:19730||market_item.xlsx|茶马古道|seller_raw:/shop/462,zh_target_strict,train,negative,0,0.476893,0.135199,0,0,semantic_only,19730,/shop/462
core_calibrated_bge_m3,market_item.xlsx|中文暗网交易市场|seller_raw:548133||market_item.xlsx|中文暗网交易市场|seller_raw:596616,zh_target_strict,train,negative,0,0.489994,0.177322,0,0,semantic_only,548133,596616
core_calibrated_bge_m3,market_item.xlsx|中文暗网交易市场|seller_raw:238529||market_item.xlsx|中文暗网交易市场|seller_raw:518336,zh_target_strict,train,negative,0,0.489994,0.177322,0,0,semantic_only,238529,518336
core_calibrated_bge_m3,market_item.xlsx|中文暗网交易市场|seller_raw:590580||market_item.xlsx|茶马古道|seller_raw:/shop/432473,zh_target_strict,train,negative,0,0.522445,0.323098,0,0,text_clone_primary,590580,/shop/432473
core_calibrated_bge_m3,market_item.xlsx|中文暗网交易市场|seller_raw:60395||market_item.xlsx|茶马古道|seller_raw:/shop/438114,zh_target_strict,train,negative,0,0.476893,0.135199,0,0,semantic_only,60395,/shop/438114
core_calibrated_bge_m3,market_item.xlsx|中文暗网交易市场|seller_raw:560748||market_item.xlsx|茶马古道|seller_raw:/shop/406520,zh_target_strict,train,negative,0,0.522445,0.323098,0,0,text_clone_primary,560748,/shop/406520
core_calibrated_bge_m3,market_item.xlsx|中文暗网交易市场|seller_raw:17352||market_item.xlsx|中文暗网交易市场|seller_raw:34364,zh_target_strict,train,positive,1,0.476893,0.135199,0,0,semantic_only,17352,34364
core_calibrated_bge_m3,market_item.xlsx|中文暗网交易市场|seller_raw:70179||market_item.xlsx|茶马古道|seller_raw:/shop/434444,zh_target_strict,train,negative,0,0.476893,0.135199,0,0,semantic_only,70179,/shop/434444
core_calibrated_bge_m3,market_item.xlsx|茶马古道|seller_raw:/shop/412286||market_item.xlsx|茶马古道|seller_raw:/shop/415109,zh_target_strict,train,negative,0,0.503307,0.229953,0,0,semantic_only,/shop/412286,/shop/415109
core_calibrated_bge_m3,market_item.xlsx|中文暗网交易市场|seller_raw:67829||market_item.xlsx|茶马古道|seller_raw:/shop/267,zh_target_strict,train,negative,0,0.476893,0.135199,0,0,semantic_only,67829,/shop/267
core_calibrated_bge_m3,market_item.xlsx|中文暗网交易市场|seller_raw:38978||market_item.xlsx|中文暗网交易市场|seller_raw:504138,zh_target_strict,train,negative,0,0.489994,0.177322,0,0,semantic_only,38978,504138
core_calibrated_bge_m3,market_item.xlsx|茶马古道|seller_raw:/shop/406486||market_item.xlsx|茶马古道|seller_raw:/shop/407157,zh_target_strict,train,positive,1,0.489994,0.177322,0,0,semantic_only,/shop/406486,/shop/407157
core_calibrated_bge_m3,market_item.xlsx|中文暗网交易市场|seller_raw:39061||market_item.xlsx|茶马古道|seller_raw:/shop/1880,zh_target_strict,train,negative,0,0.503307,0.229953,0,0,text_clone_primary,39061,/shop/1880
core_calibrated_bge_m3,market_item.xlsx|中文暗网交易市场|seller_raw:443620||market_item.xlsx|茶马古道|seller_raw:/shop/824,zh_target_strict,train,positive,1,0.503307,0.229953,0,0,semantic_only,443620,/shop/824
core_calibrated_bge_m3,market_item.xlsx|中文暗网交易市场|seller_raw:591680||market_item.xlsx|茶马古道|seller_raw:/shop/427282,zh_target_strict,train,negative,0,0.503307,0.229953,0,0,semantic_only,591680,/shop/427282
core_calibrated_bge_m3,market_item.xlsx|中文暗网交易市场|seller_raw:491210||market_item.xlsx|中文暗网交易市场|seller_raw:519199,zh_target_strict,train,negative,0,0.489994,0.177322,0,0,text_clone_primary,491210,519199
core_calibrated_bge_m3,market_item.xlsx|中文暗网交易市场|seller_raw:514214||market_item.xlsx|茶马古道|seller_raw:/shop/397707,zh_target_strict,train,negative,0,0.522445,0.323098,0,0,text_clone_primary,514214,/shop/397707
core_calibrated_bge_m3,market_item.xlsx|中文暗网交易市场|seller_raw:548133||market_item.xlsx|中文暗网交易市场|seller_raw:596705,zh_target_strict,train,negative,0,0.489994,0.177322,0,0,semantic_only,548133,596705
core_calibrated_bge_m3,market_item.xlsx|中文暗网交易市场|seller_raw:238529||market_item.xlsx|中文暗网交易市场|seller_raw:596705,zh_target_strict,train,negative,0,0.476893,0.135199,0,0,semantic_structural,238529,596705
core_calibrated_bge_m3,market_item.xlsx|茶马古道|seller_raw:/shop/2569||market_item.xlsx|茶马古道|seller_raw:/shop/609,zh_target_strict,train,negative,0,0.476893,0.135199,0,0,semantic_only,/shop/2569,/shop/609
core_calibrated_bge_m3,market_item.xlsx|中文暗网交易市场|seller_raw:459538||market_item.xlsx|中文暗网交易市场|seller_raw:470183,zh_target_strict,train,negative,0,0.476893,0.135199,0,0,semantic_structural,459538,470183
core_calibrated_bge_m3,market_item.xlsx|茶马古道|seller_raw:/shop/442518||market_item.xlsx|茶马古道|seller_raw:/shop/451126,zh_target_strict,train,negative,0,0.489994,0.177322,0,0,text_clone_primary,/shop/442518,/shop/451126
core_calibrated_bge_m3,market_item.xlsx|中文暗网交易市场|seller_raw:56808||market_item.xlsx|中文暗网交易市场|seller_raw:99610,zh_target_strict,train,negative,0,0.476893,0.135199,0,0,semantic_structural,56808,99610
core_calibrated_bge_m3,market_item.xlsx|茶马古道|seller_raw:/shop/448451||market_item.xlsx|茶马古道|seller_raw:/shop/463435,zh_target_strict,train,negative,0,0.489994,0.177322,0,0,text_clone_primary,/shop/448451,/shop/463435
core_calibrated_bge_m3,market_item.xlsx|中文暗网交易市场|seller_raw:640668||market_item.xlsx|茶马古道|seller_raw:/shop/228,zh_target_strict,train,negative,0,0.476893,0.135199,0,0,semantic_only,640668,/shop/228
core_calibrated_bge_m3,market_item.xlsx|茶马古道|seller_raw:/shop/448451||market_item.xlsx|茶马古道|seller_raw:/shop/468839,zh_target_strict,train,negative,0,0.489994,0.177322,0,0,text_clone_primary,/shop/448451,/shop/468839
core_calibrated_bge_m3,market_item.xlsx|中文暗网交易市场|seller_raw:526920||market_item.xlsx|中文暗网交易市场|seller_raw:548133,zh_target_strict,train,negative,0,0.489994,0.177322,0,0,semantic_only,526920,548133
core_calibrated_bge_m3,market_item.xlsx|中文暗网交易市场|seller_raw:581623||market_item.xlsx|茶马古道|seller_raw:/shop/425704,zh_target_strict,train,negative,0,0.522445,0.323098,0,0,text_clone_primary,581623,/shop/425704
core_calibrated_bge_m3,market_item.xlsx|中文暗网交易市场|seller_raw:31252||market_item.xlsx|中文暗网交易市场|seller_raw:56808,zh_target_strict,train,negative,0,0.476893,0.135199,0,0,semantic_structural,31252,56808
core_calibrated_bge_m3,market_item.xlsx|茶马古道|seller_raw:/shop/418985||market_item.xlsx|茶马古道|seller_raw:/shop/439702,zh_target_strict,train,negative,0,0.503307,0.229953,0,0,semantic_only,/shop/418985,/shop/439702
core_calibrated_bge_m3,market_item.xlsx|中文暗网交易市场|seller_raw:596705||market_item.xlsx|中文暗网交易市场|seller_raw:68788,zh_target_strict,train,negative,0,0.489994,0.177322,0,0,semantic_only,596705,68788
core_calibrated_bge_m3,market_item.xlsx|中文暗网交易市场|seller_raw:581460||market_item.xlsx|茶马古道|seller_raw:/shop/425704,zh_target_strict,train,negative,0,0.522445,0.323098,0,0,text_clone_primary,581460,/shop/425704
core_calibrated_bge_m3,market_item.xlsx|中文暗网交易市场|seller_raw:536419||market_item.xlsx|茶马古道|seller_raw:/shop/397527,zh_target_strict,train,negative,0,0.522445,0.323098,0,0,text_clone_primary,536419,/shop/397527
core_calibrated_bge_m3,market_item.xlsx|中文暗网交易市场|seller_raw:448685||market_item.xlsx|茶马古道|seller_raw:/shop/393415,zh_target_strict,train,negative,0,0.503307,0.229953,0,0,semantic_only,448685,/shop/393415
core_calibrated_bge_m3,market_item.xlsx|中文暗网交易市场|seller_raw:507092||market_item.xlsx|中文暗网交易市场|seller_raw:588888,zh_target_strict,train,positive,1,0.489994,0.177322,0,0,semantic_only,507092,588888
core_calibrated_bge_m3,market_item.xlsx|中文暗网交易市场|seller_raw:560066||market_item.xlsx|中文暗网交易市场|seller_raw:596705,zh_target_strict,train,negative,0,0.489994,0.177322,0,0,semantic_only,560066,596705
core_calibrated_bge_m3,market_item.xlsx|中文暗网交易市场|seller_raw:561483||market_item.xlsx|茶马古道|seller_raw:/shop/406520,zh_target_strict,train,negative,0,0.522445,0.323098,0,0,text_clone_primary,561483,/shop/406520
core_calibrated_bge_m3,market_item.xlsx|中文暗网交易市场|seller_raw:554409||market_item.xlsx|中文暗网交易市场|seller_raw:565148,zh_target_strict,train,negative,0,0.489994,0.177322,0,0,semantic_only,554409,565148
core_calibrated_bge_m3,market_item.xlsx|茶马古道|seller_raw:/shop/444945||market_item.xlsx|茶马古道|seller_raw:/shop/8633,zh_target_strict,train,negative,0,0.503307,0.229953,0,0,semantic_only,/shop/444945,/shop/8633
core_calibrated_bge_m3,market_item.xlsx|茶马古道|seller_raw:/shop/411660||market_item.xlsx|茶马古道|seller_raw:/shop/427466,zh_target_strict,train,negative,0,0.489994,0.177322,0,0,semantic_only,/shop/411660,/shop/427466
core_calibrated_bge_m3,market_item.xlsx|茶马古道|seller_raw:/shop/414641||market_item.xlsx|茶马古道|seller_raw:/shop/420427,zh_target_strict,train,negative,0,0.489994,0.177322,0,0,semantic_only,/shop/414641,/shop/420427
core_calibrated_bge_m3,market_item.xlsx|茶马古道|seller_raw:/shop/418985||market_item.xlsx|茶马古道|seller_raw:/shop/423102,zh_target_strict,train,negative,0,0.489994,0.177322,0,0,semantic_only,/shop/418985,/shop/423102
core_calibrated_bge_m3,market_item.xlsx|中文暗网交易市场|seller_raw:11929||market_item.xlsx|茶马古道|seller_raw:/shop/465096,zh_target_strict,train,negative,0,0.476893,0.135199,0,0,semantic_only,11929,/shop/465096
core_calibrated_bge_m3,market_item.xlsx|中文暗网交易市场|seller_raw:470183||market_item.xlsx|中文暗网交易市场|seller_raw:554409,zh_target_strict,train,negative,0,0.489994,0.177322,0,0,semantic_only,470183,554409
core_calibrated_bge_m3,market_item.xlsx|中文暗网交易市场|seller_raw:505805||market_item.xlsx|中文暗网交易市场|seller_raw:533980,zh_target_strict,train,negative,0,0.489994,0.177322,0,0,semantic_only,505805,533980
core_calibrated_bge_m3,market_item.xlsx|中文暗网交易市场|seller_raw:39516||market_item.xlsx|中文暗网交易市场|seller_raw:64954,zh_target_strict,train,positive,1,0.476893,0.135199,0,0,semantic_only,39516,64954
core_calibrated_bge_m3,market_item.xlsx|中文暗网交易市场|seller_raw:554409||market_item.xlsx|中文暗网交易市场|seller_raw:591680,zh_target_strict,train,negative,0,0.489994,0.177322,0,0,semantic_only,554409,591680
core_calibrated_bge_m3,market_item.xlsx|茶马古道|seller_raw:/shop/394618||market_item.xlsx|茶马古道|seller_raw:/shop/429331,zh_target_strict,train,negative,0,0.476893,0.135199,0,0,semantic_only,/shop/394618,/shop/429331
core_calibrated_bge_m3,market_item.xlsx|中文暗网交易市场|seller_raw:238529||market_item.xlsx|茶马古道|seller_raw:/shop/441156,zh_target_strict,train,negative,0,0.476893,0.135199,0,0,semantic_only,238529,/shop/441156
core_calibrated_bge_m3,market_item.xlsx|中文暗网交易市场|seller_raw:54503||market_item.xlsx|中文暗网交易市场|seller_raw:576252,zh_target_strict,train,negative,0,0.476893,0.135199,0,0,semantic_only,54503,576252
core_calibrated_bge_m3,market_item.xlsx|茶马古道|seller_raw:/shop/441020||market_item.xlsx|茶马古道|seller_raw:/shop/451007,zh_target_strict,train,negative,0,0.489994,0.177322,0,0,semantic_only,/shop/441020,/shop/451007
core_calibrated_bge_m3,market_item.xlsx|茶马古道|seller_raw:/shop/427282||market_item.xlsx|茶马古道|seller_raw:/shop/436862,zh_target_strict,train,negative,0,0.489994,0.177322,0,0,semantic_structural,/shop/427282,/shop/436862
core_calibrated_bge_m3,market_item.xlsx|中文暗网交易市场|seller_raw:161115||market_item.xlsx|茶马古道|seller_raw:/shop/405740,zh_target_strict,train,negative,0,0.522445,0.323098,0,0,text_clone_primary,161115,/shop/405740
core_calibrated_bge_m3,market_item.xlsx|中文暗网交易市场|seller_raw:59293||market_item.xlsx|茶马古道|seller_raw:/shop/467746,zh_target_strict,train,negative,0,0.503307,0.229953,0,0,semantic_only,59293,/shop/467746
core_calibrated_bge_m3,market_item.xlsx|中文暗网交易市场|seller_raw:39215||market_item.xlsx|中文暗网交易市场|seller_raw:526920,zh_target_strict,train,negative,0,0.476893,0.135199,0,0,semantic_structural,39215,526920
core_calibrated_bge_m3,market_item.xlsx|中文暗网交易市场|seller_raw:238529||market_item.xlsx|中文暗网交易市场|seller_raw:596616,zh_target_strict,train,negative,0,0.476893,0.135199,0,0,semantic_structural,238529,596616
core_calibrated_bge_m3,market_item.xlsx|中文暗网交易市场|seller_raw:540313||market_item.xlsx|茶马古道|seller_raw:/shop/434041,zh_target_strict,train,positive,1,0.503307,0.229953,0,0,semantic_only,540313,/shop/434041
core_calibrated_bge_m3,market_item.xlsx|中文暗网交易市场|seller_raw:238529||market_item.xlsx|中文暗网交易市场|seller_raw:550208,zh_target_strict,train,negative,0,0.489994,0.177322,0,0,semantic_only,238529,550208
core_calibrated_bge_m3,market_item.xlsx|中文暗网交易市场|seller_raw:39215||market_item.xlsx|中文暗网交易市场|seller_raw:51690,zh_target_strict,train,negative,0,0.489994,0.177322,0,0,semantic_only,39215,51690
core_calibrated_bge_m3,market_item.xlsx|中文暗网交易市场|seller_raw:555223||market_item.xlsx|茶马古道|seller_raw:/shop/406520,zh_target_strict,train,negative,0,0.522445,0.323098,0,0,text_clone_primary,555223,/shop/406520
core_calibrated_bge_m3,market_item.xlsx|茶马古道|seller_raw:/shop/440178||market_item.xlsx|茶马古道|seller_raw:/shop/441616,zh_target_strict,train,negative,0,0.503307,0.229953,0,0,text_clone_primary,/shop/440178,/shop/441616
core_calibrated_bge_m3,market_item.xlsx|中文暗网交易市场|seller_raw:312123||market_item.xlsx|中文暗网交易市场|seller_raw:346677,zh_target_strict,train,negative,0,0.476893,0.135199,0,0,semantic_structural,312123,346677
core_calibrated_bge_m3,market_item.xlsx|中文暗网交易市场|seller_raw:14194||market_item.xlsx|中文暗网交易市场|seller_raw:30324,zh_target_strict,train,negative,0,0.489994,0.177322,0,0,semantic_only,14194,30324
core_calibrated_bge_m3,market_item.xlsx|中文暗网交易市场|seller_raw:307790||market_item.xlsx|茶马古道|seller_raw:/shop/417610,zh_target_strict,train,negative,0,0.522445,0.323098,0,0,text_clone_primary,307790,/shop/417610
core_calibrated_bge_m3,market_item.xlsx|中文暗网交易市场|seller_raw:48851||market_item.xlsx|茶马古道|seller_raw:/shop/395223,zh_target_strict,train,negative,0,0.476893,0.135199,0,0,semantic_only,48851,/shop/395223
core_calibrated_bge_m3,market_item.xlsx|中文暗网交易市场|seller_raw:24341||market_item.xlsx|茶马古道|seller_raw:/shop/394794,zh_target_strict,train,negative,0,0.476893,0.135199,0,0,semantic_only,24341,/shop/394794
core_calibrated_bge_m3,market_item.xlsx|中文暗网交易市场|seller_raw:492600||market_item.xlsx|中文暗网交易市场|seller_raw:496475,zh_target_strict,train,negative,0,0.489994,0.177322,0,0,text_clone_primary,492600,496475
core_calibrated_bge_m3,market_item.xlsx|茶马古道|seller_raw:/shop/4165||market_item.xlsx|茶马古道|seller_raw:/shop/451126,zh_target_strict,train,negative,0,0.489994,0.177322,0,0,text_clone_primary,/shop/4165,/shop/451126
core_calibrated_bge_m3,market_item.xlsx|中文暗网交易市场|seller_raw:489129||market_item.xlsx|中文暗网交易市场|seller_raw:55721,zh_target_strict,train,negative,0,0.489994,0.177322,0,0,semantic_only,489129,55721
core_calibrated_bge_m3,market_item.xlsx|中文暗网交易市场|seller_raw:29205||market_item.xlsx|中文暗网交易市场|seller_raw:99610,zh_target_strict,train,negative,0,0.476893,0.135199,0,0,semantic_structural,29205,99610
core_calibrated_bge_m3,market_item.xlsx|中文暗网交易市场|seller_raw:389356||market_item.xlsx|茶马古道|seller_raw:/shop/404336,zh_target_strict,train,negative,0,0.476893,0.135199,0,0,semantic_only,389356,/shop/404336
core_calibrated_bge_m3,market_item.xlsx|中文暗网交易市场|seller_raw:514819||market_item.xlsx|中文暗网交易市场|seller_raw:640120,zh_target_strict,train,negative,0,0.489994,0.177322,0,0,text_clone_primary,514819,640120
core_calibrated_bge_m3,market_item.xlsx|茶马古道|seller_raw:/shop/461297||market_item.xlsx|茶马古道|seller_raw:/shop/8466,zh_target_strict,train,positive,1,0.489994,0.177322,0,0,semantic_only,/shop/461297,/shop/8466
core_calibrated_bge_m3,market_item.xlsx|中文暗网交易市场|seller_raw:34151||market_item.xlsx|中文暗网交易市场|seller_raw:42789,zh_target_strict,train,negative,0,0.489994,0.177322,0,0,semantic_only,34151,42789
core_calibrated_bge_m3,market_item.xlsx|中文暗网交易市场|seller_raw:459538||market_item.xlsx|中文暗网交易市场|seller_raw:596616,zh_target_strict,train,negative,0,0.476893,0.135199,0,0,semantic_structural,459538,596616
core_calibrated_bge_m3,market_item.xlsx|中文暗网交易市场|seller_raw:554409||market_item.xlsx|中文暗网交易市场|seller_raw:596705,zh_target_strict,train,negative,0,0.489994,0.177322,0,0,semantic_only,554409,596705
core_calibrated_bge_m3,market_item.xlsx|中文暗网交易市场|seller_raw:31252||market_item.xlsx|中文暗网交易市场|seller_raw:586003,zh_target_strict,train,negative,0,0.476893,0.135199,0,0,semantic_structural,31252,586003
core_calibrated_bge_m3,market_item.xlsx|中文暗网交易市场|seller_raw:489129||market_item.xlsx|中文暗网交易市场|seller_raw:67272,zh_target_strict,train,negative,0,0.489994,0.177322,0,0,semantic_only,489129,67272
core_calibrated_bge_m3,market_item.xlsx|中文暗网交易市场|seller_raw:592056||market_item.xlsx|茶马古道|seller_raw:/shop/406792,zh_target_strict,train,negative,0,0.476893,0.135199,0,0,text_clone_primary,592056,/shop/406792
core_calibrated_bge_m3,market_item.xlsx|茶马古道|seller_raw:/shop/452993||market_item.xlsx|茶马古道|seller_raw:/shop/458726,zh_target_strict,train,negative,0,0.503307,0.229953,0,0,semantic_only,/shop/452993,/shop/458726
core_calibrated_bge_m3,market_item.xlsx|中文暗网交易市场|seller_raw:569522||market_item.xlsx|茶马古道|seller_raw:/shop/431673,zh_target_strict,train,negative,0,0.503307,0.229953,0,0,semantic_only,569522,/shop/431673
core_calibrated_bge_m3,market_item.xlsx|中文暗网交易市场|seller_raw:566597||market_item.xlsx|中文暗网交易市场|seller_raw:68788,zh_target_strict,train,negative,0,0.489994,0.177322,0,0,semantic_only,566597,68788
core_calibrated_bge_m3,market_item.xlsx|中文暗网交易市场|seller_raw:516687||market_item.xlsx|茶马古道|seller_raw:/shop/393476,zh_target_strict,train,positive,1,0.503307,0.229953,0,0,semantic_only,516687,/shop/393476
core_calibrated_bge_m3,market_item.xlsx|中文暗网交易市场|seller_raw:37633||market_item.xlsx|中文暗网交易市场|seller_raw:39400,zh_target_strict,train,negative,0,0.489994,0.177322,0,0,semantic_only,37633,39400
core_calibrated_bge_m3,market_item.xlsx|茶马古道|seller_raw:/shop/425704||market_item.xlsx|茶马古道|seller_raw:/shop/427282,zh_target_strict,train,negative,0,0.489994,0.177322,0,0,text_clone_primary,/shop/425704,/shop/427282
core_calibrated_bge_m3,market_item.xlsx|茶马古道|seller_raw:/shop/442464||market_item.xlsx|茶马古道|seller_raw:/shop/445,zh_target_strict,train,negative,0,0.503307,0.229953,0,0,semantic_only,/shop/442464,/shop/445
core_calibrated_bge_m3,market_item.xlsx|茶马古道|seller_raw:/shop/422791||market_item.xlsx|茶马古道|seller_raw:/shop/445671,zh_target_strict,train,negative,0,0.489994,0.177322,0,0,semantic_only,/shop/422791,/shop/445671
core_calibrated_bge_m3,market_item.xlsx|中文暗网交易市场|seller_raw:612390||market_item.xlsx|中文暗网交易市场|seller_raw:64195,zh_target_strict,train,negative,0,0.476893,0.135199,0,0,semantic_structural,612390,64195
core_calibrated_bge_m3,market_item.xlsx|中文暗网交易市场|seller_raw:29205||market_item.xlsx|中文暗网交易市场|seller_raw:31252,zh_target_strict,train,negative,0,0.476893,0.135199,0,0,semantic_structural,29205,31252
core_calibrated_bge_m3,market_item.xlsx|茶马古道|seller_raw:/shop/4165||market_item.xlsx|茶马古道|seller_raw:/shop/442518,zh_target_strict,train,negative,0,0.489994,0.177322,0,0,text_clone_primary,/shop/4165,/shop/442518
core_calibrated_bge_m3,market_item.xlsx|茶马古道|seller_raw:/shop/406792||market_item.xlsx|茶马古道|seller_raw:/shop/433442,zh_target_strict,train,negative,0,0.476893,0.135199,0,0,text_clone_primary,/shop/406792,/shop/433442
core_calibrated_bge_m3,market_item.xlsx|中文暗网交易市场|seller_raw:54503||market_item.xlsx|茶马古道|seller_raw:/shop/437369,zh_target_strict,train,negative,0,0.476893,0.135199,0,0,semantic_only,54503,/shop/437369
core_calibrated_bge_m3,market_item.xlsx|中文暗网交易市场|seller_raw:20382||market_item.xlsx|中文暗网交易市场|seller_raw:45235,zh_target_strict,train,negative,0,0.489994,0.177322,0,0,semantic_only,20382,45235
core_calibrated_bge_m3,market_item.xlsx|中文暗网交易市场|seller_raw:46424||market_item.xlsx|中文暗网交易市场|seller_raw:48067,zh_target_strict,train,negative,0,0.503307,0.229953,0,0,semantic_only,46424,48067
core_calibrated_bge_m3,market_item.xlsx|中文暗网交易市场|seller_raw:24172||market_item.xlsx|茶马古道|seller_raw:/shop/406711,zh_target_strict,train,negative,0,0.503307,0.229953,0,0,semantic_only,24172,/shop/406711
core_calibrated_bge_m3,market_item.xlsx|中文暗网交易市场|seller_raw:311141||market_item.xlsx|茶马古道|seller_raw:/shop/427472,zh_target_strict,train,positive,1,0.476893,0.135199,0,0,semantic_only,311141,/shop/427472
core_calibrated_bge_m3,market_item.xlsx|中文暗网交易市场|seller_raw:536401||market_item.xlsx|茶马古道|seller_raw:/shop/442847,zh_target_strict,train,positive,1,0.476893,0.135199,0,0,semantic_only,536401,/shop/442847
core_calibrated_bge_m3,market_item.xlsx|中文暗网交易市场|seller_raw:512254||market_item.xlsx|茶马古道|seller_raw:/shop/423073,zh_target_strict,train,negative,0,0.476893,0.135199,0,0,semantic_only,512254,/shop/423073
core_calibrated_bge_m3,market_item.xlsx|中文暗网交易市场|seller_raw:17231||market_item.xlsx|中文暗网交易市场|seller_raw:56808,zh_target_strict,train,negative,0,0.476893,0.135199,0,0,semantic_structural,17231,56808
core_calibrated_bge_m3,market_item.xlsx|中文暗网交易市场|seller_raw:471824||market_item.xlsx|茶马古道|seller_raw:/shop/7611,zh_target_strict,train,negative,0,0.503307,0.229953,0,0,semantic_only,471824,/shop/7611
core_calibrated_bge_m3,market_item.xlsx|中文暗网交易市场|seller_raw:581978||market_item.xlsx|茶马古道|seller_raw:/shop/464140,zh_target_strict,train,positive,1,0.476893,0.135199,0,0,semantic_only,581978,/shop/464140
core_calibrated_bge_m3,market_item.xlsx|茶马古道|seller_raw:/shop/427847||market_item.xlsx|茶马古道|seller_raw:/shop/466436,zh_target_strict,train,negative,0,0.476893,0.135199,0,0,semantic_structural,/shop/427847,/shop/466436
core_calibrated_bge_m3,market_item.xlsx|中文暗网交易市场|seller_raw:548133||market_item.xlsx|茶马古道|seller_raw:/shop/454152,zh_target_strict,train,positive,1,0.503307,0.229953,0,0,semantic_only,548133,/shop/454152
core_calibrated_bge_m3,market_item.xlsx|中文暗网交易市场|seller_raw:74774||market_item.xlsx|茶马古道|seller_raw:/shop/406711,zh_target_strict,train,negative,0,0.503307,0.229953,0,0,semantic_only,74774,/shop/406711
core_calibrated_bge_m3,market_item.xlsx|中文暗网交易市场|seller_raw:37633||market_item.xlsx|茶马古道|seller_raw:/shop/453513,zh_target_strict,train,negative,0,0.503307,0.229953,0,0,semantic_only,37633,/shop/453513
core_calibrated_bge_m3,market_item.xlsx|中文暗网交易市场|seller_raw:206750||market_item.xlsx|茶马古道|seller_raw:/shop/7343,zh_target_strict,train,negative,0,0.476893,0.135199,0,0,semantic_only,206750,/shop/7343
core_calibrated_bge_m3,market_item.xlsx|中文暗网交易市场|seller_raw:24172||market_item.xlsx|茶马古道|seller_raw:/shop/413191,zh_target_strict,train,negative,0,0.503307,0.229953,0,0,semantic_only,24172,/shop/413191
core_calibrated_bge_m3,market_item.xlsx|中文暗网交易市场|seller_raw:238529||market_item.xlsx|中文暗网交易市场|seller_raw:531087,zh_target_strict,train,negative,0,0.476893,0.135199,0,0,semantic_structural,238529,531087
core_calibrated_bge_m3,market_item.xlsx|中文暗网交易市场|seller_raw:29159||market_item.xlsx|茶马古道|seller_raw:/shop/397874,zh_target_strict,train,negative,0,0.503307,0.229953,0,0,semantic_only,29159,/shop/397874
core_calibrated_bge_m3,market_item.xlsx|茶马古道|seller_raw:/shop/405043||market_item.xlsx|茶马古道|seller_raw:/shop/417919,zh_target_strict,train,negative,0,0.503307,0.229953,0,0,semantic_only,/shop/405043,/shop/417919
core_calibrated_bge_m3,market_item.xlsx|中文暗网交易市场|seller_raw:74774||market_item.xlsx|茶马古道|seller_raw:/shop/413191,zh_target_strict,train,negative,0,0.503307,0.229953,0,0,semantic_only,74774,/shop/413191
core_calibrated_bge_m3,market_item.xlsx|中文暗网交易市场|seller_raw:14549||market_item.xlsx|茶马古道|seller_raw:/shop/397434,zh_target_strict,train,negative,0,0.503307,0.229953,0,0,semantic_only,14549,/shop/397434
core_calibrated_bge_m3,market_item.xlsx|中文暗网交易市场|seller_raw:586003||market_item.xlsx|中文暗网交易市场|seller_raw:99610,zh_target_strict,train,negative,0,0.476893,0.135199,0,0,semantic_structural,586003,99610
core_calibrated_bge_m3,market_item.xlsx|中文暗网交易市场|seller_raw:238529||market_item.xlsx|茶马古道|seller_raw:/shop/451633,zh_target_strict,train,negative,0,0.476893,0.135199,0,0,semantic_only,238529,/shop/451633
core_calibrated_bge_m3,market_item.xlsx|中文暗网交易市场|seller_raw:36627||market_item.xlsx|茶马古道|seller_raw:/shop/461599,zh_target_strict,train,negative,0,0.503307,0.229953,0,0,semantic_only,36627,/shop/461599
core_calibrated_bge_m3,market_item.xlsx|中文暗网交易市场|seller_raw:591680||market_item.xlsx|茶马古道|seller_raw:/shop/449048,zh_target_strict,train,negative,0,0.503307,0.229953,0,0,semantic_only,591680,/shop/449048
core_calibrated_bge_m3,market_item.xlsx|中文暗网交易市场|seller_raw:26975||market_item.xlsx|中文暗网交易市场|seller_raw:57228,zh_target_strict,train,negative,0,0.503307,0.229953,0,0,semantic_only,26975,57228
core_calibrated_bge_m3,market_item.xlsx|中文暗网交易市场|seller_raw:313620||market_item.xlsx|茶马古道|seller_raw:/shop/279,zh_target_strict,train,negative,0,0.503307,0.229953,0,0,semantic_only,313620,/shop/279
core_calibrated_bge_m3,market_item.xlsx|中文暗网交易市场|seller_raw:48851||market_item.xlsx|茶马古道|seller_raw:/shop/437369,zh_target_strict,train,negative,0,0.476893,0.135199,0,0,semantic_only,48851,/shop/437369
core_calibrated_bge_m3,market_item.xlsx|中文暗网交易市场|seller_raw:238529||market_item.xlsx|中文暗网交易市场|seller_raw:565149,zh_target_strict,train,negative,0,0.476893,0.135199,0,0,semantic_structural,238529,565149
core_calibrated_bge_m3,market_item.xlsx|中文暗网交易市场|seller_raw:346677||market_item.xlsx|中文暗网交易市场|seller_raw:490499,zh_target_strict,train,negative,0,0.489994,0.177322,0,0,semantic_structural,346677,490499
core_calibrated_bge_m3,market_item.xlsx|中文暗网交易市场|seller_raw:11870||market_item.xlsx|中文暗网交易市场|seller_raw:311141,zh_target_strict,train,positive,1,0.489994,0.177322,0,0,semantic_only,11870,311141
core_calibrated_bge_m3,market_item.xlsx|中文暗网交易市场|seller_raw:551033||market_item.xlsx|中文暗网交易市场|seller_raw:565149,zh_target_strict,train,negative,0,0.522445,0.323098,0,0,text_clone_primary,551033,565149
core_calibrated_bge_m3,market_item.xlsx|中文暗网交易市场|seller_raw:68595||market_item.xlsx|茶马古道|seller_raw:/shop/441893,zh_target_strict,train,negative,0,0.476893,0.135199,0,0,semantic_only,68595,/shop/441893
core_calibrated_bge_m3,market_item.xlsx|茶马古道|seller_raw:/shop/421090||market_item.xlsx|茶马古道|seller_raw:/shop/464047,zh_target_strict,train,negative,0,0.522445,0.323098,0,0,text_clone_primary,/shop/421090,/shop/464047
core_calibrated_bge_m3,market_item.xlsx|中文暗网交易市场|seller_raw:19692||market_item.xlsx|中文暗网交易市场|seller_raw:357141,zh_target_strict,train,positive,1,0.489994,0.177322,0,0,semantic_only,19692,357141
core_calibrated_bge_m3,market_item.xlsx|中文暗网交易市场|seller_raw:444810||market_item.xlsx|中文暗网交易市场|seller_raw:79018,zh_target_strict,train,negative,0,0.476893,0.135199,0,0,semantic_structural,444810,79018
core_calibrated_bge_m3,market_item.xlsx|茶马古道|seller_raw:/shop/425001||market_item.xlsx|茶马古道|seller_raw:/shop/460340,zh_target_strict,train,negative,0,0.489994,0.177322,0,0,semantic_structural,/shop/425001,/shop/460340
core_calibrated_bge_m3,market_item.xlsx|茶马古道|seller_raw:/shop/434799||market_item.xlsx|茶马古道|seller_raw:/shop/475,zh_target_strict,train,negative,0,0.489994,0.177322,0,0,semantic_only,/shop/434799,/shop/475
core_calibrated_bge_m3,market_item.xlsx|中文暗网交易市场|seller_raw:346677||market_item.xlsx|中文暗网交易市场|seller_raw:560066,zh_target_strict,train,negative,0,0.489994,0.177322,0,0,semantic_only,346677,560066
core_calibrated_bge_m3,market_item.xlsx|中文暗网交易市场|seller_raw:206750||market_item.xlsx|中文暗网交易市场|seller_raw:604165,zh_target_strict,train,negative,0,0.476893,0.135199,0,0,semantic_only,206750,604165
core_calibrated_bge_m3,market_item.xlsx|中文暗网交易市场|seller_raw:489129||market_item.xlsx|中文暗网交易市场|seller_raw:99610,zh_target_strict,train,negative,0,0.489994,0.177322,0,0,semantic_only,489129,99610
core_calibrated_bge_m3,market_item.xlsx|中文暗网交易市场|seller_raw:459538||market_item.xlsx|中文暗网交易市场|seller_raw:511033,zh_target_strict,train,negative,0,0.476893,0.135199,0,0,semantic_structural,459538,511033
core_calibrated_bge_m3,market_item.xlsx|茶马古道|seller_raw:/shop/399387||market_item.xlsx|茶马古道|seller_raw:/shop/419463,zh_target_strict,train,negative,0,0.476893,0.135199,0,0,semantic_structural,/shop/399387,/shop/419463
core_calibrated_bge_m3,market_item.xlsx|茶马古道|seller_raw:/shop/437369||market_item.xlsx|茶马古道|seller_raw:/shop/448464,zh_target_strict,train,negative,0,0.476893,0.135199,0,0,semantic_only,/shop/437369,/shop/448464
core_calibrated_bge_m3,market_item.xlsx|中文暗网交易市场|seller_raw:459538||market_item.xlsx|中文暗网交易市场|seller_raw:565149,zh_target_strict,train,negative,0,0.476893,0.135199,0,0,semantic_structural,459538,565149
core_calibrated_bge_m3,market_item.xlsx|中文暗网交易市场|seller_raw:51690||market_item.xlsx|中文暗网交易市场|seller_raw:99610,zh_target_strict,train,negative,0,0.489994,0.177322,0,0,semantic_only,51690,99610
core_calibrated_bge_m3,market_item.xlsx|茶马古道|seller_raw:/shop/426271||market_item.xlsx|茶马古道|seller_raw:/shop/452669,zh_target_strict,train,negative,0,0.489994,0.177322,0,0,semantic_only,/shop/426271,/shop/452669
core_calibrated_bge_m3,market_item.xlsx|中文暗网交易市场|seller_raw:47411||market_item.xlsx|中文暗网交易市场|seller_raw:60931,zh_target_strict,train,negative,0,0.476893,0.135199,0,0,semantic_structural,47411,60931
core_calibrated_bge_m3,market_item.xlsx|中文暗网交易市场|seller_raw:63870||market_item.xlsx|中文暗网交易市场|seller_raw:65870,zh_target_strict,train,negative,0,0.489994,0.177322,0,0,semantic_only,63870,65870
core_calibrated_bge_m3,market_item.xlsx|中文暗网交易市场|seller_raw:517171||market_item.xlsx|茶马古道|seller_raw:/shop/423578,zh_target_strict,train,positive,1,0.476893,0.135199,0,0,semantic_only,517171,/shop/423578
core_calibrated_bge_m3,market_item.xlsx|中文暗网交易市场|seller_raw:459538||market_item.xlsx|中文暗网交易市场|seller_raw:531087,zh_target_strict,train,negative,0,0.476893,0.135199,0,0,semantic_structural,459538,531087
core_calibrated_bge_m3,market_item.xlsx|中文暗网交易市场|seller_raw:28521||market_item.xlsx|中文暗网交易市场|seller_raw:35777,zh_target_strict,train,negative,0,0.489994,0.177322,0,0,semantic_only,28521,35777
core_calibrated_bge_m3,market_item.xlsx|中文暗网交易市场|seller_raw:526920||market_item.xlsx|中文暗网交易市场|seller_raw:67272,zh_target_strict,train,negative,0,0.476893,0.135199,0,0,semantic_structural,526920,67272
core_calibrated_bge_m3,market_item.xlsx|中文暗网交易市场|seller_raw:205403||market_item.xlsx|中文暗网交易市场|seller_raw:517245,zh_target_strict,train,negative,0,0.489994,0.177322,0,0,semantic_only,205403,517245
core_calibrated_bge_m3,market_item.xlsx|中文暗网交易市场|seller_raw:80160||market_item.xlsx|茶马古道|seller_raw:/shop/6242,zh_target_strict,train,negative,0,0.522445,0.323098,0,0,text_clone_primary,80160,/shop/6242
core_calibrated_bge_m3,market_item.xlsx|中文暗网交易市场|seller_raw:576252||market_item.xlsx|茶马古道|seller_raw:/shop/433651,zh_target_strict,train,negative,0,0.522445,0.323098,0,0,text_clone_primary,576252,/shop/433651
core_calibrated_bge_m3,market_item.xlsx|中文暗网交易市场|seller_raw:448801||market_item.xlsx|茶马古道|seller_raw:/shop/393726,zh_target_strict,train,positive,1,0.499943,0.215695,0,0,semantic_only,448801,/shop/393726
core_calibrated_bge_m3,market_item.xlsx|中文暗网交易市场|seller_raw:337011||market_item.xlsx|茶马古道|seller_raw:/shop/407480,zh_target_strict,train,negative,0,0.503307,0.229953,0,0,semantic_only,337011,/shop/407480
core_calibrated_bge_m3,market_item.xlsx|茶马古道|seller_raw:/shop/408872||market_item.xlsx|茶马古道|seller_raw:/shop/439508,zh_target_strict,train,negative,0,0.489994,0.177322,0,0,semantic_structural,/shop/408872,/shop/439508
core_calibrated_bge_m3,market_item.xlsx|中文暗网交易市场|seller_raw:47248||market_item.xlsx|茶马古道|seller_raw:/shop/413530,zh_target_strict,train,negative,0,0.503307,0.229953,0,0,semantic_only,47248,/shop/413530
core_calibrated_bge_m3,market_item.xlsx|中文暗网交易市场|seller_raw:504138||market_item.xlsx|茶马古道|seller_raw:/shop/265,zh_target_strict,train,negative,0,0.503307,0.229953,0,0,semantic_only,504138,/shop/265
core_calibrated_bge_m3,market_item.xlsx|中文暗网交易市场|seller_raw:54884||market_item.xlsx|茶马古道|seller_raw:/shop/434742,zh_target_strict,train,negative,0,0.503307,0.229953,0,0,semantic_only,54884,/shop/434742
core_calibrated_bge_m3,market_item.xlsx|中文暗网交易市场|seller_raw:54503||market_item.xlsx|茶马古道|seller_raw:/shop/397874,zh_target_strict,train,negative,0,0.476893,0.135199,0,0,semantic_only,54503,/shop/397874
core_calibrated_bge_m3,market_item.xlsx|中文暗网交易市场|seller_raw:531087||market_item.xlsx|茶马古道|seller_raw:/shop/406711,zh_target_strict,train,negative,0,0.503307,0.229953,0,0,semantic_only,531087,/shop/406711
core_calibrated_bge_m3,market_item.xlsx|茶马古道|seller_raw:/shop/417184||market_item.xlsx|茶马古道|seller_raw:/shop/436577,zh_target_strict,train,negative,0,0.503307,0.229953,0,0,semantic_only,/shop/417184,/shop/436577
core_calibrated_bge_m3,market_item.xlsx|中文暗网交易市场|seller_raw:37850||market_item.xlsx|茶马古道|seller_raw:/shop/783,zh_target_strict,train,negative,0,0.503307,0.229953,0,0,semantic_only,37850,/shop/783
core_calibrated_bge_m3,market_item.xlsx|中文暗网交易市场|seller_raw:40037||market_item.xlsx|中文暗网交易市场|seller_raw:5995,zh_target_strict,train,negative,0,0.503307,0.229953,0,0,semantic_only,40037,5995
core_calibrated_bge_m3,market_item.xlsx|中文暗网交易市场|seller_raw:48851||market_item.xlsx|茶马古道|seller_raw:/shop/448464,zh_target_strict,train,negative,0,0.476893,0.135199,0,0,semantic_only,48851,/shop/448464
core_calibrated_bge_m3,market_item.xlsx|中文暗网交易市场|seller_raw:238529||market_item.xlsx|中文暗网交易市场|seller_raw:565148,zh_target_strict,train,negative,0,0.476893,0.135199,0,0,semantic_structural,238529,565148
core_calibrated_bge_m3,market_item.xlsx|中文暗网交易市场|seller_raw:18826||market_item.xlsx|中文暗网交易市场|seller_raw:591780,zh_target_strict,train,negative,0,0.476893,0.135199,0,0,semantic_structural,18826,591780
core_calibrated_bge_m3,market_item.xlsx|中文暗网交易市场|seller_raw:45139||market_item.xlsx|中文暗网交易市场|seller_raw:517245,zh_target_strict,train,negative,0,0.476893,0.135199,0,0,semantic_structural,45139,517245
core_calibrated_bge_m3,market_item.xlsx|中文暗网交易市场|seller_raw:45139||market_item.xlsx|中文暗网交易市场|seller_raw:566597,zh_target_strict,train,negative,0,0.476893,0.135199,0,0,semantic_structural,45139,566597
core_calibrated_bge_m3,market_item.xlsx|中文暗网交易市场|seller_raw:28990||market_item.xlsx|中文暗网交易市场|seller_raw:32559,zh_target_strict,train,negative,0,0.476893,0.135199,0,0,semantic_structural,28990,32559
core_calibrated_bge_m3,market_item.xlsx|茶马古道|seller_raw:/shop/435883||market_item.xlsx|茶马古道|seller_raw:/shop/462656,zh_target_strict,train,negative,0,0.476893,0.135199,0,0,semantic_structural,/shop/435883,/shop/462656
core_calibrated_bge_m3,market_item.xlsx|中文暗网交易市场|seller_raw:137444||market_item.xlsx|中文暗网交易市场|seller_raw:473991,zh_target_strict,train,negative,0,0.476893,0.135199,0,0,semantic_structural,137444,473991
core_calibrated_bge_m3,market_item.xlsx|中文暗网交易市场|seller_raw:459538||market_item.xlsx|中文暗网交易市场|seller_raw:565148,zh_target_strict,train,negative,0,0.476893,0.135199,0,0,semantic_structural,459538,565148
core_calibrated_bge_m3,market_item.xlsx|茶马古道|seller_raw:/shop/434211||market_item.xlsx|茶马古道|seller_raw:/shop/452236,zh_target_strict,train,negative,0,0.476893,0.135199,0,0,semantic_structural,/shop/434211,/shop/452236
core_calibrated_bge_m3,market_item.xlsx|茶马古道|seller_raw:/shop/417948||market_item.xlsx|茶马古道|seller_raw:/shop/443512,zh_target_strict,train,negative,0,0.476893,0.135199,0,0,semantic_structural,/shop/417948,/shop/443512
core_calibrated_bge_m3,market_item.xlsx|中文暗网交易市场|seller_raw:511033||market_item.xlsx|中文暗网交易市场|seller_raw:543832,zh_target_strict,train,negative,0,0.476893,0.135199,0,0,semantic_structural,511033,543832
core_calibrated_bge_m3,market_item.xlsx|茶马古道|seller_raw:/shop/393736||market_item.xlsx|茶马古道|seller_raw:/shop/8843,zh_target_strict,train,negative,0,0.476893,0.135199,0,0,semantic_structural,/shop/393736,/shop/8843
core_calibrated_bge_m3,market_item.xlsx|中文暗网交易市场|seller_raw:527714||market_item.xlsx|中文暗网交易市场|seller_raw:530989,zh_target_strict,train,negative,0,0.476893,0.135199,0,0,semantic_structural,527714,530989
core_calibrated_bge_m3,market_item.xlsx|茶马古道|seller_raw:/shop/419443||market_item.xlsx|茶马古道|seller_raw:/shop/452666,zh_target_strict,train,negative,0,0.489994,0.177322,0,0,semantic_structural,/shop/419443,/shop/452666
core_calibrated_bge_m3,market_item.xlsx|中文暗网交易市场|seller_raw:312123||market_item.xlsx|中文暗网交易市场|seller_raw:58949,zh_target_strict,train,negative,0,0.476893,0.135199,0,0,semantic_structural,312123,58949
core_calibrated_bge_m3,market_item.xlsx|茶马古道|seller_raw:/shop/441640||market_item.xlsx|茶马古道|seller_raw:/shop/443464,zh_target_strict,train,negative,0,0.476893,0.135199,0,0,semantic_structural,/shop/441640,/shop/443464
core_calibrated_bge_m3,market_item.xlsx|茶马古道|seller_raw:/shop/440516||market_item.xlsx|茶马古道|seller_raw:/shop/453552,zh_target_strict,train,negative,0,0.489994,0.177322,0,0,semantic_structural,/shop/440516,/shop/453552
core_calibrated_bge_m3,market_item.xlsx|茶马古道|seller_raw:/shop/424813||market_item.xlsx|茶马古道|seller_raw:/shop/463820,zh_target_strict,train,negative,0,0.476893,0.135199,0,0,semantic_structural,/shop/424813,/shop/463820
core_calibrated_bge_m3,market_item.xlsx|中文暗网交易市场|seller_raw:312272||market_item.xlsx|中文暗网交易市场|seller_raw:511033,zh_target_strict,train,negative,0,0.476893,0.135199,0,0,semantic_structural,312272,511033
core_calibrated_bge_m3,market_item.xlsx|中文暗网交易市场|seller_raw:581981||market_item.xlsx|中文暗网交易市场|seller_raw:99610,zh_target_strict,train,negative,0,0.489994,0.177322,0,0,semantic_structural,581981,99610
core_calibrated_bge_m3,market_item.xlsx|茶马古道|seller_raw:/shop/331||market_item.xlsx|茶马古道|seller_raw:/shop/446583,zh_target_strict,train,negative,0,0.476893,0.135199,0,0,semantic_structural,/shop/331,/shop/446583
core_calibrated_bge_m3,market_item.xlsx|茶马古道|seller_raw:/shop/465089||market_item.xlsx|茶马古道|seller_raw:/shop/6167,zh_target_strict,train,negative,0,0.476893,0.135199,0,0,semantic_structural,/shop/465089,/shop/6167
core_calibrated_bge_m3,market_item.xlsx|中文暗网交易市场|seller_raw:41552||market_item.xlsx|中文暗网交易市场|seller_raw:581981,zh_target_strict,train,negative,0,0.489994,0.177322,0,0,semantic_structural,41552,581981
core_calibrated_bge_m3,market_item.xlsx|中文暗网交易市场|seller_raw:459538||market_item.xlsx|中文暗网交易市场|seller_raw:526920,zh_target_strict,train,negative,0,0.476893,0.135199,0,0,semantic_structural,459538,526920
core_calibrated_bge_m3,market_item.xlsx|中文暗网交易市场|seller_raw:41552||market_item.xlsx|中文暗网交易市场|seller_raw:569522,zh_target_strict,train,negative,0,0.489994,0.177322,0,0,semantic_structural,41552,569522
core_calibrated_bge_m3,market_item.xlsx|茶马古道|seller_raw:/shop/431241||market_item.xlsx|茶马古道|seller_raw:/shop/456224,zh_target_strict,train,negative,0,0.489994,0.177322,0,0,semantic_structural,/shop/431241,/shop/456224
core_calibrated_bge_m3,market_item.xlsx|茶马古道|seller_raw:/shop/404383||market_item.xlsx|茶马古道|seller_raw:/shop/408919,zh_target_strict,train,negative,0,0.476893,0.135199,0,0,semantic_structural,/shop/404383,/shop/408919
core_calibrated_bge_m3,market_item.xlsx|中文暗网交易市场|seller_raw:11457||market_item.xlsx|中文暗网交易市场|seller_raw:517245,zh_target_strict,train,negative,0,0.476893,0.135199,0,0,semantic_structural,11457,517245
core_calibrated_bge_m3,market_item.xlsx|中文暗网交易市场|seller_raw:11457||market_item.xlsx|中文暗网交易市场|seller_raw:566597,zh_target_strict,train,negative,0,0.476893,0.135199,0,0,semantic_structural,11457,566597
core_calibrated_bge_m3,market_item.xlsx|中文暗网交易市场|seller_raw:32644||market_item.xlsx|中文暗网交易市场|seller_raw:45139,zh_target_strict,train,negative,0,0.489994,0.177322,0,0,semantic_structural,32644,45139
core_calibrated_bge_m3,market_item.xlsx|茶马古道|seller_raw:/shop/419606||market_item.xlsx|茶马古道|seller_raw:/shop/456412,zh_target_strict,train,negative,0,0.489994,0.177322,0,0,semantic_structural,/shop/419606,/shop/456412
core_calibrated_bge_m3,market_item.xlsx|茶马古道|seller_raw:/shop/399554||market_item.xlsx|茶马古道|seller_raw:/shop/446568,zh_target_strict,train,negative,0,0.489994,0.177322,0,0,semantic_structural,/shop/399554,/shop/446568
core_calibrated_bge_m3,market_item.xlsx|茶马古道|seller_raw:/shop/434814||market_item.xlsx|茶马古道|seller_raw:/shop/457427,zh_target_strict,train,negative,0,0.476893,0.135199,0,0,semantic_structural,/shop/434814,/shop/457427
core_calibrated_bge_m3,market_item.xlsx|茶马古道|seller_raw:/shop/338||market_item.xlsx|茶马古道|seller_raw:/shop/445058,zh_target_strict,train,negative,0,0.489994,0.177322,0,0,semantic_structural,/shop/338,/shop/445058
core_calibrated_bge_m3,market_item.xlsx|茶马古道|seller_raw:/shop/428787||market_item.xlsx|茶马古道|seller_raw:/shop/7157,zh_target_strict,train,negative,0,0.489994,0.177322,0,0,semantic_structural,/shop/428787,/shop/7157
core_calibrated_bge_m3,market_item.xlsx|中文暗网交易市场|seller_raw:462418||market_item.xlsx|中文暗网交易市场|seller_raw:6639,zh_target_strict,train,negative,0,0.503307,0.229953,0,0,semantic_structural,462418,6639
core_calibrated_bge_m3,market_item.xlsx|中文暗网交易市场|seller_raw:41552||market_item.xlsx|中文暗网交易市场|seller_raw:546723,zh_target_strict,train,negative,0,0.489994,0.177322,0,0,semantic_structural,41552,546723
core_calibrated_bge_m3,market_item.xlsx|中文暗网交易市场|seller_raw:596055||market_item.xlsx|中文暗网交易市场|seller_raw:7689,zh_target_strict,train,negative,0,0.476893,0.135199,0,0,semantic_structural,596055,7689
core_calibrated_bge_m3,market_item.xlsx|茶马古道|seller_raw:/shop/447033||market_item.xlsx|茶马古道|seller_raw:/shop/451926,zh_target_strict,train,negative,0,0.489994,0.177322,0,0,semantic_structural,/shop/447033,/shop/451926
core_calibrated_bge_m3,market_item.xlsx|茶马古道|seller_raw:/shop/463920||market_item.xlsx|茶马古道|seller_raw:/shop/593,zh_target_strict,train,negative,0,0.489994,0.177322,0,0,semantic_structural,/shop/463920,/shop/593
core_calibrated_bge_m3,market_item.xlsx|中文暗网交易市场|seller_raw:18826||market_item.xlsx|中文暗网交易市场|seller_raw:31252,zh_target_strict,train,negative,0,0.476893,0.135199,0,0,semantic_structural,18826,31252
core_calibrated_bge_m3,market_item.xlsx|茶马古道|seller_raw:/shop/393682||market_item.xlsx|茶马古道|seller_raw:/shop/7106,zh_target_strict,train,negative,0,0.476893,0.135199,0,0,semantic_structural,/shop/393682,/shop/7106
core_calibrated_bge_m3,market_item.xlsx|茶马古道|seller_raw:/shop/421728||market_item.xlsx|茶马古道|seller_raw:/shop/437791,zh_target_strict,train,positive,1,0.489994,0.177322,0,0,identifier_primary,/shop/421728,/shop/437791
core_calibrated_bge_m3,market_item.xlsx|茶马古道|seller_raw:/shop/439380||market_item.xlsx|茶马古道|seller_raw:/shop/461801,zh_target_strict,train,positive,1,0.503307,0.229953,0,0,identifier_primary,/shop/439380,/shop/461801
core_calibrated_bge_m3,market_item.xlsx|茶马古道|seller_raw:/shop/428560||market_item.xlsx|茶马古道|seller_raw:/shop/428784,zh_target_strict,train,positive,1,0.489994,0.177322,0,0,identifier_primary,/shop/428560,/shop/428784
