pair_uid,silver_score,label_tier,training_sample_weight,silver_negative_reasons,existing_review_label,seller_uid_left,seller_uid_right,shared_contact_count,shared_title_count,shared_description_count,lexical_similarity,structural_support_score,candidate_rank_score
market_item.xlsx|中文暗网交易市场|seller_raw:71807||market_item.xlsx|茶马古道|seller_raw:/shop/722,31.85897,silver_template_noise_negative_relaxed,0.16,silver_template_noise_negative_relaxed,,market_item.xlsx|中文暗网交易市场|seller_raw:71807,market_item.xlsx|茶马古道|seller_raw:/shop/722,0,1,5,0.225286,0.248791,8.849298
market_item.xlsx|中文暗网交易市场|seller_raw:544322||market_item.xlsx|茶马古道|seller_raw:/shop/405334,29.407414,silver_template_noise_negative_relaxed,0.16,silver_template_noise_negative_relaxed,,market_item.xlsx|中文暗网交易市场|seller_raw:544322,market_item.xlsx|茶马古道|seller_raw:/shop/405334,0,1,3,0.181764,0.197195,8.484974
market_item.xlsx|中文暗网交易市场|seller_raw:459702||market_item.xlsx|茶马古道|seller_raw:/shop/2937,28.783204,silver_template_noise_negative_relaxed,0.16,silver_template_noise_negative_relaxed,,market_item.xlsx|中文暗网交易市场|seller_raw:459702,market_item.xlsx|茶马古道|seller_raw:/shop/2937,0,1,3,0.146856,0.266322,8.41378
market_item.xlsx|中文暗网交易市场|seller_raw:541551||market_item.xlsx|茶马古道|seller_raw:/shop/399807,27.00867,silver_template_noise_negative_relaxed,0.16,silver_template_noise_negative_relaxed,,market_item.xlsx|中文暗网交易市场|seller_raw:541551,market_item.xlsx|茶马古道|seller_raw:/shop/399807,0,1,2,0.272268,0.270823,9.175254
market_item.xlsx|中文暗网交易市场|seller_raw:546317||market_item.xlsx|茶马古道|seller_raw:/shop/404772,26.8683,silver_template_noise_negative_relaxed,0.16,silver_template_noise_negative_relaxed,,market_item.xlsx|中文暗网交易市场|seller_raw:546317,market_item.xlsx|茶马古道|seller_raw:/shop/404772,0,1,2,0.229483,0.251433,8.879764
market_item.xlsx|中文暗网交易市场|seller_raw:526589||market_item.xlsx|茶马古道|seller_raw:/shop/397707,26.8413,silver_template_noise_negative_relaxed,0.16,silver_template_noise_negative_relaxed,,market_item.xlsx|中文暗网交易市场|seller_raw:526589,market_item.xlsx|茶马古道|seller_raw:/shop/397707,0,1,2,0.23304,0.25949,8.91722
market_item.xlsx|中文暗网交易市场|seller_raw:512768||market_item.xlsx|茶马古道|seller_raw:/shop/397527,26.557122,silver_template_noise_negative_relaxed,0.16,silver_template_noise_negative_relaxed,,market_item.xlsx|中文暗网交易市场|seller_raw:512768,market_item.xlsx|茶马古道|seller_raw:/shop/397527,0,1,2,0.140722,0.214535,8.273402
market_item.xlsx|中文暗网交易市场|seller_raw:543006||market_item.xlsx|茶马古道|seller_raw:/shop/399807,26.464314,silver_template_noise_negative_relaxed,0.16,silver_template_noise_negative_relaxed,,market_item.xlsx|中文暗网交易市场|seller_raw:543006,market_item.xlsx|茶马古道|seller_raw:/shop/399807,0,1,2,0.172131,0.261412,8.55561
market_item.xlsx|中文暗网交易市场|seller_raw:529346||market_item.xlsx|茶马古道|seller_raw:/shop/397675,26.438436,silver_template_noise_negative_relaxed,0.16,silver_template_noise_negative_relaxed,uncertain,market_item.xlsx|中文暗网交易市场|seller_raw:529346,market_item.xlsx|茶马古道|seller_raw:/shop/397675,0,1,2,0.163088,0.256682,8.491892
market_item.xlsx|中文暗网交易市场|seller_raw:512373||market_item.xlsx|茶马古道|seller_raw:/shop/397778,26.403654,silver_template_noise_negative_relaxed,0.16,silver_template_noise_negative_relaxed,,market_item.xlsx|中文暗网交易市场|seller_raw:512373,market_item.xlsx|茶马古道|seller_raw:/shop/397778,0,1,2,0.167684,0.267075,8.540254
market_item.xlsx|中文暗网交易市场|seller_raw:569984||market_item.xlsx|茶马古道|seller_raw:/shop/422565,25.641114,silver_template_noise_negative_relaxed,0.16,silver_template_noise_negative_relaxed,uncertain,market_item.xlsx|中文暗网交易市场|seller_raw:569984,market_item.xlsx|茶马古道|seller_raw:/shop/422565,0,1,2,0.0,0.226481,7.452962
market_item.xlsx|中文暗网交易市场|seller_raw:475252||market_item.xlsx|茶马古道|seller_raw:/shop/405740,25.560954,silver_template_noise_negative_relaxed,0.16,silver_template_noise_negative_relaxed,,market_item.xlsx|中文暗网交易市场|seller_raw:475252,market_item.xlsx|茶马古道|seller_raw:/shop/405740,0,1,2,0.0,0.239841,7.479682
market_item.xlsx|中文暗网交易市场|seller_raw:563971||market_item.xlsx|茶马古道|seller_raw:/shop/396961,25.510482,silver_template_noise_negative_relaxed,0.16,silver_template_noise_negative_relaxed,,market_item.xlsx|中文暗网交易市场|seller_raw:563971,market_item.xlsx|茶马古道|seller_raw:/shop/396961,0,1,2,0.0,0.248253,7.496506
market_item.xlsx|中文暗网交易市场|seller_raw:526002||market_item.xlsx|茶马古道|seller_raw:/shop/397407,25.470672,silver_template_noise_negative_relaxed,0.16,silver_template_noise_negative_relaxed,,market_item.xlsx|中文暗网交易市场|seller_raw:526002,market_item.xlsx|茶马古道|seller_raw:/shop/397407,0,1,2,0.0,0.254888,7.509776
market_item.xlsx|中文暗网交易市场|seller_raw:518336||market_item.xlsx|茶马古道|seller_raw:/shop/397707,25.433322,silver_template_noise_negative_relaxed,0.16,silver_template_noise_negative_relaxed,,market_item.xlsx|中文暗网交易市场|seller_raw:518336,market_item.xlsx|茶马古道|seller_raw:/shop/397707,0,1,2,0.0,0.261113,7.522226
market_item.xlsx|中文暗网交易市场|seller_raw:566237||market_item.xlsx|茶马古道|seller_raw:/shop/411784,25.401966,silver_template_noise_negative_relaxed,0.16,silver_template_noise_negative_relaxed,,market_item.xlsx|中文暗网交易市场|seller_raw:566237,market_item.xlsx|茶马古道|seller_raw:/shop/411784,0,1,2,0.0,0.266339,7.532678
market_item.xlsx|中文暗网交易市场|seller_raw:546272||market_item.xlsx|茶马古道|seller_raw:/shop/402697,25.33638,silver_template_noise_negative_relaxed,0.16,silver_template_noise_negative_relaxed,,market_item.xlsx|中文暗网交易市场|seller_raw:546272,market_item.xlsx|茶马古道|seller_raw:/shop/402697,0,1,2,0.0,0.27727,7.55454
market_item.xlsx|中文暗网交易市场|seller_raw:536790||market_item.xlsx|茶马古道|seller_raw:/shop/397527,24.472634,silver_template_noise_negative_relaxed,0.16,silver_template_noise_negative_relaxed,,market_item.xlsx|中文暗网交易市场|seller_raw:536790,market_item.xlsx|茶马古道|seller_raw:/shop/397527,0,1,1,0.215878,0.220439,8.736146
market_item.xlsx|中文暗网交易市场|seller_raw:526321||market_item.xlsx|茶马古道|seller_raw:/shop/397707,24.448802,silver_template_noise_negative_relaxed,0.16,silver_template_noise_negative_relaxed,,market_item.xlsx|中文暗网交易市场|seller_raw:526321,market_item.xlsx|茶马古道|seller_raw:/shop/397707,0,1,1,0.252198,0.260731,9.03465
market_item.xlsx|中文暗网交易市场|seller_raw:596100||market_item.xlsx|茶马古道|seller_raw:/shop/453275,24.294842,silver_template_noise_negative_relaxed,0.16,silver_template_noise_negative_relaxed,,market_item.xlsx|中文暗网交易市场|seller_raw:596100,market_item.xlsx|茶马古道|seller_raw:/shop/453275,0,1,1,0.244869,0.279062,9.027338
market_item.xlsx|中文暗网交易市场|seller_raw:526567||market_item.xlsx|茶马古道|seller_raw:/shop/397707,24.102764,silver_template_noise_negative_relaxed,0.16,silver_template_noise_negative_relaxed,,market_item.xlsx|中文暗网交易市场|seller_raw:526567,market_item.xlsx|茶马古道|seller_raw:/shop/397707,0,1,1,0.194321,0.260527,8.68698
market_item.xlsx|中文暗网交易市场|seller_raw:544004||market_item.xlsx|茶马古道|seller_raw:/shop/399807,24.009458,silver_template_noise_negative_relaxed,0.16,silver_template_noise_negative_relaxed,,market_item.xlsx|中文暗网交易市场|seller_raw:544004,market_item.xlsx|茶马古道|seller_raw:/shop/399807,0,1,1,0.184371,0.266128,8.638482
market_item.xlsx|中文暗网交易市场|seller_raw:532519||market_item.xlsx|茶马古道|seller_raw:/shop/397407,23.991134,silver_template_noise_negative_relaxed,0.16,silver_template_noise_negative_relaxed,,market_item.xlsx|中文暗网交易市场|seller_raw:532519,market_item.xlsx|茶马古道|seller_raw:/shop/397407,0,1,1,0.193484,0.278295,8.717494
market_item.xlsx|中文暗网交易市场|seller_raw:527285||market_item.xlsx|茶马古道|seller_raw:/shop/397675,23.888996,silver_template_noise_negative_relaxed,0.16,silver_template_noise_negative_relaxed,,market_item.xlsx|中文暗网交易市场|seller_raw:527285,market_item.xlsx|茶马古道|seller_raw:/shop/397675,0,1,1,0.177125,0.278959,8.620668
market_item.xlsx|中文暗网交易市场|seller_raw:541533||market_item.xlsx|茶马古道|seller_raw:/shop/399807,23.868242,silver_template_noise_negative_relaxed,0.16,silver_template_noise_negative_relaxed,uncertain,market_item.xlsx|中文暗网交易市场|seller_raw:541533,market_item.xlsx|茶马古道|seller_raw:/shop/399807,0,1,1,0.158975,0.264268,8.482386
market_item.xlsx|中文暗网交易市场|seller_raw:581978||market_item.xlsx|茶马古道|seller_raw:/shop/425704,23.745008,silver_template_noise_negative_relaxed,0.16,silver_template_noise_negative_relaxed,,market_item.xlsx|中文暗网交易市场|seller_raw:581978,market_item.xlsx|茶马古道|seller_raw:/shop/425704,0,1,1,0.149454,0.275286,8.447296
market_item.xlsx|中文暗网交易市场|seller_raw:71807||market_item.xlsx|茶马古道|seller_raw:/shop/736,23.490056,silver_template_noise_negative_relaxed,0.16,silver_template_noise_negative_relaxed,,market_item.xlsx|中文暗网交易市场|seller_raw:71807,market_item.xlsx|茶马古道|seller_raw:/shop/736,0,1,1,0.0,0.168324,7.336648
market_item.xlsx|中文暗网交易市场|seller_raw:256707||market_item.xlsx|茶马古道|seller_raw:/shop/6242,23.261006,silver_template_noise_negative_relaxed,0.16,silver_template_noise_negative_relaxed,,market_item.xlsx|中文暗网交易市场|seller_raw:256707,market_item.xlsx|茶马古道|seller_raw:/shop/6242,0,1,1,0.0,0.206499,7.412998
market_item.xlsx|中文暗网交易市场|seller_raw:565482||market_item.xlsx|茶马古道|seller_raw:/shop/414257,23.012336,silver_template_noise_negative_relaxed,0.16,silver_template_noise_negative_relaxed,,market_item.xlsx|中文暗网交易市场|seller_raw:565482,market_item.xlsx|茶马古道|seller_raw:/shop/414257,0,1,1,0.0,0.247944,7.495888
market_item.xlsx|中文暗网交易市场|seller_raw:529453||market_item.xlsx|茶马古道|seller_raw:/shop/397675,22.956518,silver_template_noise_negative_relaxed,0.16,silver_template_noise_negative_relaxed,,market_item.xlsx|中文暗网交易市场|seller_raw:529453,market_item.xlsx|茶马古道|seller_raw:/shop/397675,0,1,1,0.0,0.257247,7.514494
market_item.xlsx|中文暗网交易市场|seller_raw:633752||market_item.xlsx|茶马古道|seller_raw:/shop/451995,22.926104,silver_template_noise_negative_relaxed,0.16,silver_template_noise_negative_relaxed,,market_item.xlsx|中文暗网交易市场|seller_raw:633752,market_item.xlsx|茶马古道|seller_raw:/shop/451995,0,1,1,0.0,0.262316,7.524632
market_item.xlsx|中文暗网交易市场|seller_raw:525739||market_item.xlsx|茶马古道|seller_raw:/shop/397707,22.920584,silver_template_noise_negative_relaxed,0.16,silver_template_noise_negative_relaxed,,market_item.xlsx|中文暗网交易市场|seller_raw:525739,market_item.xlsx|茶马古道|seller_raw:/shop/397707,0,1,1,0.0,0.263236,7.526472
market_item.xlsx|中文暗网交易市场|seller_raw:399483||market_item.xlsx|茶马古道|seller_raw:/shop/394805,22.920494,silver_template_noise_negative_relaxed,0.16,silver_template_noise_negative_relaxed,,market_item.xlsx|中文暗网交易市场|seller_raw:399483,market_item.xlsx|茶马古道|seller_raw:/shop/394805,0,1,1,0.0,0.263251,7.526502
market_item.xlsx|中文暗网交易市场|seller_raw:553564||market_item.xlsx|茶马古道|seller_raw:/shop/429404,22.909886,silver_template_noise_negative_relaxed,0.16,silver_template_noise_negative_relaxed,,market_item.xlsx|中文暗网交易市场|seller_raw:553564,market_item.xlsx|茶马古道|seller_raw:/shop/429404,0,1,1,0.0,0.265019,7.530038
market_item.xlsx|中文暗网交易市场|seller_raw:548310||market_item.xlsx|茶马古道|seller_raw:/shop/8506,22.905476,silver_template_noise_negative_relaxed,0.16,silver_template_noise_negative_relaxed,,market_item.xlsx|中文暗网交易市场|seller_raw:548310,market_item.xlsx|茶马古道|seller_raw:/shop/8506,0,1,1,0.0,0.265754,7.531508
market_item.xlsx|中文暗网交易市场|seller_raw:548133||market_item.xlsx|茶马古道|seller_raw:/shop/399807,22.897412,silver_template_noise_negative_relaxed,0.16,silver_template_noise_negative_relaxed,,market_item.xlsx|中文暗网交易市场|seller_raw:548133,market_item.xlsx|茶马古道|seller_raw:/shop/399807,0,1,1,0.0,0.267098,7.534196
market_item.xlsx|中文暗网交易市场|seller_raw:556969||market_item.xlsx|茶马古道|seller_raw:/shop/403730,22.82258,silver_template_noise_negative_relaxed,0.16,silver_template_noise_negative_relaxed,,market_item.xlsx|中文暗网交易市场|seller_raw:556969,market_item.xlsx|茶马古道|seller_raw:/shop/403730,0,1,1,0.0,0.27957,7.55914
market_item.xlsx|中文暗网交易市场|seller_raw:526048||market_item.xlsx|茶马古道|seller_raw:/shop/397407,22.821602,silver_template_noise_negative_relaxed,0.16,silver_template_noise_negative_relaxed,,market_item.xlsx|中文暗网交易市场|seller_raw:526048,market_item.xlsx|茶马古道|seller_raw:/shop/397407,0,1,1,0.0,0.279733,7.559466
market_item.xlsx|中文暗网交易市场|seller_raw:62435||market_item.xlsx|茶马古道|seller_raw:/shop/408660,22.010362,silver_semantic_low_structure_negative_relaxed,0.18,silver_semantic_low_structure_negative_relaxed,,market_item.xlsx|中文暗网交易市场|seller_raw:62435,market_item.xlsx|茶马古道|seller_raw:/shop/408660,0,0,1,0.458373,0.206646,8.16353
market_item.xlsx|茶马古道|seller_raw:/shop/425667||market_item.xlsx|茶马古道|seller_raw:/shop/450020,21.869122,silver_semantic_low_structure_negative_relaxed,0.18,silver_semantic_low_structure_negative_relaxed,,market_item.xlsx|茶马古道|seller_raw:/shop/425667,market_item.xlsx|茶马古道|seller_raw:/shop/450020,0,0,1,0.468121,0.239934,8.288594
market_item.xlsx|茶马古道|seller_raw:/shop/429138||market_item.xlsx|茶马古道|seller_raw:/shop/435113,21.325624,silver_semantic_low_structure_negative_relaxed,0.18,silver_semantic_low_structure_negative_relaxed,,market_item.xlsx|茶马古道|seller_raw:/shop/429138,market_item.xlsx|茶马古道|seller_raw:/shop/435113,0,0,1,0.299546,0.161942,7.12116
market_item.xlsx|中文暗网交易市场|seller_raw:499135||market_item.xlsx|茶马古道|seller_raw:/shop/419283,21.084838,silver_semantic_low_structure_negative_relaxed,0.18,silver_semantic_low_structure_negative_relaxed,,market_item.xlsx|中文暗网交易市场|seller_raw:499135,market_item.xlsx|茶马古道|seller_raw:/shop/419283,0,0,1,0.324922,0.227449,7.40443
market_item.xlsx|中文暗网交易市场|seller_raw:529562||market_item.xlsx|茶马古道|seller_raw:/shop/397675,20.584312,silver_semantic_low_structure_negative_relaxed,0.18,silver_semantic_low_structure_negative_relaxed,,market_item.xlsx|中文暗网交易市场|seller_raw:529562,market_item.xlsx|茶马古道|seller_raw:/shop/397675,0,0,1,0.254801,0.240749,7.010304
