pair_uid,split_name,review_label,review_stratum,source_seller_raw_left,source_seller_raw_right
market_item.xlsx|茶马古道|seller_raw:/shop/464741||market_item.xlsx|茶马古道|seller_raw:/shop/464776,train,positive,semantic_structural,/shop/464741,/shop/464776
market_item.xlsx|中文暗网交易市场|seller_raw:43871||market_item.xlsx|中文暗网交易市场|seller_raw:46626,train,positive,semantic_structural,43871,46626
market_item.xlsx|中文暗网交易市场|seller_raw:352600||market_item.xlsx|中文暗网交易市场|seller_raw:605666,train,positive,semantic_structural,352600,605666
market_item.xlsx|茶马古道|seller_raw:/shop/399461||market_item.xlsx|茶马古道|seller_raw:/shop/407100,train,positive,text_clone_primary,/shop/399461,/shop/407100
market_item.xlsx|中文暗网交易市场|seller_raw:26383||market_item.xlsx|茶马古道|seller_raw:/shop/404544,train,positive,semantic_only,26383,/shop/404544
market_item.xlsx|茶马古道|seller_raw:/shop/427282||market_item.xlsx|茶马古道|seller_raw:/shop/464140,train,negative,text_clone_primary,/shop/427282,/shop/464140
market_item.xlsx|中文暗网交易市场|seller_raw:605663||market_item.xlsx|茶马古道|seller_raw:/shop/453265,train,positive,text_clone_primary,605663,/shop/453265
market_item.xlsx|中文暗网交易市场|seller_raw:596096||market_item.xlsx|中文暗网交易市场|seller_raw:605607,train,positive,semantic_structural,596096,605607
market_item.xlsx|中文暗网交易市场|seller_raw:365633||market_item.xlsx|中文暗网交易市场|seller_raw:68788,train,negative,semantic_only,365633,68788
market_item.xlsx|中文暗网交易市场|seller_raw:342077||market_item.xlsx|茶马古道|seller_raw:/shop/449476,train,positive,semantic_only,342077,/shop/449476
market_item.xlsx|中文暗网交易市场|seller_raw:39061||market_item.xlsx|茶马古道|seller_raw:/shop/1880,train,negative,text_clone_primary,39061,/shop/1880
market_item.xlsx|中文暗网交易市场|seller_raw:491210||market_item.xlsx|中文暗网交易市场|seller_raw:519199,train,negative,text_clone_primary,491210,519199
market_item.xlsx|中文暗网交易市场|seller_raw:514214||market_item.xlsx|茶马古道|seller_raw:/shop/397707,train,negative,text_clone_primary,514214,/shop/397707
market_item.xlsx|中文暗网交易市场|seller_raw:581460||market_item.xlsx|茶马古道|seller_raw:/shop/425704,train,negative,text_clone_primary,581460,/shop/425704
market_item.xlsx|中文暗网交易市场|seller_raw:536419||market_item.xlsx|茶马古道|seller_raw:/shop/397527,train,negative,text_clone_primary,536419,/shop/397527
market_item.xlsx|中文暗网交易市场|seller_raw:541533||market_item.xlsx|茶马古道|seller_raw:/shop/399807,train,negative,text_clone_primary,541533,/shop/399807
market_item.xlsx|中文暗网交易市场|seller_raw:39516||market_item.xlsx|中文暗网交易市场|seller_raw:64954,train,positive,semantic_only,39516,64954
market_item.xlsx|中文暗网交易市场|seller_raw:605879||market_item.xlsx|中文暗网交易市场|seller_raw:606388,train,positive,semantic_structural,605879,606388
market_item.xlsx|中文暗网交易市场|seller_raw:566597||market_item.xlsx|中文暗网交易市场|seller_raw:68788,train,negative,semantic_only,566597,68788
market_item.xlsx|中文暗网交易市场|seller_raw:596097||market_item.xlsx|中文暗网交易市场|seller_raw:605002,train,positive,semantic_structural,596097,605002
market_item.xlsx|中文暗网交易市场|seller_raw:531087||market_item.xlsx|茶马古道|seller_raw:/shop/406711,train,negative,semantic_only,531087,/shop/406711
market_item.xlsx|中文暗网交易市场|seller_raw:462296||market_item.xlsx|中文暗网交易市场|seller_raw:534628,train,positive,semantic_structural,462296,534628
market_item.xlsx|中文暗网交易市场|seller_raw:596097||market_item.xlsx|中文暗网交易市场|seller_raw:606388,train,positive,semantic_structural,596097,606388
market_item.xlsx|中文暗网交易市场|seller_raw:446965||market_item.xlsx|中文暗网交易市场|seller_raw:70840,train,positive,identifier_primary,446965,70840
market_item.xlsx|中文暗网交易市场|seller_raw:534628||market_item.xlsx|中文暗网交易市场|seller_raw:605663,train,positive,identifier_primary,534628,605663
market_item.xlsx|中文暗网交易市场|seller_raw:361068||market_item.xlsx|中文暗网交易市场|seller_raw:501102,train,positive,identifier_primary,361068,501102
market_item.xlsx|中文暗网交易市场|seller_raw:501102||market_item.xlsx|中文暗网交易市场|seller_raw:537697,train,positive,identifier_primary,501102,537697
market_item.xlsx|中文暗网交易市场|seller_raw:433599||market_item.xlsx|中文暗网交易市场|seller_raw:435064,train,positive,identifier_primary,433599,435064
market_item.xlsx|中文暗网交易市场|seller_raw:501102||market_item.xlsx|中文暗网交易市场|seller_raw:596304,train,positive,identifier_primary,501102,596304
market_item.xlsx|中文暗网交易市场|seller_raw:361068||market_item.xlsx|中文暗网交易市场|seller_raw:537697,train,positive,identifier_primary,361068,537697
market_item.xlsx|中文暗网交易市场|seller_raw:581293||market_item.xlsx|茶马古道|seller_raw:/shop/428434,train,positive,text_clone_primary,581293,/shop/428434
market_item.xlsx|中文暗网交易市场|seller_raw:569674||market_item.xlsx|茶马古道|seller_raw:/shop/402703,train,positive,text_clone_primary,569674,/shop/402703
market_item.xlsx|中文暗网交易市场|seller_raw:605666||market_item.xlsx|茶马古道|seller_raw:/shop/453229,train,positive,text_clone_primary,605666,/shop/453229
market_item.xlsx|茶马古道|seller_raw:/shop/7784||market_item.xlsx|茶马古道|seller_raw:/shop/8546,train,positive,text_clone_primary,/shop/7784,/shop/8546
market_item.xlsx|中文暗网交易市场|seller_raw:605886||market_item.xlsx|茶马古道|seller_raw:/shop/446566,train,positive,text_clone_primary,605886,/shop/446566
market_item.xlsx|中文暗网交易市场|seller_raw:605890||market_item.xlsx|中文暗网交易市场|seller_raw:605928,train,positive,semantic_structural,605890,605928
market_item.xlsx|中文暗网交易市场|seller_raw:510154||market_item.xlsx|茶马古道|seller_raw:/shop/436749,train,positive,text_clone_primary,510154,/shop/436749
market_item.xlsx|中文暗网交易市场|seller_raw:551987||market_item.xlsx|茶马古道|seller_raw:/shop/406894,train,positive,text_clone_primary,551987,/shop/406894
market_item.xlsx|茶马古道|seller_raw:/shop/463004||market_item.xlsx|茶马古道|seller_raw:/shop/463446,train,positive,text_clone_primary,/shop/463004,/shop/463446
market_item.xlsx|中文暗网交易市场|seller_raw:531087||market_item.xlsx|中文暗网交易市场|seller_raw:548133,train,positive,text_clone_primary,531087,548133
market_item.xlsx|中文暗网交易市场|seller_raw:581690||market_item.xlsx|茶马古道|seller_raw:/shop/425704,train,positive,text_clone_primary,581690,/shop/425704
market_item.xlsx|中文暗网交易市场|seller_raw:526589||market_item.xlsx|茶马古道|seller_raw:/shop/397707,train,negative,text_clone_primary,526589,/shop/397707
market_item.xlsx|中文暗网交易市场|seller_raw:543006||market_item.xlsx|茶马古道|seller_raw:/shop/399807,train,negative,text_clone_primary,543006,/shop/399807
market_item.xlsx|中文暗网交易市场|seller_raw:544004||market_item.xlsx|茶马古道|seller_raw:/shop/399807,train,negative,text_clone_primary,544004,/shop/399807
market_item.xlsx|中文暗网交易市场|seller_raw:527285||market_item.xlsx|茶马古道|seller_raw:/shop/397675,train,negative,text_clone_primary,527285,/shop/397675
market_item.xlsx|中文暗网交易市场|seller_raw:71807||market_item.xlsx|茶马古道|seller_raw:/shop/736,train,negative,text_clone_primary,71807,/shop/736
market_item.xlsx|中文暗网交易市场|seller_raw:529453||market_item.xlsx|茶马古道|seller_raw:/shop/397675,train,negative,text_clone_primary,529453,/shop/397675
market_item.xlsx|中文暗网交易市场|seller_raw:548133||market_item.xlsx|茶马古道|seller_raw:/shop/399807,train,negative,text_clone_primary,548133,/shop/399807
market_item.xlsx|茶马古道|seller_raw:/shop/429138||market_item.xlsx|茶马古道|seller_raw:/shop/435113,train,negative,text_clone_primary,/shop/429138,/shop/435113
market_item.xlsx|中文暗网交易市场|seller_raw:514820||market_item.xlsx|茶马古道|seller_raw:/shop/397707,train,negative,text_clone_primary,514820,/shop/397707
market_item.xlsx|中文暗网交易市场|seller_raw:494256||market_item.xlsx|茶马古道|seller_raw:/shop/433651,train,negative,text_clone_primary,494256,/shop/433651
market_item.xlsx|中文暗网交易市场|seller_raw:562028||market_item.xlsx|茶马古道|seller_raw:/shop/402602,train,negative,text_clone_primary,562028,/shop/402602
market_item.xlsx|茶马古道|seller_raw:/shop/406204||market_item.xlsx|茶马古道|seller_raw:/shop/444891,train,negative,text_clone_primary,/shop/406204,/shop/444891
market_item.xlsx|中文暗网交易市场|seller_raw:593428||market_item.xlsx|茶马古道|seller_raw:/shop/433481,train,negative,text_clone_primary,593428,/shop/433481
market_item.xlsx|中文暗网交易市场|seller_raw:528850||market_item.xlsx|茶马古道|seller_raw:/shop/395629,train,negative,text_clone_primary,528850,/shop/395629
market_item.xlsx|茶马古道|seller_raw:/shop/418858||market_item.xlsx|茶马古道|seller_raw:/shop/430878,train,negative,semantic_only,/shop/418858,/shop/430878
market_item.xlsx|茶马古道|seller_raw:/shop/399003||market_item.xlsx|茶马古道|seller_raw:/shop/458800,train,negative,semantic_only,/shop/399003,/shop/458800
