paper_queue_rank,target_bucket,target_reason,suggested_label,review_priority,review_instruction,source_buckets,score_tokens_present,lr_l2_seed_count,lr_l2_prob_min,lr_l2_prob_mean,lr_l2_prob_max,zero_shot_bge_m3_prob,identifier_prob_mean,identifier_prob_max,any_current_prob_max,touches_strict_direct_proof_seller,strict_direct_proof_seller_uids,existing_active_bool,existing_active_review_status,existing_active_review_label,existing_frozen_bool,balanced_review_rank,review_stratum,pair_uid,candidate_scope,candidate_rule_hits,candidate_rank_score,alias_relation,same_market_raw,source_market_raw_left,source_market_raw_right,source_seller_raw_left,source_seller_raw_right,shared_contact_values,shared_title_values,shared_description_values,shared_category_values,shared_pgp_fingerprint_values,lexical_similarity,structural_support_score,left_preview,right_preview,review_status,review_label,reviewer_id,review_notes,candidate_language,data_bucket,seller_uid_left,seller_uid_right,alias_normalized_left,alias_normalized_right,item_count_left,item_count_right,shared_contact_count,shared_contact_types,shared_title_count,shared_description_count,shared_category_count,item_count_ratio,price_median_ratio,style_distance_l1,shared_pgp_fingerprint_count,pgp_alias_hit_count_left,pgp_alias_hit_count_right,candidate_rule_count
1,robust_lr_l2_high_score_unreviewed,paper_targeted_expansion|robust_lr_l2_high_score_unreviewed,review_required,high,Review as possible non-identifier positive only if there is exact low-frequency text/structure closure strong enough to survive the template-resale objection. Do not mark positive from model score alone.,robust_lr_l2_high_score_unreviewed || identifier_control_high_score_unreviewed,core_few_shot_bge_m3_lr_l2_ratio_10pct_seed_20260320 || core_few_shot_bge_m3_lr_l2_ratio_10pct_seed_20260321 || core_few_shot_bge_m3_lr_l2_ratio_10pct_seed_20260322 || core_zero_shot_bge_m3 || identifier_augmented_few_shot_default_ratio_100pct_seed_20260322 || identifier_augmented_few_shot_default_ratio_50pct_seed_20260321,3,0.990451,0.991035,0.991594,0.915161,0.916961,0.951339,0.991594,0,,1,pending,,0,83,text_clone_primary,market_item.xlsx|中文暗网交易市场|seller_raw:344175||market_item.xlsx|茶马古道|seller_raw:/shop/1239,sockpuppet_primary,profile_lexical_neighbor|shared_description_clone|shared_title_clone,13.140224,different_alias,false,中文暗网交易市场,茶马古道,344175,/shop/1239,,极速ExpressVPN电脑版最稳定VPN赠送几款免费VPN || 内部培训催眠全套视频教程初中高级瞬间催眠自动发货 || 过人脸教程套餐+加过视频教程，自动发货 || 典藏级：纯干货，PUA教学资料，国内外顶级大神资料，授人以渔,自动发货 基礎理論初級催眠 11篇 手把手教實戰 9篇 自我催眠 3篇 實例 5級催眠負性幻覺 手指變成手槍 實例 5級催眠負性幻覺 將人變成悟空 實例 6級催眠記憶回溯前世今生 催眠中級理論 2篇 催眠治療講解 4篇 催眠高級理論 6篇 高級實戰催眠 2篇 瞬間催眠與心錨建立（精華中的精華） 6篇 瞬間催眠（包含NLP） 5篇 瞬間催眠之暴力催眠 3... || 我觉得吧授人以鱼不如授人以渔，所以今天我就把我的压箱底给拿出来，PUA这门课其实说白了也是一把双刃剑，看你怎么用，有的人以为学点皮毛就去搞什么骗，其实也有好的一面，就像教程里面的很多，这些就可以帮助很多内向的人重新找到自信，帮助我们在职场社会官场等等等游刃有余，这就是一种好的方面，所谓男女搭配干活不累嘛 || 这是本人在以前老电脑里压箱底，以前收藏的最全国内外PUA各达人教程和文章见解，包括PUA创始人迷男方法，包括里面最著名的M3模型，墨菲，David的约会倍增术，杂耍人方法，冷读书，尼尔的把妹达人和他的第二版型男30天任务，国内的成真，七烟，死囚的五步陷阱，也包括陌陌速推，还有国内外大神的常用惯例等等等等,,,0.23944,0.351792,T: 顶级资源大放送-韩国美女天团全尺度视频+熊猫TV人气主播梦竟完整视频+韩国胜利门Bigbang事件等等 || 极速ExpressVPN电脑版最稳定VPN赠送几款免费VPN | D: AI人工换脸技术，用处自己开发，自动发货 表网的一些换脸视频用的都是这套技术，包括做的一些明星网红艳照门等等 小白可根据教程也能轻松做出自己想要的，但这不像过人脸只是简单点头摇头等，这是一个换脸视频操作，你可以把它当成过人脸的升级款，但只要你肯花时间研究，我相信它绝对会比任何过人脸的软件做出来的更加完美，当然技术... | C: 虚拟物品 || 技术技能,"T: 黄网教程目前最全面的教程，包含源码洗钱等等一应俱全，拍下自动发货 || 过人脸教程套餐+加过视频教程，自动发货 | D: 新人入世，此教程在外已卖近百份 新入此站，本店全部商品八折出售，只为交个朋友 如果你是小白没有建站基础,一步 一步的按照教程来操作 那就绝对没有问题了 重点1，关于数据采集,采集出来的,有好多都是无效地址的,后台一键删除就OK 重点2，投资小,给大家算下.服务器360+域名60=420 全部搞定 要知道最不缺流量... | C: 虚拟 || 技术",reviewed,uncertain,codex_paper_targeted_conservative_review_20260422,codex_paper_review: uncertain; high model score is driven by product/template/data overlap without a seller-specific identity anchor.,zh,zh_target_strict,market_item.xlsx|中文暗网交易市场|seller_raw:344175,market_item.xlsx|茶马古道|seller_raw:/shop/1239,344175,/shop/1239,24,10,0,,4,5,0,0.416667,2.3e-05,0.019039,0,0,0,3
2,robust_lr_l2_high_score_unreviewed,paper_targeted_expansion|robust_lr_l2_high_score_unreviewed,review_required,high,Review as possible non-identifier positive only if there is exact low-frequency text/structure closure strong enough to survive the template-resale objection. Do not mark positive from model score alone.,robust_lr_l2_high_score_unreviewed,core_few_shot_bge_m3_lr_l2_ratio_10pct_seed_20260320 || core_few_shot_bge_m3_lr_l2_ratio_10pct_seed_20260321 || core_few_shot_bge_m3_lr_l2_ratio_10pct_seed_20260322 || core_zero_shot_bge_m3 || identifier_augmented_few_shot_default_ratio_100pct_seed_20260322 || identifier_augmented_few_shot_default_ratio_50pct_seed_20260321,3,0.958089,0.959189,0.960770,0.807408,0.598014,0.637113,0.960770,0,,1,pending,,0,158,text_clone_primary,market_item.xlsx|中文暗网交易市场|seller_raw:326247||market_item.xlsx|茶马古道|seller_raw:/shop/504,sockpuppet_primary,profile_lexical_neighbor|shared_description_clone,11.512872,different_alias,false,中文暗网交易市场,茶马古道,326247,/shop/504,,,"单笔10000到50000 日间快捷：单笔入金50-3999（凌晨6点到晚上23点） 夜间快捷：单笔入金50-3000（晚上23点到6点) 结算规则：百分百全额D0 代付规则：3万起提 (晚上9点到凌晨2点4小时不能出款) --------产品费率如下------------------------ 银联扫码、京东扫码 1.4% 支付宝个码扫码 2.7... || 外扣 结算规则：满三万下发 京东银联二维码扫码 交易时间：24小时 交易单笔：10-5000（不支持农行APP扫码） 代付单笔：10-30000 代付时间：24小时 手续费：2元 || 原生通道支持APP软件直接跳转，承接BC等各种收款行业使用,通道有支付演示视频，实时下发代付资金安全有保障",,,0.920133,0.496037,T: [更新]代开银行三方API网银快捷扫码收款通道 支持BC JR等行业 || [更新]代开银行三方API网银快捷扫码收款通道 支持BC JR等行业 | D: 单笔10000到50000 日间快捷：单笔入金50-3999（凌晨6点到晚上23点） 夜间快捷：单笔入金50-3000（晚上23点到6点) 结算规则：百分百全额D0 代付规则：3万起提 (晚上9点到凌晨2点4小时不能出款) --------产品费率如下------------------------ 银联扫码、京... | C: 服务业务,T: 代开银行三方API网银快捷支付宝扫码收款通道 支持BC等行业 || 代开银行三方API网银快捷支付宝扫码收款通道 支持BC等行业 | D: 单笔10000到50000 日间快捷：单笔入金50-3999（凌晨6点到晚上23点） 夜间快捷：单笔入金50-3000（晚上23点到6点) 结算规则：百分百全额D0 代付规则：3万起提 (晚上9点到凌晨2点4小时不能出款) --------产品费率如下------------------------ 银联扫码、京... | C: 数据,reviewed,uncertain,codex_paper_targeted_conservative_review_20260422,codex_paper_review: uncertain; model score alone is not sufficient for a defensible Step 5 positive label.,zh,zh_target_strict,market_item.xlsx|中文暗网交易市场|seller_raw:326247,market_item.xlsx|茶马古道|seller_raw:/shop/504,326247,/shop/504,1,1,0,,0,6,0,1.0,1.9e-05,0.031744,0,0,0,2
3,robust_lr_l2_high_score_unreviewed,paper_targeted_expansion|robust_lr_l2_high_score_unreviewed,review_required,high,Review as possible non-identifier positive only if there is exact low-frequency text/structure closure strong enough to survive the template-resale objection. Do not mark positive from model score alone.,robust_lr_l2_high_score_unreviewed || identifier_control_high_score_unreviewed,core_few_shot_bge_m3_lr_l2_ratio_10pct_seed_20260320 || core_few_shot_bge_m3_lr_l2_ratio_10pct_seed_20260321 || core_few_shot_bge_m3_lr_l2_ratio_10pct_seed_20260322 || core_zero_shot_bge_m3 || identifier_augmented_few_shot_default_ratio_100pct_seed_20260322 || identifier_augmented_few_shot_default_ratio_50pct_seed_20260321,3,0.956710,0.958761,0.962659,0.915161,0.921386,0.957015,0.962659,0,,1,pending,,0,176,text_clone_primary,market_item.xlsx|中文暗网交易市场|seller_raw:596057||market_item.xlsx|茶马古道|seller_raw:/shop/447283,sockpuppet_primary,profile_lexical_neighbor|shared_description_clone|shared_title_clone,11.187358,different_alias,false,中文暗网交易市场,茶马古道,596057,/shop/447283,,2021年最新一手4386条南洋商业银行信用卡数据 || 2021年最新一手招行信用卡数据17822条,2021年最新一手4386条南洋商业银行信用卡数据 一手信用卡数据，2021年最新流出4386条南洋商业银行 数据格式：姓名|身份证号码|性别|地址|信用卡卡号|预留手机号|发卡行|卡种 数据保真，附图有测试数据，请先验证再购买 || 2021年最新一手招行信用卡数据17822条 一手信用卡数据，2021年招商银行最新流出17822条 数据格式：姓名|身份证号码|性别|地址|信用卡卡号|预留手机号|发卡行|卡种 数据保真，附图有测试数据，请先验证再购买 || 2021年最新一手招行信用卡数据17822条 一手信用卡数据，2021年招商银行最新流出17822条 数据格式：姓名|身份证号码|性别|地址|信用卡卡号|预留手机号|发卡行|卡种 数据保真，附图有测试数据，请先验证再购买。 拍下后系统会立刻自动回复下载链接，请注意查收！ ————————————————,,,0.264831,0.299186,T: 2021年最新一手4386条南洋商业银行信用卡数据 || 2021年最新一手招行信用卡数据17822条 | D: 2021年最新一手4386条南洋商业银行信用卡数据 一手信用卡数据，2021年最新流出4386条南洋商业银行 数据格式：姓名|身份证号码|性别|地址|信用卡卡号|预留手机号|发卡行|卡种 数据保真，附图有测试数据，请先验证再购买 | C: 数据资源,T: 2021年最新一手4386条南洋商业银行信用卡数据 || 2021年最新农业银行客户48488条银行卡数据 | D: 2021年最新民生银行卡数据38692条含完整信息 民生银行2021年最新流出银行卡数据38692条，包含详细的个人信息 本次流出的数据为借记卡数据 数据格式：姓名|身份证号|性别|籍贯|银行卡号|卡类型|发卡行|卡种|预留手机 详见附图，有数据样本，自行测试 拍下自动发货，通过自动回复的下载链接下载即可 ———... | C: 数据,reviewed,uncertain,codex_paper_targeted_conservative_review_20260422,codex_paper_review: uncertain; high model score is driven by product/template/data overlap without a seller-specific identity anchor.,zh,zh_target_strict,market_item.xlsx|中文暗网交易市场|seller_raw:596057,market_item.xlsx|茶马古道|seller_raw:/shop/447283,596057,/shop/447283,2,9,0,,2,4,0,0.222222,2.9e-05,0.051017,0,0,0,3
4,robust_lr_l2_high_score_unreviewed,paper_targeted_expansion|robust_lr_l2_high_score_unreviewed,review_required,high,Review as possible non-identifier positive only if there is exact low-frequency text/structure closure strong enough to survive the template-resale objection. Do not mark positive from model score alone.,robust_lr_l2_high_score_unreviewed || identifier_control_high_score_unreviewed,core_few_shot_bge_m3_lr_l2_ratio_10pct_seed_20260320 || core_few_shot_bge_m3_lr_l2_ratio_10pct_seed_20260321 || core_few_shot_bge_m3_lr_l2_ratio_10pct_seed_20260322 || core_zero_shot_bge_m3 || identifier_augmented_few_shot_default_ratio_100pct_seed_20260322 || identifier_augmented_few_shot_default_ratio_50pct_seed_20260321,3,0.955949,0.957495,0.959727,0.915161,0.931061,0.966414,0.966414,0,,1,pending,,0,74,text_clone_primary,market_item.xlsx|中文暗网交易市场|seller_raw:580908||market_item.xlsx|茶马古道|seller_raw:/shop/428010,sockpuppet_primary,profile_lexical_neighbor|shared_description_clone|shared_title_clone,13.4038,different_alias,false,中文暗网交易市场,茶马古道,580908,/shop/428010,,2021最新一手优质活跃中信证券股民数据_支持先测后拍 || 419上海证券内部泄露新库118596条_先测后拍,2021年4月19日最新上海证券内部泄露数据118596条 数据格式：姓名_身份证_地区_联系方式_运营商_证券账户_投资风格_持仓个股_持仓个股_资产总额 数据保真 数据保真 数据保真 支持先测后购 支持先测后购 支持先测后购 测试地址：https://mega.nz/file/VgogkBSJ#XEFE0ZnjUbS59CjG1b-TMFdLkya... || 测试数据不保任何效果【因为测试会有多人下载使用】 测试地址：MEGA网盘自行下载：https://mega.nz/file/Jx5HiYbK#SIHT_Ws7z5bOz750ERSA3hWLdLn6Z-STVBJPFJpf7GE 为不影响本数据质量问题 || 数据共有：159391条 数据格式：姓名_性别_身份证_归属地_手机号_运营商_资金账户_账户资产 数据保真,,,0.631755,0.306635,T: 全网首发9月最新中信证券112331位新股民电话预约开户数据 || 2021最新一手优质活跃中信证券股民数据_支持先测后拍 | D: 日期：2021年1月15日 出处：兴业证券内部工作人员泄露股民数据 数量：282520条 格式：姓名___身份证___地址___电话___运营商___资金账户___账户资产 纯一手数据___数据质量优质___提供少量测试___先购先得先开发 兴业证券官网：www.xyzq.com.cn 免费提供1000条测试__... | C: 数据资源 || 私人专拍,T: 2021最新一手优质活跃中信证券股民数据_支持先测后拍 || 2021最新一手优质活跃中信证券股民数据_支持先测后拍 | D: 2021年4月19日最新上海证券内部泄露数据118596条 数据格式：姓名_身份证_地区_联系方式_运营商_证券账户_投资风格_持仓个股_持仓个股_资产总额 数据保真 数据保真 数据保真 支持先测后购 支持先测后购 支持先测后购 测试地址：https://mega.nz/file/VgogkBSJ#XEFE0Zn... | C: 数据,reviewed,uncertain,codex_paper_targeted_conservative_review_20260422,codex_paper_review: uncertain; high model score is driven by product/template/data overlap without a seller-specific identity anchor.,zh,zh_target_strict,market_item.xlsx|中文暗网交易市场|seller_raw:580908,market_item.xlsx|茶马古道|seller_raw:/shop/428010,580908,/shop/428010,6,2,0,,2,5,0,0.333333,1.9e-05,0.213623,0,0,0,3
5,robust_lr_l2_high_score_unreviewed,paper_targeted_expansion|robust_lr_l2_high_score_unreviewed,review_required,high,Review as possible non-identifier positive only if there is exact low-frequency text/structure closure strong enough to survive the template-resale objection. Do not mark positive from model score alone.,robust_lr_l2_high_score_unreviewed,core_few_shot_bge_m3_lr_l2_ratio_10pct_seed_20260320 || core_few_shot_bge_m3_lr_l2_ratio_10pct_seed_20260321 || core_few_shot_bge_m3_lr_l2_ratio_10pct_seed_20260322 || core_zero_shot_bge_m3 || identifier_augmented_few_shot_default_ratio_100pct_seed_20260322 || identifier_augmented_few_shot_default_ratio_50pct_seed_20260321,3,0.950966,0.951804,0.953353,0.915161,0.787547,0.861475,0.953353,0,,1,pending,,0,155,text_clone_primary,market_item.xlsx|中文暗网交易市场|seller_raw:565911||market_item.xlsx|茶马古道|seller_raw:/shop/824,sockpuppet_primary,shared_description_clone|shared_title_clone,11.58316,different_alias,false,中文暗网交易市场,茶马古道,565911,/shop/824,,2020直播平台源码高度二开裸播脱衣版无限制完美运营版 || 全新直播三合一菠菜平台接入时时彩AGBG等游戏 || 2020直播平台源码套餐服务补拍,2020云豹直播平台 此版本为官方原版纯净版、无修改、无阉割，高度二开裸播脱衣版。 ------------------------------------------------------------------------- 安卓+IOS+3级推广+VIP观看短视频+vip守护+进场坐骑+主播pk+互动连麦+直播间红包+转盘抽奖+直播间幸运礼物+... || 2020直播APP三合一平台支持棋牌、博彩、直播、无修改、无阉割，博彩版。 ------------------------------------------------------------------------- 2020直播APP、三合一、棋牌、BC、直播、功能强大，高端产品无限代理返佣。 -------------------------... || 按照套餐数量补拍，不是直播源码服务请不要起拍，不要造成大家的困扰。,,,0.0,0.29158,T: 2020直播平台源码高度二开裸播脱衣版无限制完美运营版 || 2020直播平台源码高度二开裸播脱衣版无限制完美运营版 | D: 更新大量工作室存档 更新游戏问题解答 系统： Windows 8.1/10(64位) 处理器(CPU)： Intel i3-4000系列 Intel i3-4340 * AMD FX-6300 * AMD Ryzen 3 1200 * 内存： 4 GB 显示卡： NVidia GeForce GTX 700系列 ... | C: 服务业务 || 私人专拍,T: 【自动发货】全新版本页游平台|开源网页游戏平台源码|游戏代理|混服联运系统|网页游戏代理平台 || 一条龙服务2020直播三合一开版代理模式 | D: ----------------------------------------------------------------------------------------------- 操作系统: win2003/win2008 服务环境: IIS6.0或更高 数 据 库: MYSQL 推荐CPU : 双核... | C: 虚拟 || 担保私拍,reviewed,uncertain,codex_paper_targeted_conservative_review_20260422,codex_paper_review: uncertain; high model score is driven by product/template/data overlap without a seller-specific identity anchor.,zh,zh_target_strict,market_item.xlsx|中文暗网交易市场|seller_raw:565911,market_item.xlsx|茶马古道|seller_raw:/shop/824,565911,/shop/824,6,17,0,,3,3,0,0.352941,0.0,0.373245,0,0,0,2
6,robust_lr_l2_high_score_unreviewed,paper_targeted_expansion|robust_lr_l2_high_score_unreviewed,review_required,high,Review as possible non-identifier positive only if there is exact low-frequency text/structure closure strong enough to survive the template-resale objection. Do not mark positive from model score alone.,robust_lr_l2_high_score_unreviewed,core_few_shot_bge_m3_lr_l2_ratio_10pct_seed_20260320 || core_few_shot_bge_m3_lr_l2_ratio_10pct_seed_20260321 || core_few_shot_bge_m3_lr_l2_ratio_10pct_seed_20260322 || core_zero_shot_bge_m3 || identifier_augmented_few_shot_default_ratio_100pct_seed_20260322 || identifier_augmented_few_shot_default_ratio_50pct_seed_20260321,3,0.938188,0.941123,0.945595,0.915161,0.795365,0.853733,0.945595,0,,1,pending,,0,344,text_clone_primary,market_item.xlsx|中文暗网交易市场|seller_raw:605181||market_item.xlsx|茶马古道|seller_raw:/shop/446569,sockpuppet_primary,profile_lexical_neighbor|shared_description_clone|shared_title_clone,9.987984,different_alias,false,中文暗网交易市场,茶马古道,605181,/shop/446569,,最新稀缺实名彩票数据74922条_中彩网活跃玩家,数据格式：用户名|昵称|真实姓名|手机号|手机号运营商|身份证号|性别|出生年月日|所在省|所在市|创建时间 客户在平台进行身份证实名认证绑卡等，适合深度开发成为大客户或代理 || 最新稀缺实名彩票数据74922条_中彩网活跃玩家 稀缺资源——彩票实名数据，2021年最新脱库中彩网zhcw.com，实名资深玩家数据，共74922条 || 需要验证请官网下载APP用手机号码进行反向注册验证（网页端不支持验证）,,,0.397851,0.300439,T: 最新稀缺实名彩票数据74922条_中彩网活跃玩家 || 最新稀缺实名彩票数据74922条_中彩网活跃玩家 | D: 数据格式：用户名|昵称|真实姓名|手机号|手机号运营商|身份证号|性别|出生年月日|所在省|所在市|创建时间 客户在平台进行身份证实名认证绑卡等，适合深度开发成为大客户或代理 | C: 数据资源,T: 最新稀缺实名彩票数据74922条_中彩网活跃玩家 || 最新脱库彩票数据16236条信彩带网址可验证 | D: 最新脱库彩票数据34922条玩彩带网址可验证 外围彩票平台，玩彩，网址：http://wcai06.com，新脱库34922条 数据格式：user_id|account|password|full_name|phone|qq|reg_ip|省份|城市|运营商 数据可以通过在线验证，在首页点击“注册”，在注册页面输... | C: 数据,reviewed,uncertain,codex_paper_targeted_conservative_review_20260422,codex_paper_review: uncertain; high model score is driven by product/template/data overlap without a seller-specific identity anchor.,zh,zh_target_strict,market_item.xlsx|中文暗网交易市场|seller_raw:605181,market_item.xlsx|茶马古道|seller_raw:/shop/446569,605181,/shop/446569,1,4,0,,1,5,0,0.25,4e-05,0.096566,0,0,0,3
7,robust_lr_l2_high_score_unreviewed,paper_targeted_expansion|robust_lr_l2_high_score_unreviewed,review_required,high,Review as possible non-identifier positive only if there is exact low-frequency text/structure closure strong enough to survive the template-resale objection. Do not mark positive from model score alone.,robust_lr_l2_high_score_unreviewed,core_few_shot_bge_m3_lr_l2_ratio_10pct_seed_20260320 || core_few_shot_bge_m3_lr_l2_ratio_10pct_seed_20260321 || core_few_shot_bge_m3_lr_l2_ratio_10pct_seed_20260322 || core_zero_shot_bge_m3 || identifier_augmented_few_shot_default_ratio_100pct_seed_20260322 || identifier_augmented_few_shot_default_ratio_50pct_seed_20260321,3,0.926488,0.927619,0.929223,0.915161,0.777297,0.810630,0.929223,0,,1,pending,,0,191,text_clone_primary,market_item.xlsx|中文暗网交易市场|seller_raw:550719||market_item.xlsx|茶马古道|seller_raw:/shop/417610,sockpuppet_primary,profile_lexical_neighbor|shared_description_clone|shared_title_clone,11.07015,different_alias,false,中文暗网交易市场,茶马古道,550719,/shop/417610,,出APP过人脸软件全套教程简单易会白菜价格造福大众,"宝妈网333w全国宝妈数据可用于幼教学前教育推广 数量巨大足够大半年淘金了 特别适合女性产品精准营销， 比如母婴，妇科，儿童，教育，女装，奢侈品A货，等等女性相关的 数据是19年年中的历史数据，你只要将宝宝年龄加1-2岁就可以得到宝宝现在的真实年龄 宝妈网流出的数据，一共333万多，已按照省份分不同的表格 内含：网站昵称|手机号码|所在省市|宝宝年龄 ... || 数据不是最新的 近几年博彩数据 加在一起超过1000万的数据 买一送四 大部分博彩综合盘 体育 时时彩的会员数据，足够让您挖金大半年了的 还有杂七杂八的一些数据自己研究吧 数据基本包含姓名 用户名 密码 金额 提款银行卡或者支付宝的 图里所见即打包里的商品，购买快速发货， 网络资源虚拟物品售出不退,懂行的来，数据详细保真用途可以广泛使用 自己无限开发 ... || 物超所值 值得拥有 1.无限开通商家码教程 (288￥收的) 2.最新登录跳过人脸技术 (158￥收的) 3.过人脸CT软件+教程 (188￥收的) 4.VX查实名技术 (158￥收的) 5.VX强开临时登录技术 (188￥收的) 6.VX强行注销实名账户技术(98￥收的) 7.VX上传SFZ正反面技术(158￥收的) 8.VX避免大封杀技术(98￥收...",,,0.52751,0.452545,T: 最新型组织卖淫项目教程放款送全国5000份小姐姐信息资源 || 高清11万套营业执照及法人手持身份证银行卡门头照合同电话 | D: 17000套精选<营业执照>手持照+法人身份正反面照+开户许可证+办公照等 分别包括： （400套高清的营业执照加手持+开户许可证+法人身份证） （13000多套大学生身份证正反面+手持身份证+银行卡+手机号） 400套精选高清的营业执照加手持，开户许可证，法人身份证正反等 部分还包含办公环境照，门头照等等其他材... | C: 技术技能 || 数据资源,"T: ❤★❤➥➥搞灰产你需要的东西,300套黑灰产路子+避开喝茶教程+身份证正反面手持信息，避开网警调查的教程 || ★★➥➥超值！6.3万条2020招商银行金卡客户身份证号地址手机号，低价出，买一送一 | D: 17000套精选手持照+法人身份正反面照+开户许可证+办公照等 分别包括： （400套高清的营业执照加手持+开户许可证+法人身份证） （13000多套大学生身份证正反面+手持身份证+银行卡+手机号） 400套精选高清的营业执照加手持，开户许可证，法人身份证正反等 部分还包含办公环境照，门头照等等其他材料 各个地区... | C: 数据 || 技术",reviewed,uncertain,codex_paper_targeted_conservative_review_20260422,codex_paper_review: uncertain; high model score is driven by product/template/data overlap without a seller-specific identity anchor.,zh,zh_target_strict,market_item.xlsx|中文暗网交易市场|seller_raw:550719,market_item.xlsx|茶马古道|seller_raw:/shop/417610,550719,/shop/417610,24,22,0,,1,7,0,0.916667,6e-05,0.213095,0,0,0,3
8,robust_lr_l2_high_score_unreviewed,paper_targeted_expansion|robust_lr_l2_high_score_unreviewed,review_required,high,Review as possible non-identifier positive only if there is exact low-frequency text/structure closure strong enough to survive the template-resale objection. Do not mark positive from model score alone.,robust_lr_l2_high_score_unreviewed,core_few_shot_bge_m3_lr_l2_ratio_10pct_seed_20260320 || core_few_shot_bge_m3_lr_l2_ratio_10pct_seed_20260321 || core_few_shot_bge_m3_lr_l2_ratio_10pct_seed_20260322 || core_zero_shot_bge_m3 || identifier_augmented_few_shot_default_ratio_100pct_seed_20260322 || identifier_augmented_few_shot_default_ratio_50pct_seed_20260321,3,0.910743,0.914973,0.921638,0.915161,0.839921,0.891075,0.921638,0,,1,pending,,0,401,text_clone_primary,market_item.xlsx|中文暗网交易市场|seller_raw:472165||market_item.xlsx|茶马古道|seller_raw:/shop/402703,sockpuppet_primary,shared_description_clone|shared_title_clone,9.731758,different_alias,false,中文暗网交易市场,茶马古道,472165,/shop/402703,,做灰产，防止喝茶的防御手段！ || 本人引粉的实战经验,"研究测试了很长一段时间，很多个因素不做了，第一，每天要私信，我是个人单干，搞这点粉，没有前途，我也没有好的转化的业务，第二，出售给别人粉，一整天要私信，虽然粉丝来的后续多，有的收粉商家规定的短时间内快速达到数量，总感觉自己划不来，（你完全可以不卖别人粉，直接引到微信，qq,把号卖了，有很多平台收）第三，我看到有朋友做色站挺赚钱，筹划着搞这个，不想再这块... || 我会写详细的教程，以及我的做法，我的经验尽可能写出来，其中我用到的软件，卡商，工具，vps之类的，原则上是不推荐给你们（害怕被管理定义为站外诱导付费），教程也会很简略的写明哪里有出售，比如淘宝有卖，或者咸鱼有卖，但是你们在没有好的选择的情况下，我抱着负责的态度分享我在哪里买的，用的是哪里的卡商，以及中间的误区，与少走弯路的地方 || 本教程是我全部经验的心得，纯属经验理论，为了学习方便，照顾小白的朋友，我会赠送你我引流之前学习的关于豆瓣网的多套花大价钱买的稀有教程，你先学会那些我看过的教程之后，再看我的经验成果，对豆瓣引流有一些经验的朋友可以不看",,,0.0,0.365879,T: GSM短信嗅探采集拦截盗刷银行卡技术教程 || 迷药配方蒙汗药配方制作方法教程 | D: 主要内容包括以下 1.告诉你需要什么设备 2.扫描采集到的手机号测试那些可用 3.被刷对象的个人信息4件套的准备 4.如何消费套现 本教程不包含嗅探设备，设备可以买现成做好的，设备会配有系统软件 除了嗅探设备还需要准备2台笔记本电脑，安卓或者苹果手机就不用说了，还有收款的黑卡 高价买来的教程，我自己不敢操作，便宜... | C: 基础知识 || 其它类别,"T: 最新电商打假退款不退货教程小白也可轻松操作 || 修车约炮搭讪把妹子玩会所的经典教程 | D: 教程为最新打假实操教程，保留了2016,2017有价值的法律法规案例，增加了2019,2020新改变的法律与平台政策以及案例，新手也可以轻松学会并实操开干，可以说很接地气，看下面新教程的目录图，你拍了之后，我之前搜集的旧教程，也一并发你，多思考多实践，相信你也可以做到白吃白占，顺带着发笔小财 | C: 其它 || 虚拟",reviewed,uncertain,codex_paper_targeted_conservative_review_20260422,codex_paper_review: uncertain; high model score is driven by product/template/data overlap without a seller-specific identity anchor.,zh,zh_target_strict,market_item.xlsx|中文暗网交易市场|seller_raw:472165,market_item.xlsx|茶马古道|seller_raw:/shop/402703,472165,/shop/402703,6,11,0,,2,6,0,0.545455,1.4e-05,0.163905,0,0,0,2
9,identifier_control_high_score_unreviewed,paper_targeted_expansion|identifier_control_high_score_unreviewed,review_required,high,Use the identifier-augmented scorer only as a triage signal. Mark positive only with seller-facing shared contact or unusually strong content closure; product/victim-data emails and public URLs are not positives.,identifier_control_high_score_unreviewed,core_few_shot_bge_m3_lr_l2_ratio_10pct_seed_20260320 || core_few_shot_bge_m3_lr_l2_ratio_10pct_seed_20260321 || core_few_shot_bge_m3_lr_l2_ratio_10pct_seed_20260322 || core_zero_shot_bge_m3 || identifier_augmented_few_shot_default_ratio_100pct_seed_20260322 || identifier_augmented_few_shot_default_ratio_50pct_seed_20260321,3,0.835372,0.841171,0.852499,0.915161,0.875436,0.928230,0.928230,0,,1,pending,,0,92,text_clone_primary,market_item.xlsx|中文暗网交易市场|seller_raw:596149||market_item.xlsx|茶马古道|seller_raw:/shop/447283,sockpuppet_primary,profile_lexical_neighbor|shared_description_clone|shared_title_clone,12.847632,different_alias,false,中文暗网交易市场,茶马古道,596149,/shop/447283,,2021年最新农业银行客户48488条银行卡数据 || 2021年最新平安银行客户36480条银行卡数据,2021年最新农业银行客户48488条银行卡数据 农业银行2021年最新内部流出银行卡数据48488条，内含详细的个人信息 数据格式：姓名|身份证号|性别|出生日期|籍贯|预留手机号|所在地|运营商|银行卡号|卡类型|卡种 详见附图，有数据样本，自行测试 拍下自动发货，通过自动回复的下载链接下载即可 —————————————————————— ———... || 2021年最新平安银行客户36480条银行卡数据 平安银行2021年最新内部流出银行卡数据36480条，内含详细的个人信息 数据格式：姓名|身份证号|性别|出生日期|籍贯|预留手机号|所在地|运营商|银行卡号|卡类型|卡种 详见附图，有数据样本，自行测试 拍下自动发货，通过自动回复的下载链接下载即可 —————————————————————— ———...,,,0.542443,0.296487,T: 2021年最新农业银行客户48488条银行卡数据 || 2021年最新平安银行客户36480条银行卡数据 | D: 2021年最新农业银行客户48488条银行卡数据 农业银行2021年最新内部流出银行卡数据48488条，内含详细的个人信息 数据格式：姓名|身份证号|性别|出生日期|籍贯|预留手机号|所在地|运营商|银行卡号|卡类型|卡种 详见附图，有数据样本，自行测试 拍下自动发货，通过自动回复的下载链接下载即可 ——————... | C: 数据资源,T: 2021年最新一手4386条南洋商业银行信用卡数据 || 2021年最新农业银行客户48488条银行卡数据 | D: 2021年最新民生银行卡数据38692条含完整信息 民生银行2021年最新流出银行卡数据38692条，包含详细的个人信息 本次流出的数据为借记卡数据 数据格式：姓名|身份证号|性别|籍贯|银行卡号|卡类型|发卡行|卡种|预留手机 详见附图，有数据样本，自行测试 拍下自动发货，通过自动回复的下载链接下载即可 ———... | C: 数据,reviewed,uncertain,codex_paper_targeted_conservative_review_20260422,codex_paper_review: uncertain; high model score is driven by product/template/data overlap without a seller-specific identity anchor.,zh,zh_target_strict,market_item.xlsx|中文暗网交易市场|seller_raw:596149,market_item.xlsx|茶马古道|seller_raw:/shop/447283,596149,/shop/447283,2,9,0,,2,2,0,0.222222,2.1e-05,0.072595,0,0,0,3
10,identifier_control_high_score_unreviewed,paper_targeted_expansion|identifier_control_high_score_unreviewed,review_required,high,Use the identifier-augmented scorer only as a triage signal. Mark positive only with seller-facing shared contact or unusually strong content closure; product/victim-data emails and public URLs are not positives.,identifier_control_high_score_unreviewed,core_few_shot_bge_m3_lr_l2_ratio_10pct_seed_20260320 || core_few_shot_bge_m3_lr_l2_ratio_10pct_seed_20260321 || core_few_shot_bge_m3_lr_l2_ratio_10pct_seed_20260322 || core_zero_shot_bge_m3 || identifier_augmented_few_shot_default_ratio_100pct_seed_20260322 || identifier_augmented_few_shot_default_ratio_50pct_seed_20260321,3,0.461970,0.477736,0.487799,0.410867,0.896196,0.927513,0.927513,0,,1,pending,,0,2012,text_clone_primary,market_item.xlsx|中文暗网交易市场|seller_raw:494406||market_item.xlsx|茶马古道|seller_raw:/shop/404772,sockpuppet_primary,shared_title_clone,4.826806,different_alias,false,中文暗网交易市场,茶马古道,494406,/shop/404772,,4月13号最新上线证券开户数据总共6w多条一口价墨迹屌丝勿扰 || 首发各炒股软件股民渗透数据总共11w多自动发货,,,,0.0,0.413403,"T: 本月最新第一财经股民登陆短信拦截数据10万条格式见图自动发货 || 最新东方财富股民短信拦截数据10万条格式见图自动发货 | D: 本月最新第一财经股民登陆短信拦截数据10万条 格式见图 数据易有复制性,拍下不退款(介意勿拍) 此帖只出5份售完即止，数据保证一手，没出过任何人 标价为8万条价格，拍下后主动放款，留言呼叫，第一时间会再赠送今日最新1万条 | C: 数据资源 || 私人专拍",T: 低价出售最新民泰证券股民上线总共31w条首次线上出售 || 同花顺内部股民资料总共80w条网站没有出过 | D: 京东母婴3月份购物数据共7万条 格式看上传的图片 都是3月份的料子 此数据不限购买次数 仅供测试使用 可复制品一经出售 不接受任何退款 白嫖者勿扰 新数据持续更新 有量的大佬欢迎来谈 拍下后mega自动发货 | C: 数据,reviewed,uncertain,codex_paper_targeted_conservative_review_20260422,codex_paper_review: uncertain; high model score is driven by product/template/data overlap without a seller-specific identity anchor.,zh,zh_target_strict,market_item.xlsx|中文暗网交易市场|seller_raw:494406,market_item.xlsx|茶马古道|seller_raw:/shop/404772,494406,/shop/404772,10,14,0,,2,0,0,0.714286,1.8e-05,0.121387,0,0,0,1
11,identifier_control_high_score_unreviewed,paper_targeted_expansion|identifier_control_high_score_unreviewed,review_required,high,Use the identifier-augmented scorer only as a triage signal. Mark positive only with seller-facing shared contact or unusually strong content closure; product/victim-data emails and public URLs are not positives.,identifier_control_high_score_unreviewed,core_few_shot_bge_m3_lr_l2_ratio_10pct_seed_20260320 || core_few_shot_bge_m3_lr_l2_ratio_10pct_seed_20260321 || core_few_shot_bge_m3_lr_l2_ratio_10pct_seed_20260322 || core_zero_shot_bge_m3 || identifier_augmented_few_shot_default_ratio_100pct_seed_20260322 || identifier_augmented_few_shot_default_ratio_50pct_seed_20260321,3,0.849357,0.855874,0.863060,0.915161,0.870023,0.925127,0.925127,0,,1,pending,,0,215,text_clone_primary,market_item.xlsx|中文暗网交易市场|seller_raw:66960||market_item.xlsx|茶马古道|seller_raw:/shop/396961,sockpuppet_primary,profile_lexical_neighbor|shared_description_clone|shared_title_clone,10.883592,different_alias,false,中文暗网交易市场,茶马古道,66960,/shop/396961,,各种炸药和导火索配方配比工艺 || 合法走私黄金完整链条教程,"养号必备物品， 养号步骤， 养号注意事项， 养号33天秘法， 养号完成后开始营销引流的规则， 10种最可能被封禁的行为， 怎样尽量做到不被封， 短期，永久封禁取零钱方法， 3，主动放币结算买家赠送永久封禁，60天，30天封禁的解决办法（需要事先绑着QQ） （不包含在本帖出售范围，防止不认账的 || 1,就像大宇说的一样，本帖出190万条上海各级党员机关单位人员信息，包括姓名，性别，民族，职位，身份证号，住址，手机，学历等如图，事业单位和别的岗位不一样，基本没人辞职的，所以新鲜度是一直有的 || 1，如图所示；具体讲解各种炸药的配方配比工艺，有些原料很易得，导火索导爆索的制造工艺也有。 2，拍下自动显示MEGA链接，安全保密，翻墙后谷歌浏览器打开即可下载。",,,0.216984,0.290844,T: 超强数据恢复软件（能恢复所有数据类型）绿色破解企业版 || 微信（养号防封及封后取零钱）详细攻略 | D: 1，内容包含上海各级党政机关事业单位人员信息，这是第二部分，80万条左右 第一部分也在数据区，需要的自行查找 2，拍前考虑清楚，电话不全有，一半一半左右，虚拟物，链接失效可回信补，概不退款 3，MEGA盘链接，下载方便，安全保密 4，东西下好之后，没问题的话，请第一时间放币，都是成年人了，请有点契约精神和自觉，谢谢 | C: 虚拟物品 || 数据资源,T: 黑产必知《怎样应对审讯与反审讯资料》 || 新型信用卡诈骗套路 | D: 2，长期从事灰黑产，必须掌握反审讯知识，条子的证据链怎么确实形成，很大部分来自审讯，前期基本靠天眼和大数据，但都要配合审讯你的招供来当做判定犯罪性质的依据，本来中国法律的所有制定漏洞就是为了模棱两可，以方便公检法以及相关所有部门从中攫取利益，所以官字两个口，律师两条腿，你自己也是的 | C: 技术 || 其它,reviewed,uncertain,codex_paper_targeted_conservative_review_20260422,codex_paper_review: uncertain; high model score is driven by product/template/data overlap without a seller-specific identity anchor.,zh,zh_target_strict,market_item.xlsx|中文暗网交易市场|seller_raw:66960,market_item.xlsx|茶马古道|seller_raw:/shop/396961,66960,/shop/396961,14,41,0,,2,3,0,0.341463,2.4e-05,0.356219,0,0,0,3
12,identifier_control_high_score_unreviewed,paper_targeted_expansion|identifier_control_high_score_unreviewed,review_required,high,Use the identifier-augmented scorer only as a triage signal. Mark positive only with seller-facing shared contact or unusually strong content closure; product/victim-data emails and public URLs are not positives.,identifier_control_high_score_unreviewed,core_few_shot_bge_m3_lr_l2_ratio_10pct_seed_20260320 || core_few_shot_bge_m3_lr_l2_ratio_10pct_seed_20260321 || core_few_shot_bge_m3_lr_l2_ratio_10pct_seed_20260322 || core_zero_shot_bge_m3 || identifier_augmented_few_shot_default_ratio_100pct_seed_20260322 || identifier_augmented_few_shot_default_ratio_50pct_seed_20260321,3,0.768547,0.772064,0.778036,0.915161,0.851001,0.924861,0.924861,0,,1,pending,,0,239,text_clone_primary,market_item.xlsx|中文暗网交易市场|seller_raw:64249||market_item.xlsx|茶马古道|seller_raw:/shop/396961,sockpuppet_primary,profile_lexical_neighbor|shared_description_clone|shared_title_clone,10.677002,different_alias,false,中文暗网交易市场,茶马古道,64249,/shop/396961,,百度知道百科经验贴吧引流教程 || 如何借刀杀人报复仇家方法详解,无论你在什么圈子，什么公司，什么商业对手，什么同行使坏，什么被渣女出轨戴绿帽了，什么被坑了被骗被打了，甚至在亲朋好友当中天天使坏破坏你名声等等，总有人性自私的狗必来给你添堵，只是程度有所不同，有的我们能忍，有的不能忍，但有的杂碎毫无人性地为难算计你，你不能总是忍，你得反抗，人若犯我，你应该奉还 || 1，70年的洗脑，已经让你无视任何神灵和宗教，迷信这个词也只是土共发明出来说给你听的，它不让你信，自己却深信不疑，并且养着大批玄学团想方设法护着它们在全国各地的龙脉。 2，科学的上边是玄学，科学只是一步步印证玄学的工具，科学印证不了的事，你不能说它不存在，科学的局限性很大，而且会一直有。你就想历史几千年，古代设坛作法，画符咒驱魔如果没用，根本延续不了几...,,,0.18866,0.272521,T: 高清无删减无修韩国色情漫画300部 || 微博精准引流详细视频教程 | D: 无论你在什么圈子，什么公司，什么商业对手，什么同行使坏，什么被渣女出轨戴绿帽了，什么被坑了被骗被打了，甚至在亲朋好友当中天天使坏破坏你名声等等，总有人性自私的狗必来给你添堵，只是程度有所不同，有的我们能忍，有的不能忍，但有的杂碎毫无人性地为难算计你，你不能总是忍，你得反抗，人若犯我，你应该奉还 | C: 其它类别 || 私人专拍,T: 黑产必知《怎样应对审讯与反审讯资料》 || 新型信用卡诈骗套路 | D: 2，长期从事灰黑产，必须掌握反审讯知识，条子的证据链怎么确实形成，很大部分来自审讯，前期基本靠天眼和大数据，但都要配合审讯你的招供来当做判定犯罪性质的依据，本来中国法律的所有制定漏洞就是为了模棱两可，以方便公检法以及相关所有部门从中攫取利益，所以官字两个口，律师两条腿，你自己也是的 | C: 技术 || 其它,reviewed,uncertain,codex_paper_targeted_conservative_review_20260422,codex_paper_review: uncertain; high model score is driven by product/template/data overlap without a seller-specific identity anchor.,zh,zh_target_strict,market_item.xlsx|中文暗网交易市场|seller_raw:64249,market_item.xlsx|茶马古道|seller_raw:/shop/396961,64249,/shop/396961,12,41,0,,2,2,0,0.292683,1.5e-05,0.405231,0,0,0,3
13,identifier_control_high_score_unreviewed,paper_targeted_expansion|identifier_control_high_score_unreviewed,review_required,high,Use the identifier-augmented scorer only as a triage signal. Mark positive only with seller-facing shared contact or unusually strong content closure; product/victim-data emails and public URLs are not positives.,identifier_control_high_score_unreviewed,core_few_shot_bge_m3_lr_l2_ratio_10pct_seed_20260320 || core_few_shot_bge_m3_lr_l2_ratio_10pct_seed_20260321 || core_few_shot_bge_m3_lr_l2_ratio_10pct_seed_20260322 || core_zero_shot_bge_m3 || identifier_augmented_few_shot_default_ratio_100pct_seed_20260322 || identifier_augmented_few_shot_default_ratio_50pct_seed_20260321,3,0.840478,0.845568,0.855516,0.915161,0.872194,0.923679,0.923679,0,,1,pending,,0,80,text_clone_primary,market_item.xlsx|中文暗网交易市场|seller_raw:596061||market_item.xlsx|茶马古道|seller_raw:/shop/447283,sockpuppet_primary,profile_lexical_neighbor|shared_description_clone|shared_title_clone,13.347524,different_alias,false,中文暗网交易市场,茶马古道,596061,/shop/447283,,2021年最新邮政银行卡数据27511条含完整信息 || 2021年最新民生银行卡数据38692条含完整信息,2021年最新邮政银行卡数据27511条含完整信息 邮政银行2021年最新流出银行卡数据27511条，包含详细的个人信息 本次流出的数据为借记卡数据 数据格式：姓名|身份证号|性别|籍贯|银行卡号|卡类型|发卡行|卡种|预留手机 详见附图，有数据样本，自行测试 拍下自动发货，通过自动回复的下载链接下载即可 ———————————————— || 2021年最新民生银行卡数据38692条含完整信息 民生银行2021年最新流出银行卡数据38692条，包含详细的个人信息 本次流出的数据为借记卡数据 数据格式：姓名|身份证号|性别|籍贯|银行卡号|卡类型|发卡行|卡种|预留手机 详见附图，有数据样本，自行测试 拍下自动发货，通过自动回复的下载链接下载即可 ————————————————,,,0.625499,0.297265,T: 2021年最新邮政银行卡数据27511条含完整信息 || 2021年最新民生银行卡数据38692条含完整信息 | D: 2021年最新邮政银行卡数据27511条含完整信息 邮政银行2021年最新流出银行卡数据27511条，包含详细的个人信息 本次流出的数据为借记卡数据 数据格式：姓名|身份证号|性别|籍贯|银行卡号|卡类型|发卡行|卡种|预留手机 详见附图，有数据样本，自行测试 拍下自动发货，通过自动回复的下载链接下载即可 ———... | C: 数据资源,T: 2021年最新一手4386条南洋商业银行信用卡数据 || 2021年最新农业银行客户48488条银行卡数据 | D: 2021年最新民生银行卡数据38692条含完整信息 民生银行2021年最新流出银行卡数据38692条，包含详细的个人信息 本次流出的数据为借记卡数据 数据格式：姓名|身份证号|性别|籍贯|银行卡号|卡类型|发卡行|卡种|预留手机 详见附图，有数据样本，自行测试 拍下自动发货，通过自动回复的下载链接下载即可 ———... | C: 数据,reviewed,uncertain,codex_paper_targeted_conservative_review_20260422,codex_paper_review: uncertain; high model score is driven by product/template/data overlap without a seller-specific identity anchor.,zh,zh_target_strict,market_item.xlsx|中文暗网交易市场|seller_raw:596061,market_item.xlsx|茶马古道|seller_raw:/shop/447283,596061,/shop/447283,2,9,0,,2,2,0,0.222222,1.4e-05,0.066356,0,0,0,3
14,identifier_control_high_score_unreviewed,paper_targeted_expansion|identifier_control_high_score_unreviewed,review_required,high,Use the identifier-augmented scorer only as a triage signal. Mark positive only with seller-facing shared contact or unusually strong content closure; product/victim-data emails and public URLs are not positives.,identifier_control_high_score_unreviewed,core_few_shot_bge_m3_lr_l2_ratio_10pct_seed_20260320 || core_few_shot_bge_m3_lr_l2_ratio_10pct_seed_20260321 || core_few_shot_bge_m3_lr_l2_ratio_10pct_seed_20260322 || core_zero_shot_bge_m3 || identifier_augmented_few_shot_default_ratio_100pct_seed_20260322 || identifier_augmented_few_shot_default_ratio_50pct_seed_20260321,3,0.738530,0.749221,0.765824,0.915161,0.904992,0.917196,0.917196,0,,1,pending,,0,140,text_clone_primary,market_item.xlsx|中文暗网交易市场|seller_raw:585350||market_item.xlsx|茶马古道|seller_raw:/shop/447739,sockpuppet_primary,profile_lexical_neighbor|shared_description_clone|shared_title_clone,11.761334,different_alias,false,中文暗网交易市场,茶马古道,585350,/shop/447739,,一手股民证券数据出售最新精准股民电话 || 1G超大股票资源数据全网最低价定期更新,同花顺，大智慧，指南针等软件黑客破解股民优质数据，证券公司客户交易记录 包含信息：姓名，电话，微信，开户日期，股票代码，交易记录，家庭地址等 || 出售股民资源，电话/微信/QQ，股票代码，银行卡号，开户日期，交易记录，各种股民金融数据.,,,0.348625,0.334792,T: 高净值客户适合金融医疗地产等高端产业15万条新鲜数据 || 最新10万母婴宝妈数据汇总 | D: 一手优质母婴数据 10万+非重复，可测试 全国90后女性数据，微商和做母婴类推广必备 宝妈身份证信息：姓名，年龄，身份证号，星座，宝宝年龄，胎次，家庭住址，手机号 附：《2020年中国母婴行业蓝皮书》 | C: 数据资源,T: 新拖库数据，最新10万母婴宝妈数据汇总 || 新拖库数据，最新10万母婴宝妈数据汇总 | D: 今年最新10万条宝妈数据 数据详细 涉及内容敏感 网购数据 全面 数据信息 售出不退 如果需要请看仔细 精选90后的女性数据，无重复 年龄在20-30岁特别精准的宝妈女性数据， 做母婴，女性等相关产品推广的很适合 | C: 数据,reviewed,uncertain,codex_paper_targeted_conservative_review_20260422,codex_paper_review: uncertain; high model score is driven by product/template/data overlap without a seller-specific identity anchor.,zh,zh_target_strict,market_item.xlsx|中文暗网交易市场|seller_raw:585350,market_item.xlsx|茶马古道|seller_raw:/shop/447739,585350,/shop/447739,8,3,0,,2,2,0,0.375,2.5e-05,0.071712,0,0,0,3
15,identifier_control_high_score_unreviewed,paper_targeted_expansion|identifier_control_high_score_unreviewed,review_required,high,Use the identifier-augmented scorer only as a triage signal. Mark positive only with seller-facing shared contact or unusually strong content closure; product/victim-data emails and public URLs are not positives.,identifier_control_high_score_unreviewed,core_few_shot_bge_m3_lr_l2_ratio_10pct_seed_20260320 || core_few_shot_bge_m3_lr_l2_ratio_10pct_seed_20260321 || core_few_shot_bge_m3_lr_l2_ratio_10pct_seed_20260322 || core_zero_shot_bge_m3 || identifier_augmented_few_shot_default_ratio_100pct_seed_20260322 || identifier_augmented_few_shot_default_ratio_50pct_seed_20260321,3,0.410143,0.425034,0.446018,0.915161,0.838395,0.908537,0.915161,0,,1,pending,,0,128,text_clone_primary,market_item.xlsx|中文暗网交易市场|seller_raw:595084||market_item.xlsx|茶马古道|seller_raw:/shop/436819,sockpuppet_primary,profile_lexical_neighbor|shared_description_clone|shared_title_clone,11.967436,different_alias,false,中文暗网交易市场,茶马古道,595084,/shop/436819,,摄像头扫描破解满足你的偷窥欲望比直播更精彩 || 教你如何让女人轻易达到高潮图文教程,本教程是教授你通过正确科学的方法让女人轻易达到高潮 内容简单有效，容易学习,,,0.364188,0.391154,T: 十年反党安全技术总结教你如何隐藏踪迹躲过国安的追踪 || 摄像头扫描破解满足你的偷窥欲望比直播更精彩 | D: ★【硬件】层面的防范 ★【操作系统】层面的防范 ★【应用软件】层面的防范 ★【网络】层面的防范 ★【Web】层面的防范 ★【社会工程学】层面的防范 ★对【手机】的防范 ★对几个【反面案例】的分析 1. 网络层面的防范 2. 个人软件的防范 3. 操作系统的防范 4. 通讯工具的防范 5. 用多重代理隐匿公网 IP... | C: 技术技能 || 实体物品,T: （悟空精品店铺）短信轰炸利器，终身免费会员版，整蛊娱乐催债必备 || 真正的厂家直销原厂烟丝顶尖越南进口软中华200一条 | D: 超市必备） 正品国外烟丝硬中华 180 正品国外烟丝软中华 200 国内高档烟丝硬中华 160 国内高档烟丝软中华 180 国内中档烟丝硬中华 150 国内中档烟丝软中华 160 专供出口中文版软中华200 专供出口中文版硬中华190 国内高档烟丝芙蓉王 220 国内中档烟丝芙蓉王 200 国内高档烟丝特制黄鹤楼... | C: 实物 || 虚拟,reviewed,uncertain,codex_paper_targeted_conservative_review_20260422,codex_paper_review: uncertain; high model score is driven by product/template/data overlap without a seller-specific identity anchor.,zh,zh_target_strict,market_item.xlsx|中文暗网交易市场|seller_raw:595084,market_item.xlsx|茶马古道|seller_raw:/shop/436819,595084,/shop/436819,4,6,0,,2,1,0,0.666667,4.3e-05,0.204187,0,0,0,3
16,identifier_control_high_score_unreviewed,paper_targeted_expansion|identifier_control_high_score_unreviewed,review_required,high,Use the identifier-augmented scorer only as a triage signal. Mark positive only with seller-facing shared contact or unusually strong content closure; product/victim-data emails and public URLs are not positives.,identifier_control_high_score_unreviewed,core_few_shot_bge_m3_lr_l2_ratio_10pct_seed_20260320 || core_few_shot_bge_m3_lr_l2_ratio_10pct_seed_20260321 || core_few_shot_bge_m3_lr_l2_ratio_10pct_seed_20260322 || core_zero_shot_bge_m3 || identifier_augmented_few_shot_default_ratio_100pct_seed_20260322 || identifier_augmented_few_shot_default_ratio_50pct_seed_20260321,3,0.790746,0.796476,0.799745,0.394081,0.888475,0.906752,0.906752,0,,1,pending,,0,131,text_clone_primary,market_item.xlsx|中文暗网交易市场|seller_raw:581293||market_item.xlsx|茶马古道|seller_raw:/shop/428434,sockpuppet_primary,profile_lexical_neighbor|shared_title_clone,11.909826,different_alias,false,中文暗网交易市场,茶马古道,581293,/shop/428434,,嵊州市剡溪自来水有限公司最新客户数据几十万条 || eolcn中国教育在线招生信息2W条新鲜数据731拿的 || eolcn中国教育在线精准学生10W条邮箱手机号4W条,,,,0.839859,0.435336,T: 嵊州市剡溪自来水有限公司最新客户数据几十万条 || eolcn中国教育在线精准学生10W条邮箱手机号4W条 | D: 格式有:学校/考生编号/姓名/学生证件照(无法访问图片)/性别/民族/政治面貌/身份证号码/婚姻状况/考生来源/现役军人/现役军人/生源（户口所在地）/目前所在地/手机号/电子邮箱/通讯地址案所在单位/通讯地址/通讯地址/邮政编码等 | C: 数据资源,T: 温州龙湾区外地人员登记信息17W条数据身份号码住址姓名手机 || 温州龙湾区外地人员登记信息17W条数据身份号码住址姓名手机 | D: 8.23号拿的数据 具体格式看图 一手的数据 随便整理了下大概几十万条可能有重复 带sql文件需要的直接拍一份全部发货 | C: 数据,reviewed,uncertain,codex_paper_targeted_conservative_review_20260422,codex_paper_review: uncertain; high model score is driven by product/template/data overlap without a seller-specific identity anchor.,zh,zh_target_strict,market_item.xlsx|中文暗网交易市场|seller_raw:581293,market_item.xlsx|茶马古道|seller_raw:/shop/428434,581293,/shop/428434,3,4,0,,3,0,0,0.75,2.1e-05,0.017356,0,0,0,2
17,direct_proof_anchor_neighbor_unreviewed,paper_targeted_expansion|direct_proof_anchor_neighbor_unreviewed,review_required,medium,"This row touches a seller from a strict direct Telegram proof pair. It may reveal expansion around a known controller, but it is not independent proof and must not be placed in test without component-leakage review.",direct_proof_anchor_neighbor_unreviewed,core_few_shot_bge_m3_lr_l2_ratio_10pct_seed_20260320 || core_few_shot_bge_m3_lr_l2_ratio_10pct_seed_20260321 || core_few_shot_bge_m3_lr_l2_ratio_10pct_seed_20260322 || core_zero_shot_bge_m3 || identifier_augmented_few_shot_default_ratio_100pct_seed_20260322 || identifier_augmented_few_shot_default_ratio_50pct_seed_20260321,3,0.785831,0.792224,0.798023,0.807875,0.298326,0.334055,0.807875,1,market_item.xlsx|茶马古道|seller_raw:/shop/452097,1,pending,,0,764,text_clone_primary,market_item.xlsx|茶马古道|seller_raw:/shop/398130||market_item.xlsx|茶马古道|seller_raw:/shop/452097,sockpuppet_primary,profile_lexical_neighbor|shared_description_clone,8.497144,different_alias,true,茶马古道,茶马古道,/shop/398130,/shop/452097,,,网赌走投无路联系改单提款黑台子的直接拉黑 以渗透成功变现分成为条件企图暂缓付款的直接免开尊口 || 我们只负责在拖库拿站这方面提供全套技术支持，至于数据如何使用，是老铁自己的事 || 话说这几天一直有老铁联系，但个别老铁找错人了，我们是拿站的，不是卖数据的,技术,,0.450104,0.39826,T: 专业黑客接单渗透入侵拿站shell，无套路前期不收取任何费用 || 专业黑客接单渗透入侵拿站shell，无套路前期不收取任何费用 | D: 网赌走投无路联系改单提款黑台子的直接拉黑 以渗透成功变现分成为条件企图暂缓付款的直接免开尊口 | C: 技术,T: 专业黑客接单渗透入侵拿站shell，无套路全程茶马担保交易，欢迎电报@heiheiniu2021咨询 || 专业黑客接单渗透入侵拿站shell，无套路全程茶马担保交易，欢迎电报@heiheiniu2021咨询 | D: 网赌走投无路联系改单提款黑台子的直接拉黑 以渗透成功变现分成为条件企图暂缓付款的直接免开尊口 | C: 技术 || 服务,reviewed,uncertain,codex_paper_targeted_conservative_review_20260422,"codex_paper_review: uncertain; candidate touches a strict direct-contact proof seller, but this edge lacks its own shared seller-facing identifier and cannot be used as independent paper-positive evidence.",zh,zh_target_strict,market_item.xlsx|茶马古道|seller_raw:/shop/398130,market_item.xlsx|茶马古道|seller_raw:/shop/452097,/shop/398130,/shop/452097,1,11,0,,0,6,1,0.090909,1.0,1.495738,0,0,0,2
18,direct_proof_anchor_neighbor_unreviewed,paper_targeted_expansion|direct_proof_anchor_neighbor_unreviewed,review_required,medium,"This row touches a seller from a strict direct Telegram proof pair. It may reveal expansion around a known controller, but it is not independent proof and must not be placed in test without component-leakage review.",direct_proof_anchor_neighbor_unreviewed,core_few_shot_bge_m3_lr_l2_ratio_10pct_seed_20260320 || core_few_shot_bge_m3_lr_l2_ratio_10pct_seed_20260321 || core_few_shot_bge_m3_lr_l2_ratio_10pct_seed_20260322 || core_zero_shot_bge_m3 || identifier_augmented_few_shot_default_ratio_100pct_seed_20260322 || identifier_augmented_few_shot_default_ratio_50pct_seed_20260321,3,0.479269,0.482377,0.488328,0.807875,0.234833,0.237093,0.807875,1,market_item.xlsx|茶马古道|seller_raw:/shop/452596,1,pending,,0,1562,text_clone_primary,market_item.xlsx|茶马古道|seller_raw:/shop/398130||market_item.xlsx|茶马古道|seller_raw:/shop/452596,sockpuppet_primary,shared_description_clone,5.989104,different_alias,true,茶马古道,茶马古道,/shop/398130,/shop/452596,,,网赌走投无路联系改单提款黑台子的直接拉黑 以渗透成功变现分成为条件企图暂缓付款的直接免开尊口 || 我们只负责在拖库拿站这方面提供全套技术支持，至于数据如何使用，是老铁自己的事 || 话说这几天一直有老铁联系，但个别老铁找错人了，我们是拿站的，不是卖数据的,技术,,0.0,0.494552,T: 专业黑客接单渗透入侵拿站shell，无套路前期不收取任何费用 || 专业黑客接单渗透入侵拿站shell，无套路前期不收取任何费用 | D: 网赌走投无路联系改单提款黑台子的直接拉黑 以渗透成功变现分成为条件企图暂缓付款的直接免开尊口 | C: 技术,T: 手机链接定位 发送给【想定位的人】链接 只要他点开 获取位置 您这边随时都能看到 误差30米左右 简单易操作 支持短信 手机号 || 专业黑客接单渗透入侵拿站shell，无套路全程茶马担保交易，欢迎电报@heiheiniu2021咨询 | D: ----★◎ 独裁者top ◎★---- ┊独┊可同时提交5个任务/ ┊裁┊一针见效/专治不服/ ┊者┊注意:切勿用自己测试 ┊短┊复制网址粘贴到浏览器 ┊信┊不可以用QQ浏览器 ┊全┊推荐使用UC浏览器 ┊网┊http://top1.top1top1.top/CallHelper/client/index.js... | C: 技术 || 虚拟,reviewed,uncertain,codex_paper_targeted_conservative_review_20260422,"codex_paper_review: uncertain; candidate touches a strict direct-contact proof seller, but this edge lacks its own shared seller-facing identifier and cannot be used as independent paper-positive evidence.",zh,zh_target_strict,market_item.xlsx|茶马古道|seller_raw:/shop/398130,market_item.xlsx|茶马古道|seller_raw:/shop/452596,/shop/398130,/shop/452596,1,13,0,,0,3,1,0.076923,1.0,0.864094,0,0,0,1
19,direct_proof_anchor_neighbor_unreviewed,paper_targeted_expansion|direct_proof_anchor_neighbor_unreviewed,review_required,medium,"This row touches a seller from a strict direct Telegram proof pair. It may reveal expansion around a known controller, but it is not independent proof and must not be placed in test without component-leakage review.",direct_proof_anchor_neighbor_unreviewed,core_few_shot_bge_m3_lr_l2_ratio_10pct_seed_20260320 || core_few_shot_bge_m3_lr_l2_ratio_10pct_seed_20260321 || core_few_shot_bge_m3_lr_l2_ratio_10pct_seed_20260322 || core_zero_shot_bge_m3 || identifier_augmented_few_shot_default_ratio_100pct_seed_20260322 || identifier_augmented_few_shot_default_ratio_50pct_seed_20260321,3,0.401118,0.416525,0.435480,0.538623,0.477729,0.554916,0.554916,1,market_item.xlsx|茶马古道|seller_raw:/shop/444654,1,pending,,0,2019,semantic_structural,market_item.xlsx|茶马古道|seller_raw:/shop/403489||market_item.xlsx|茶马古道|seller_raw:/shop/444654,sockpuppet_primary,profile_lexical_neighbor|structural_support,2.972646,different_alias,true,茶马古道,茶马古道,/shop/403489,/shop/444654,,,,,,0.246776,0.745995,"T: 出售四件套卡盾，出售正规实名制手机卡，一手靠谱货源，保质 || 出售四件套卡盾，出售正规实名制手机卡，一手靠谱货源，保质 | D: 质量绝对有保障,安全可靠，每一张卡保额5W人民币 ，司法冻结不保，正常的风控问题需要收取总额度的百分之30 [说明] 拍下后会尽快安排发货 出售正规手机卡联通电信移动，实名制，500一张，5张起发，有需要的直接下单，留言需要什么手机卡 | C: 四件套号卡",T: 出 四 件 套 || 出 四 件 套 | D: 15美金=100人民币，1份=100人民币，请根据需求拍下 纯四件套：银行卡+身份证正反面照片+实名预留手机卡+U盾 价格:2000元/一套 需实名注册微信加500 实名注册支付宝加500 实名注册交易平台加500 带手机加800 请根据需要拍下，留言写下具体要求 | C: 实物,reviewed,uncertain,codex_paper_targeted_conservative_review_20260422,"codex_paper_review: uncertain; candidate touches a strict direct-contact proof seller, but this edge lacks its own shared seller-facing identifier and cannot be used as independent paper-positive evidence.",zh,zh_target_strict,market_item.xlsx|茶马古道|seller_raw:/shop/403489,market_item.xlsx|茶马古道|seller_raw:/shop/444654,/shop/403489,/shop/444654,1,1,0,,0,0,0,1.0,1.0,0.032042,0,0,0,2
20,direct_proof_anchor_neighbor_unreviewed,paper_targeted_expansion|direct_proof_anchor_neighbor_unreviewed,review_required,medium,"This row touches a seller from a strict direct Telegram proof pair. It may reveal expansion around a known controller, but it is not independent proof and must not be placed in test without component-leakage review.",direct_proof_anchor_neighbor_unreviewed,core_few_shot_bge_m3_lr_l2_ratio_10pct_seed_20260320 || core_few_shot_bge_m3_lr_l2_ratio_10pct_seed_20260321 || core_few_shot_bge_m3_lr_l2_ratio_10pct_seed_20260322 || core_zero_shot_bge_m3 || identifier_augmented_few_shot_default_ratio_100pct_seed_20260322 || identifier_augmented_few_shot_default_ratio_50pct_seed_20260321,3,0.345119,0.363403,0.375539,0.526556,0.217047,0.309444,0.526556,1,market_item.xlsx|茶马古道|seller_raw:/shop/410559,1,pending,,0,1984,semantic_only,market_item.xlsx|茶马古道|seller_raw:/shop/410559||market_item.xlsx|茶马古道|seller_raw:/shop/427922,sockpuppet_primary,profile_lexical_neighbor,2.137228,different_alias,true,茶马古道,茶马古道,/shop/410559,/shop/427922,,,,四件套号卡,,0.201148,0.46517,T: 诚信靠谱银行卡四件套可带火币微信支付宝 || 出售银行卡可带火币，微信，支付宝， | D: 普通四件套=17份 需开通支付宝（实名）+3份 需开通微信（实名）+3份 带交易所(实名）一个+5份（可指定哪个交易所 火币优先） 手机(安卓手机)加400 需要其他定制请详谈 关于售后：保质期到你手的2个月 期间出现补卡 | C: 四件套号卡 || 实物,T: 大量工农四件套出货量大老板联系 || 大量工农四件套出货量大老板联系 | D: 不是社会人，杀人犯，网贷，黑社会，黑户等社会有黑点人群，不会出现挂失，等不良因数的各种严重情况 | C: 四件套号卡,reviewed,uncertain,codex_paper_targeted_conservative_review_20260422,"codex_paper_review: uncertain; candidate touches a strict direct-contact proof seller, but this edge lacks its own shared seller-facing identifier and cannot be used as independent paper-positive evidence.",zh,zh_target_strict,market_item.xlsx|茶马古道|seller_raw:/shop/410559,market_item.xlsx|茶马古道|seller_raw:/shop/427922,/shop/410559,/shop/427922,42,2,0,,0,0,1,0.047619,1.0,0.873876,0,0,0,1
