row_type,comparison_scope,feature_group,feature,n_en,n_zh,mean_en,mean_zh,median_en,median_zh,q75_en,q75_zh,smd_zh_minus_en,ks_statistic,domain,threshold_source,threshold,negative_n,high_semantic_negative_n,high_semantic_negative_rate,high_semantic_no_identifier_negative_n,high_semantic_template_no_identifier_negative_n,slice_name,model_id,model_role,score_source,n,n_positive,n_negative,roc_auc,average_precision,unstable_slice,delta_auc_vs_raw_e5,delta_ap_vs_raw_e5,experiment_name,best_iteration,trained_iteration_count,collapse_guard_triggered,collapse_guard_reasons,unique_valid_probabilities,zh_test_auc,zh_test_ap,zh_test_balanced_accuracy,top_feature_importance,current_summary_count,keep_file_count,missing_keep_files,selection_rule,decision,count,input_summary_count,summary_selection_mode,unique_cluster_set_count
feature_drift,all_supervision,template_proxy,boilerplate_ratio_gap_abs,734,522,0.010977,0.0,0.0,0.0,0.0,0.0,-0.214174,0.02861,,,,,,,,,,,,,,,,,,,,,,,,,,,,,,,,,,,,,,,
feature_drift,all_supervision,template_proxy,boilerplate_ratio_max,734,522,0.024108,0.0,0.0,0.0,0.0,0.0,-0.233367,0.03406,,,,,,,,,,,,,,,,,,,,,,,,,,,,,,,,,,,,,,,
feature_drift,all_supervision,structural,candidate_rule_count_raw,734,522,1.905995,1.605364,2.0,1.0,2.0,2.0,-0.363866,0.174512,,,,,,,,,,,,,,,,,,,,,,,,,,,,,,,,,,,,,,,
feature_drift,all_supervision,style_gap,description_length_median_percentile_gap_abs,734,522,0.149307,0.240048,0.087245,0.178918,0.226101,0.395371,0.466437,0.19891,,,,,,,,,,,,,,,,,,,,,,,,,,,,,,,,,,,,,,,
feature_drift,all_supervision,style_gap,description_length_median_raw_gap_abs,734,522,390.101499,80.204023,100.0,28.25,348.875,69.0,-0.470693,0.312224,,,,,,,,,,,,,,,,,,,,,,,,,,,,,,,,,,,,,,,
feature_drift,all_supervision,style_gap,digit_ratio_mean_percentile_gap_abs,734,522,0.191704,0.352371,0.111183,0.314848,0.281476,0.582146,0.658126,0.306101,,,,,,,,,,,,,,,,,,,,,,,,,,,,,,,,,,,,,,,
feature_drift,all_supervision,style_gap,digit_ratio_mean_raw_gap_abs,734,522,0.024915,0.112342,0.011928,0.074766,0.031711,0.147803,0.854419,0.458131,,,,,,,,,,,,,,,,,,,,,,,,,,,,,,,,,,,,,,,
feature_drift,all_supervision,semantic,embedding_cosine_bge_m3,734,522,0.888488,0.856805,0.894057,0.857178,0.922797,0.896822,-0.603442,0.292054,,,,,,,,,,,,,,,,,,,,,,,,,,,,,,,,,,,,,,,
feature_drift,all_supervision,semantic,embedding_cosine_gte_multilingual_base,734,522,0.973486,0.968002,0.977518,0.970095,0.984943,0.984066,-0.285147,0.197506,,,,,,,,,,,,,,,,,,,,,,,,,,,,,,,,,,,,,,,
feature_drift,all_supervision,semantic,embedding_cosine_labse,734,522,0.892144,0.884593,0.903809,0.88614,0.936494,0.929353,-0.122909,0.122104,,,,,,,,,,,,,,,,,,,,,,,,,,,,,,,,,,,,,,,
feature_drift,all_supervision,semantic,embedding_cosine_multilingual_e5_large,734,522,0.919354,0.920349,0.921304,0.920229,0.937997,0.937671,0.035351,0.033976,,,,,,,,,,,,,,,,,,,,,,,,,,,,,,,,,,,,,,,
feature_drift,all_supervision,semantic,embedding_cosine_paraphrase_multilingual_mpnet,734,522,0.809767,0.739974,0.83879,0.739836,0.917495,0.841792,-0.523472,0.269191,,,,,,,,,,,,,,,,,,,,,,,,,,,,,,,,,,,,,,,
feature_drift,all_supervision,identifier,has_shared_contact_exact,734,522,0.230245,0.055556,0.0,0.0,0.0,0.0,-0.515466,0.17469,,,,,,,,,,,,,,,,,,,,,,,,,,,,,,,,,,,,,,,
feature_drift,all_supervision,identifier,has_shared_pgp_fingerprint,734,522,0.0,0.0,0.0,0.0,0.0,0.0,0.0,0.0,,,,,,,,,,,,,,,,,,,,,,,,,,,,,,,,,,,,,,,
feature_drift,all_supervision,style_gap,item_count_percentile_gap_abs,734,522,0.127314,0.153711,0.067661,0.173136,0.190016,0.260719,0.179215,0.242235,,,,,,,,,,,,,,,,,,,,,,,,,,,,,,,,,,,,,,,
feature_drift,all_supervision,style_gap,item_count_raw_gap_abs,734,522,134.920981,2.377395,4.0,1.0,31.0,2.0,-0.19071,0.356781,,,,,,,,,,,,,,,,,,,,,,,,,,,,,,,,,,,,,,,
feature_drift,all_supervision,style_gap,max_category_share_percentile_gap_abs,734,522,0.180058,0.356819,0.041104,0.0,0.289993,0.828131,0.528869,0.361552,,,,,,,,,,,,,,,,,,,,,,,,,,,,,,,,,,,,,,,
feature_drift,all_supervision,style_gap,max_category_share_raw_gap_abs,734,522,0.131069,0.200271,0.036242,0.0,0.185965,0.5,0.327077,0.212414,,,,,,,,,,,,,,,,,,,,,,,,,,,,,,,,,,,,,,,
feature_drift,all_supervision,style_gap,price_median_percentile_gap_abs,731,522,0.169076,0.274337,0.095617,0.24043,0.240534,0.45731,0.480529,0.261983,,,,,,,,,,,,,,,,,,,,,,,,,,,,,,,,,,,,,,,
feature_drift,all_supervision,style_gap,price_median_raw_gap_abs,731,522,4462.285802,8231917.020257,11.89,0.99258,96.99904,49.805842,0.061954,0.253225,,,,,,,,,,,,,,,,,,,,,,,,,,,,,,,,,,,,,,,
feature_drift,all_supervision,structural,profile_category_jaccard,734,522,0.383858,0.425351,0.2,0.5,1.0,1.0,0.100618,0.131641,,,,,,,,,,,,,,,,,,,,,,,,,,,,,,,,,,,,,,,
feature_drift,all_supervision,style_gap,punct_ratio_mean_percentile_gap_abs,734,522,0.203969,0.357554,0.140912,0.302943,0.302631,0.590392,0.625685,0.253965,,,,,,,,,,,,,,,,,,,,,,,,,,,,,,,,,,,,,,,
feature_drift,all_supervision,style_gap,punct_ratio_mean_raw_gap_abs,734,522,0.031131,0.073857,0.014578,0.053649,0.034212,0.103719,0.673458,0.398619,,,,,,,,,,,,,,,,,,,,,,,,,,,,,,,,,,,,,,,
feature_drift,all_supervision,style_gap,repeated_description_share_percentile_gap_abs,734,522,0.116047,0.02145,0.044151,0.0,0.183243,0.028717,-0.852279,0.385689,,,,,,,,,,,,,,,,,,,,,,,,,,,,,,,,,,,,,,,
feature_drift,all_supervision,style_gap,repeated_description_share_raw_gap_abs,734,522,0.165559,0.13469,0.045486,0.0,0.233333,0.0,-0.115091,0.369826,,,,,,,,,,,,,,,,,,,,,,,,,,,,,,,,,,,,,,,
feature_drift,all_supervision,style_gap,repeated_title_share_percentile_gap_abs,734,522,0.095917,0.004797,0.010101,0.0,0.137075,0.015536,-0.849901,0.463983,,,,,,,,,,,,,,,,,,,,,,,,,,,,,,,,,,,,,,,
feature_drift,all_supervision,style_gap,repeated_title_share_raw_gap_abs,734,522,0.111012,0.009721,0.0,0.0,0.128128,0.0,-0.676433,0.390841,,,,,,,,,,,,,,,,,,,,,,,,,,,,,,,,,,,,,,,
feature_drift,all_supervision,semantic,reranker_score_bge_reranker_v2_m3,734,522,0.275271,0.2045,0.197096,0.13414,0.454664,0.320064,-0.319138,0.129825,,,,,,,,,,,,,,,,,,,,,,,,,,,,,,,,,,,,,,,
feature_drift,all_supervision,semantic,reranker_score_gte_multilingual_reranker_base,734,522,0.693254,0.677914,0.687237,0.675432,0.787604,0.728987,-0.131965,0.165586,,,,,,,,,,,,,,,,,,,,,,,,,,,,,,,,,,,,,,,
feature_drift,all_supervision,structural+template_proxy,shared_boilerplate_count,734,522,0.02861,0.0,0.0,0.0,0.0,0.0,-0.242706,0.02861,,,,,,,,,,,,,,,,,,,,,,,,,,,,,,,,,,,,,,,
feature_drift,all_supervision,structural,shared_category_count_capped,734,522,1.141689,0.6341,1.0,1.0,1.0,1.0,-0.475369,0.193079,,,,,,,,,,,,,,,,,,,,,,,,,,,,,,,,,,,,,,,
feature_drift,all_supervision,identifier,shared_contact_count_capped,734,522,0.286104,0.091954,0.0,0.0,0.0,0.0,-0.348922,0.17469,,,,,,,,,,,,,,,,,,,,,,,,,,,,,,,,,,,,,,,
feature_drift,all_supervision,structural+template_proxy,shared_description_count_capped,734,522,0.411444,0.32567,0.0,0.0,0.0,0.0,-0.080788,0.042704,,,,,,,,,,,,,,,,,,,,,,,,,,,,,,,,,,,,,,,
feature_drift,all_supervision,structural,shared_description_idf_mean,734,522,1.414771,1.402118,0.0,0.0,0.0,0.0,-0.00406,0.099455,,,,,,,,,,,,,,,,,,,,,,,,,,,,,,,,,,,,,,,
feature_drift,all_supervision,structural+template_proxy,shared_description_idf_sum,734,522,3.999658,2.980246,0.0,0.0,0.0,0.0,-0.098976,0.034107,,,,,,,,,,,,,,,,,,,,,,,,,,,,,,,,,,,,,,,
feature_drift,all_supervision,structural+template_proxy,shared_low_df_sentence_count,734,522,0.467302,0.3659,0.0,0.0,0.0,0.0,-0.082967,0.022607,,,,,,,,,,,,,,,,,,,,,,,,,,,,,,,,,,,,,,,
feature_drift,all_supervision,identifier,shared_pgp_fingerprint_count_capped,734,522,0.0,0.0,0.0,0.0,0.0,0.0,0.0,0.0,,,,,,,,,,,,,,,,,,,,,,,,,,,,,,,,,,,,,,,
feature_drift,all_supervision,structural+template_proxy,shared_rare_ngram_count,734,522,0.245232,0.122605,0.0,0.0,0.0,0.0,-0.169814,0.036957,,,,,,,,,,,,,,,,,,,,,,,,,,,,,,,,,,,,,,,
feature_drift,all_supervision,structural+template_proxy,shared_title_count_capped,734,522,0.441417,0.149425,0.0,0.0,0.0,0.0,-0.298725,0.090644,,,,,,,,,,,,,,,,,,,,,,,,,,,,,,,,,,,,,,,
feature_drift,all_supervision,structural,shared_title_idf_mean,734,522,1.438262,0.75616,0.0,0.0,0.0,0.0,-0.253521,0.108872,,,,,,,,,,,,,,,,,,,,,,,,,,,,,,,,,,,,,,,
feature_drift,all_supervision,structural+template_proxy,shared_title_idf_sum,734,522,2.715124,1.030134,0.0,0.0,0.0,0.0,-0.271007,0.108872,,,,,,,,,,,,,,,,,,,,,,,,,,,,,,,,,,,,,,,
feature_drift,all_supervision,structural,sparse_lexical_similarity_raw,734,522,0.423505,0.339421,0.402165,0.273526,0.53574,0.426061,-0.357418,0.30466,,,,,,,,,,,,,,,,,,,,,,,,,,,,,,,,,,,,,,,
feature_drift,all_supervision,structural,structural_support_score_raw,734,522,0.580216,0.505245,0.571252,0.471973,0.745028,0.649699,-0.344439,0.205158,,,,,,,,,,,,,,,,,,,,,,,,,,,,,,,,,,,,,,,
feature_drift,all_supervision,style_gap,title_length_median_percentile_gap_abs,734,522,0.177962,0.317737,0.1156,0.268747,0.262696,0.489279,0.641652,0.28839,,,,,,,,,,,,,,,,,,,,,,,,,,,,,,,,,,,,,,,
feature_drift,all_supervision,style_gap,title_length_median_raw_gap_abs,734,522,10.188692,8.771073,6.0,7.0,13.375,13.0,-0.116196,0.102028,,,,,,,,,,,,,,,,,,,,,,,,,,,,,,,,,,,,,,,
feature_drift,all_supervision,style_gap,uppercase_ratio_mean_percentile_gap_abs,734,522,0.20385,0.241291,0.139579,0.179529,0.308549,0.420414,0.18069,0.133614,,,,,,,,,,,,,,,,,,,,,,,,,,,,,,,,,,,,,,,
feature_drift,all_supervision,style_gap,uppercase_ratio_mean_raw_gap_abs,734,522,0.09254,0.056172,0.055015,0.023619,0.128446,0.078372,-0.366913,0.23403,,,,,,,,,,,,,,,,,,,,,,,,,,,,,,,,,,,,,,,
feature_drift,positive,template_proxy,boilerplate_ratio_gap_abs,209,96,0.001854,0.0,0.0,0.0,0.0,0.0,-0.16759,0.019139,,,,,,,,,,,,,,,,,,,,,,,,,,,,,,,,,,,,,,,
feature_drift,positive,template_proxy,boilerplate_ratio_max,209,96,0.002196,0.0,0.0,0.0,0.0,0.0,-0.17798,0.019139,,,,,,,,,,,,,,,,,,,,,,,,,,,,,,,,,,,,,,,
feature_drift,positive,structural,candidate_rule_count_raw,209,96,2.760766,2.020833,3.0,2.0,4.0,3.0,-0.708148,0.296202,,,,,,,,,,,,,,,,,,,,,,,,,,,,,,,,,,,,,,,
feature_drift,positive,style_gap,description_length_median_percentile_gap_abs,209,96,0.151573,0.187615,0.071346,0.109696,0.212632,0.294898,0.19486,0.147877,,,,,,,,,,,,,,,,,,,,,,,,,,,,,,,,,,,,,,,
feature_drift,positive,style_gap,description_length_median_raw_gap_abs,209,96,543.691388,124.78125,77.0,41.75,349.5,150.75,-0.437857,0.206838,,,,,,,,,,,,,,,,,,,,,,,,,,,,,,,,,,,,,,,
feature_drift,positive,style_gap,digit_ratio_mean_percentile_gap_abs,209,96,0.159472,0.168058,0.101893,0.101988,0.239044,0.269541,0.051383,0.099183,,,,,,,,,,,,,,,,,,,,,,,,,,,,,,,,,,,,,,,
feature_drift,positive,style_gap,digit_ratio_mean_raw_gap_abs,209,96,0.020653,0.044992,0.00954,0.033282,0.025415,0.065254,0.710782,0.363786,,,,,,,,,,,,,,,,,,,,,,,,,,,,,,,,,,,,,,,
feature_drift,positive,semantic,embedding_cosine_bge_m3,209,96,0.902739,0.900262,0.907723,0.903313,0.93893,0.939245,-0.049837,0.072667,,,,,,,,,,,,,,,,,,,,,,,,,,,,,,,,,,,,,,,
feature_drift,positive,semantic,embedding_cosine_gte_multilingual_base,209,96,0.978946,0.982586,0.982623,0.98693,0.987151,0.991977,0.254424,0.266098,,,,,,,,,,,,,,,,,,,,,,,,,,,,,,,,,,,,,,,
feature_drift,positive,semantic,embedding_cosine_labse,209,96,0.91759,0.931746,0.926398,0.940365,0.9592,0.960588,0.279805,0.165122,,,,,,,,,,,,,,,,,,,,,,,,,,,,,,,,,,,,,,,
feature_drift,positive,semantic,embedding_cosine_multilingual_e5_large,209,96,0.926632,0.940804,0.928303,0.941372,0.94739,0.959371,0.496501,0.20928,,,,,,,,,,,,,,,,,,,,,,,,,,,,,,,,,,,,,,,
feature_drift,positive,semantic,embedding_cosine_paraphrase_multilingual_mpnet,209,96,0.871043,0.835015,0.912176,0.861333,0.943626,0.922427,-0.309217,0.232107,,,,,,,,,,,,,,,,,,,,,,,,,,,,,,,,,,,,,,,
feature_drift,positive,identifier,has_shared_contact_exact,209,96,0.708134,0.270833,1.0,0.0,1.0,1.0,-0.972785,0.437301,,,,,,,,,,,,,,,,,,,,,,,,,,,,,,,,,,,,,,,
feature_drift,positive,identifier,has_shared_pgp_fingerprint,209,96,0.0,0.0,0.0,0.0,0.0,0.0,0.0,0.0,,,,,,,,,,,,,,,,,,,,,,,,,,,,,,,,,,,,,,,
feature_drift,positive,style_gap,item_count_percentile_gap_abs,209,96,0.173983,0.134267,0.120586,0.088974,0.243028,0.216034,-0.248574,0.200459,,,,,,,,,,,,,,,,,,,,,,,,,,,,,,,,,,,,,,,
feature_drift,positive,style_gap,item_count_raw_gap_abs,209,96,421.411483,3.635417,49.0,1.0,190.0,4.0,-0.328627,0.677432,,,,,,,,,,,,,,,,,,,,,,,,,,,,,,,,,,,,,,,
feature_drift,positive,style_gap,max_category_share_percentile_gap_abs,209,96,0.212403,0.276925,0.140734,0.0,0.316514,0.711948,0.210792,0.432466,,,,,,,,,,,,,,,,,,,,,,,,,,,,,,,,,,,,,,,
feature_drift,positive,style_gap,max_category_share_raw_gap_abs,209,96,0.164456,0.143678,0.098526,0.0,0.207965,0.250833,-0.10304,0.437251,,,,,,,,,,,,,,,,,,,,,,,,,,,,,,,,,,,,,,,
feature_drift,positive,style_gap,price_median_percentile_gap_abs,207,96,0.177762,0.182049,0.106874,0.144738,0.254135,0.291768,0.022662,0.172705,,,,,,,,,,,,,,,,,,,,,,,,,,,,,,,,,,,,,,,
feature_drift,positive,style_gap,price_median_raw_gap_abs,207,96,130.984161,6415.68036,5.495,26.74984,192.140414,109.0,0.172665,0.176479,,,,,,,,,,,,,,,,,,,,,,,,,,,,,,,,,,,,,,,
feature_drift,positive,structural,profile_category_jaccard,209,96,0.213588,0.380208,0.083333,0.291666,0.333333,1.0,0.478351,0.236842,,,,,,,,,,,,,,,,,,,,,,,,,,,,,,,,,,,,,,,
feature_drift,positive,style_gap,punct_ratio_mean_percentile_gap_abs,209,96,0.154363,0.202805,0.118451,0.137095,0.206952,0.264778,0.273384,0.111892,,,,,,,,,,,,,,,,,,,,,,,,,,,,,,,,,,,,,,,
feature_drift,positive,style_gap,punct_ratio_mean_raw_gap_abs,209,96,0.019627,0.036875,0.008987,0.02297,0.019094,0.046437,0.464988,0.362689,,,,,,,,,,,,,,,,,,,,,,,,,,,,,,,,,,,,,,,
feature_drift,positive,style_gap,repeated_description_share_percentile_gap_abs,209,96,0.167058,0.017777,0.109799,0.003938,0.236668,0.028717,-1.203035,0.63746,,,,,,,,,,,,,,,,,,,,,,,,,,,,,,,,,,,,,,,
feature_drift,positive,style_gap,repeated_description_share_raw_gap_abs,209,96,0.222512,0.091328,0.132311,0.0,0.321544,0.005953,-0.598468,0.654306,,,,,,,,,,,,,,,,,,,,,,,,,,,,,,,,,,,,,,,
feature_drift,positive,style_gap,repeated_title_share_percentile_gap_abs,209,96,0.167971,0.005791,0.103586,0.0,0.282868,0.015536,-1.171099,0.716856,,,,,,,,,,,,,,,,,,,,,,,,,,,,,,,,,,,,,,,
feature_drift,positive,style_gap,repeated_title_share_raw_gap_abs,209,96,0.221822,0.020162,0.12817,0.0,0.333333,0.0,-1.054163,0.702203,,,,,,,,,,,,,,,,,,,,,,,,,,,,,,,,,,,,,,,
feature_drift,positive,semantic,reranker_score_bge_reranker_v2_m3,209,96,0.395032,0.261891,0.40445,0.201371,0.649339,0.432843,-0.522787,0.270983,,,,,,,,,,,,,,,,,,,,,,,,,,,,,,,,,,,,,,,
feature_drift,positive,semantic,reranker_score_gte_multilingual_reranker_base,209,96,0.774989,0.738434,0.754012,0.725852,0.883836,0.788436,-0.33593,0.227073,,,,,,,,,,,,,,,,,,,,,,,,,,,,,,,,,,,,,,,
feature_drift,positive,structural+template_proxy,shared_boilerplate_count,209,96,0.004785,0.0,0.0,0.0,0.0,0.0,-0.098058,0.004785,,,,,,,,,,,,,,,,,,,,,,,,,,,,,,,,,,,,,,,
feature_drift,positive,structural,shared_category_count_capped,209,96,1.631579,0.635417,1.0,1.0,3.0,1.0,-0.758214,0.373754,,,,,,,,,,,,,,,,,,,,,,,,,,,,,,,,,,,,,,,
feature_drift,positive,identifier,shared_contact_count_capped,209,96,0.899522,0.46875,1.0,0.0,1.0,1.0,-0.454522,0.437301,,,,,,,,,,,,,,,,,,,,,,,,,,,,,,,,,,,,,,,
feature_drift,positive,structural+template_proxy,shared_description_count_capped,209,96,1.440191,0.645833,0.0,0.0,3.0,1.0,-0.486567,0.213268,,,,,,,,,,,,,,,,,,,,,,,,,,,,,,,,,,,,,,,
feature_drift,positive,structural,shared_description_idf_mean,209,96,3.678819,2.814797,0.0,0.0,8.539426,8.150309,-0.212358,0.277512,,,,,,,,,,,,,,,,,,,,,,,,,,,,,,,,,,,,,,,
feature_drift,positive,structural+template_proxy,shared_description_idf_sum,209,96,12.23528,6.523104,0.0,0.0,17.654216,8.437991,-0.344556,0.181768,,,,,,,,,,,,,,,,,,,,,,,,,,,,,,,,,,,,,,,
feature_drift,positive,structural+template_proxy,shared_low_df_sentence_count,209,96,1.430622,0.791667,0.0,0.0,2.0,1.0,-0.326593,0.105213,,,,,,,,,,,,,,,,,,,,,,,,,,,,,,,,,,,,,,,
feature_drift,positive,identifier,shared_pgp_fingerprint_count_capped,209,96,0.0,0.0,0.0,0.0,0.0,0.0,0.0,0.0,,,,,,,,,,,,,,,,,,,,,,,,,,,,,,,,,,,,,,,
feature_drift,positive,structural+template_proxy,shared_rare_ngram_count,209,96,0.813397,0.385417,0.0,0.0,1.0,0.0,-0.341796,0.097887,,,,,,,,,,,,,,,,,,,,,,,,,,,,,,,,,,,,,,,
feature_drift,positive,structural+template_proxy,shared_title_count_capped,209,96,1.545455,0.520833,0.0,0.0,3.0,0.0,-0.63388,0.277761,,,,,,,,,,,,,,,,,,,,,,,,,,,,,,,,,,,,,,,
feature_drift,positive,structural,shared_title_idf_mean,209,96,2.661475,1.750423,0.0,0.0,8.403459,0.0,-0.246082,0.23445,,,,,,,,,,,,,,,,,,,,,,,,,,,,,,,,,,,,,,,
feature_drift,positive,structural+template_proxy,shared_title_idf_sum,209,96,7.039338,3.240156,0.0,0.0,8.827108,0.0,-0.353464,0.149721,,,,,,,,,,,,,,,,,,,,,,,,,,,,,,,,,,,,,,,
feature_drift,positive,structural,sparse_lexical_similarity_raw,209,96,0.296608,0.394858,0.199179,0.321241,0.486763,0.584526,0.342707,0.350927,,,,,,,,,,,,,,,,,,,,,,,,,,,,,,,,,,,,,,,
feature_drift,positive,structural,structural_support_score_raw,209,96,0.476707,0.530242,0.483269,0.46776,0.636862,0.64951,0.241246,0.150568,,,,,,,,,,,,,,,,,,,,,,,,,,,,,,,,,,,,,,,
feature_drift,positive,style_gap,title_length_median_percentile_gap_abs,209,96,0.15626,0.211211,0.12749,0.182955,0.240414,0.318207,0.339451,0.175488,,,,,,,,,,,,,,,,,,,,,,,,,,,,,,,,,,,,,,,
feature_drift,positive,style_gap,title_length_median_raw_gap_abs,209,96,8.698565,7.052083,5.0,4.5,9.0,9.0,-0.103188,0.08737,,,,,,,,,,,,,,,,,,,,,,,,,,,,,,,,,,,,,,,
feature_drift,positive,style_gap,uppercase_ratio_mean_percentile_gap_abs,209,96,0.176064,0.13233,0.099602,0.107682,0.241492,0.181979,-0.264366,0.141049,,,,,,,,,,,,,,,,,,,,,,,,,,,,,,,,,,,,,,,
feature_drift,positive,style_gap,uppercase_ratio_mean_raw_gap_abs,209,96,0.078778,0.029739,0.051579,0.013948,0.115591,0.030082,-0.684912,0.367225,,,,,,,,,,,,,,,,,,,,,,,,,,,,,,,,,,,,,,,
feature_drift,negative,template_proxy,boilerplate_ratio_gap_abs,525,426,0.014608,0.0,0.0,0.0,0.0,0.0,-0.243456,0.032381,,,,,,,,,,,,,,,,,,,,,,,,,,,,,,,,,,,,,,,
feature_drift,negative,template_proxy,boilerplate_ratio_max,525,426,0.032831,0.0,0.0,0.0,0.0,0.0,-0.270546,0.04,,,,,,,,,,,,,,,,,,,,,,,,,,,,,,,,,,,,,,,
feature_drift,negative,structural,candidate_rule_count_raw,525,426,1.565714,1.511737,2.0,1.0,2.0,2.0,-0.092887,0.104909,,,,,,,,,,,,,,,,,,,,,,,,,,,,,,,,,,,,,,,
feature_drift,negative,style_gap,description_length_median_percentile_gap_abs,525,426,0.148405,0.251864,0.091258,0.185076,0.228911,0.426407,0.531644,0.212877,,,,,,,,,,,,,,,,,,,,,,,,,,,,,,,,,,,,,,,
feature_drift,negative,style_gap,description_length_median_raw_gap_abs,525,426,328.958095,70.158451,101.5,27.25,347.0,65.0,-0.531301,0.353387,,,,,,,,,,,,,,,,,,,,,,,,,,,,,,,,,,,,,,,
feature_drift,negative,style_gap,digit_ratio_mean_percentile_gap_abs,525,426,0.204536,0.393906,0.118098,0.386877,0.306163,0.628512,0.753491,0.347015,,,,,,,,,,,,,,,,,,,,,,,,,,,,,,,,,,,,,,,
feature_drift,negative,style_gap,digit_ratio_mean_raw_gap_abs,525,426,0.026612,0.127519,0.013236,0.083562,0.036344,0.162808,0.920908,0.499812,,,,,,,,,,,,,,,,,,,,,,,,,,,,,,,,,,,,,,,
feature_drift,negative,semantic,embedding_cosine_bge_m3,525,426,0.882815,0.847012,0.890263,0.845375,0.912923,0.883595,-0.715842,0.332622,,,,,,,,,,,,,,,,,,,,,,,,,,,,,,,,,,,,,,,
feature_drift,negative,semantic,embedding_cosine_gte_multilingual_base,525,426,0.971312,0.964716,0.975082,0.965834,0.983762,0.978983,-0.337076,0.238551,,,,,,,,,,,,,,,,,,,,,,,,,,,,,,,,,,,,,,,
feature_drift,negative,semantic,embedding_cosine_labse,525,426,0.882014,0.873967,0.891119,0.875016,0.925247,0.913568,-0.134156,0.135104,,,,,,,,,,,,,,,,,,,,,,,,,,,,,,,,,,,,,,,
feature_drift,negative,semantic,embedding_cosine_multilingual_e5_large,525,426,0.916457,0.915739,0.918782,0.917315,0.933529,0.931731,-0.027174,0.064547,,,,,,,,,,,,,,,,,,,,,,,,,,,,,,,,,,,,,,,
feature_drift,negative,semantic,embedding_cosine_paraphrase_multilingual_mpnet,525,426,0.785373,0.718557,0.806054,0.726693,0.893716,0.811253,-0.517932,0.253293,,,,,,,,,,,,,,,,,,,,,,,,,,,,,,,,,,,,,,,
feature_drift,negative,identifier,has_shared_contact_exact,525,426,0.04,0.007042,0.0,0.0,0.0,0.0,-0.218766,0.032958,,,,,,,,,,,,,,,,,,,,,,,,,,,,,,,,,,,,,,,
feature_drift,negative,identifier,has_shared_pgp_fingerprint,525,426,0.0,0.0,0.0,0.0,0.0,0.0,0.0,0.0,,,,,,,,,,,,,,,,,,,,,,,,,,,,,,,,,,,,,,,
feature_drift,negative,style_gap,item_count_percentile_gap_abs,525,426,0.108735,0.158093,0.042944,0.173136,0.163346,0.260719,0.353497,0.314943,,,,,,,,,,,,,,,,,,,,,,,,,,,,,,,,,,,,,,,
feature_drift,negative,style_gap,item_count_raw_gap_abs,525,426,20.870476,2.093897,1.0,1.0,10.0,2.0,-0.196841,0.24715,,,,,,,,,,,,,,,,,,,,,,,,,,,,,,,,,,,,,,,
feature_drift,negative,style_gap,max_category_share_percentile_gap_abs,525,426,0.167181,0.374823,0.0,0.000866,0.275229,0.828131,0.61047,0.397639,,,,,,,,,,,,,,,,,,,,,,,,,,,,,,,,,,,,,,,
feature_drift,negative,style_gap,max_category_share_raw_gap_abs,525,426,0.117777,0.213024,0.0,0.0,0.174345,0.5,0.450551,0.247029,,,,,,,,,,,,,,,,,,,,,,,,,,,,,,,,,,,,,,,
feature_drift,negative,style_gap,price_median_percentile_gap_abs,524,426,0.165645,0.295134,0.090261,0.271522,0.231055,0.478141,0.581728,0.308229,,,,,,,,,,,,,,,,,,,,,,,,,,,,,,,,,,,,,,,
feature_drift,negative,style_gap,price_median_raw_gap_abs,524,426,6173.315267,10085551.125023,15.0,0.591005,83.19125,27.999995,0.068581,0.333038,,,,,,,,,,,,,,,,,,,,,,,,,,,,,,,,,,,,,,,
feature_drift,negative,structural,profile_category_jaccard,525,426,0.451641,0.435524,0.333333,0.5,1.0,1.0,-0.037884,0.097934,,,,,,,,,,,,,,,,,,,,,,,,,,,,,,,,,,,,,,,
feature_drift,negative,style_gap,punct_ratio_mean_percentile_gap_abs,525,426,0.223717,0.392427,0.156442,0.355356,0.342025,0.64167,0.664198,0.272891,,,,,,,,,,,,,,,,,,,,,,,,,,,,,,,,,,,,,,,
feature_drift,negative,style_gap,punct_ratio_mean_raw_gap_abs,525,426,0.035711,0.082191,0.017934,0.065428,0.040541,0.112574,0.690734,0.429631,,,,,,,,,,,,,,,,,,,,,,,,,,,,,,,,,,,,,,,
feature_drift,negative,style_gap,repeated_description_share_percentile_gap_abs,525,426,0.095739,0.022277,0.013122,0.0,0.156825,0.028717,-0.722819,0.314286,,,,,,,,,,,,,,,,,,,,,,,,,,,,,,,,,,,,,,,
feature_drift,negative,style_gap,repeated_description_share_raw_gap_abs,525,426,0.142886,0.144461,0.0,0.0,0.199383,0.0,0.005703,0.253763,,,,,,,,,,,,,,,,,,,,,,,,,,,,,,,,,,,,,,,
feature_drift,negative,style_gap,repeated_title_share_percentile_gap_abs,525,426,0.067233,0.004573,0.0,0.0,0.091257,0.015536,-0.749396,0.367311,,,,,,,,,,,,,,,,,,,,,,,,,,,,,,,,,,,,,,,
feature_drift,negative,style_gap,repeated_title_share_raw_gap_abs,525,426,0.066899,0.007368,0.0,0.0,0.037479,0.0,-0.509069,0.260912,,,,,,,,,,,,,,,,,,,,,,,,,,,,,,,,,,,,,,,
feature_drift,negative,semantic,reranker_score_bge_reranker_v2_m3,525,426,0.227594,0.191567,0.160129,0.122631,0.352026,0.289507,-0.182141,0.121623,,,,,,,,,,,,,,,,,,,,,,,,,,,,,,,,,,,,,,,
feature_drift,negative,semantic,reranker_score_gte_multilingual_reranker_base,525,426,0.660716,0.664275,0.65249,0.665798,0.751804,0.713985,0.032581,0.190892,,,,,,,,,,,,,,,,,,,,,,,,,,,,,,,,,,,,,,,
feature_drift,negative,structural+template_proxy,shared_boilerplate_count,525,426,0.038095,0.0,0.0,0.0,0.0,0.0,-0.281439,0.038095,,,,,,,,,,,,,,,,,,,,,,,,,,,,,,,,,,,,,,,
feature_drift,negative,structural,shared_category_count_capped,525,426,0.946667,0.633803,1.0,1.0,1.0,1.0,-0.33981,0.116459,,,,,,,,,,,,,,,,,,,,,,,,,,,,,,,,,,,,,,,
feature_drift,negative,identifier,shared_contact_count_capped,525,426,0.041905,0.007042,0.0,0.0,0.0,0.0,-0.218423,0.032958,,,,,,,,,,,,,,,,,,,,,,,,,,,,,,,,,,,,,,,
feature_drift,negative,structural+template_proxy,shared_description_count_capped,525,426,0.001905,0.253521,0.0,0.0,0.0,0.0,0.472676,0.136593,,,,,,,,,,,,,,,,,,,,,,,,,,,,,,,,,,,,,,,
feature_drift,negative,structural,shared_description_idf_mean,525,426,0.513464,1.083768,0.0,0.0,0.0,0.0,0.237167,0.076351,,,,,,,,,,,,,,,,,,,,,,,,,,,,,,,,,,,,,,,
feature_drift,negative,structural+template_proxy,shared_description_idf_sum,525,426,0.721096,2.181855,0.0,0.0,0.0,0.0,0.291622,0.081489,,,,,,,,,,,,,,,,,,,,,,,,,,,,,,,,,,,,,,,
feature_drift,negative,structural+template_proxy,shared_low_df_sentence_count,525,426,0.08381,0.269953,0.0,0.0,0.0,0.0,0.302316,0.074755,,,,,,,,,,,,,,,,,,,,,,,,,,,,,,,,,,,,,,,
feature_drift,negative,identifier,shared_pgp_fingerprint_count_capped,525,426,0.0,0.0,0.0,0.0,0.0,0.0,0.0,0.0,,,,,,,,,,,,,,,,,,,,,,,,,,,,,,,,,,,,,,,
feature_drift,negative,structural+template_proxy,shared_rare_ngram_count,525,426,0.019048,0.06338,0.0,0.0,0.0,0.0,0.19737,0.050047,,,,,,,,,,,,,,,,,,,,,,,,,,,,,,,,,,,,,,,
feature_drift,negative,structural+template_proxy,shared_title_count_capped,525,426,0.001905,0.065728,0.0,0.0,0.0,0.0,0.358724,0.063823,,,,,,,,,,,,,,,,,,,,,,,,,,,,,,,,,,,,,,,
feature_drift,negative,structural,shared_title_idf_mean,525,426,0.951307,0.532101,0.0,0.0,0.0,0.0,-0.195077,0.090905,,,,,,,,,,,,,,,,,,,,,,,,,,,,,,,,,,,,,,,
feature_drift,negative,structural+template_proxy,shared_title_idf_sum,525,426,0.993676,0.532101,0.0,0.0,0.0,0.0,-0.199332,0.090905,,,,,,,,,,,,,,,,,,,,,,,,,,,,,,,,,,,,,,,
feature_drift,negative,structural,sparse_lexical_similarity_raw,525,426,0.474022,0.326928,0.421237,0.264582,0.539536,0.400289,-0.722791,0.452636,,,,,,,,,,,,,,,,,,,,,,,,,,,,,,,,,,,,,,,
feature_drift,negative,structural,structural_support_score_raw,525,426,0.621423,0.499612,0.615461,0.471973,0.790436,0.649699,-0.578029,0.255023,,,,,,,,,,,,,,,,,,,,,,,,,,,,,,,,,,,,,,,
feature_drift,negative,style_gap,title_length_median_percentile_gap_abs,525,426,0.186602,0.341743,0.110751,0.291042,0.276457,0.541762,0.67948,0.319812,,,,,,,,,,,,,,,,,,,,,,,,,,,,,,,,,,,,,,,
feature_drift,negative,style_gap,title_length_median_raw_gap_abs,525,426,10.781905,9.158451,7.0,7.0,15.0,13.0,-0.157821,0.118457,,,,,,,,,,,,,,,,,,,,,,,,,,,,,,,,,,,,,,,
feature_drift,negative,style_gap,uppercase_ratio_mean_percentile_gap_abs,525,426,0.214911,0.265846,0.147772,0.224886,0.322709,0.473859,0.240326,0.172971,,,,,,,,,,,,,,,,,,,,,,,,,,,,,,,,,,,,,,,
feature_drift,negative,style_gap,uppercase_ratio_mean_raw_gap_abs,525,426,0.098019,0.062129,0.056622,0.028335,0.129311,0.094771,-0.339471,0.21505,,,,,,,,,,,,,,,,,,,,,,,,,,,,,,,,,,,,,,,
high_semantic_negative_ratio,,,embedding_cosine_multilingual_e5_large,,,,,,,,,,,en,en_negative_q90,0.952618,525,53,0.100952,53,0,,,,,,,,,,,,,,,,,,,,,,,,,,,,,,,
high_semantic_negative_ratio,,,embedding_cosine_multilingual_e5_large,,,,,,,,,,,zh,en_negative_q90,0.952618,426,35,0.08216,35,4,,,,,,,,,,,,,,,,,,,,,,,,,,,,,,,
high_semantic_negative_ratio,,,embedding_cosine_bge_m3,,,,,,,,,,,en,en_negative_q90,0.939324,525,53,0.100952,53,1,,,,,,,,,,,,,,,,,,,,,,,,,,,,,,,
high_semantic_negative_ratio,,,embedding_cosine_bge_m3,,,,,,,,,,,zh,en_negative_q90,0.939324,426,17,0.039906,17,3,,,,,,,,,,,,,,,,,,,,,,,,,,,,,,,
high_semantic_negative_ratio,,,embedding_cosine_labse,,,,,,,,,,,en,en_negative_q90,0.949055,525,53,0.100952,53,2,,,,,,,,,,,,,,,,,,,,,,,,,,,,,,,
high_semantic_negative_ratio,,,embedding_cosine_labse,,,,,,,,,,,zh,en_negative_q90,0.949055,426,49,0.115023,49,10,,,,,,,,,,,,,,,,,,,,,,,,,,,,,,,
high_semantic_negative_ratio,,,embedding_cosine_gte_multilingual_base,,,,,,,,,,,en,en_negative_q90,0.989466,525,53,0.100952,53,1,,,,,,,,,,,,,,,,,,,,,,,,,,,,,,,
high_semantic_negative_ratio,,,embedding_cosine_gte_multilingual_base,,,,,,,,,,,zh,en_negative_q90,0.989466,426,39,0.091549,39,11,,,,,,,,,,,,,,,,,,,,,,,,,,,,,,,
slice_performance,,,,,,,,,,,,,,,,,,,,,,all_zh_test,raw_e5_cosine,raw_semantic_control,feature:embedding_cosine_multilingual_e5_large,106,21,85,0.806723,0.520573,False,,,,,,,,,,,,,,,,,,,,,
slice_performance,,,,,,,,,,,,,,,,,,,,,,all_zh_test,raw_bge_m3_cosine,raw_semantic_control,feature:embedding_cosine_bge_m3,106,21,85,0.783754,0.492048,False,-0.022969,-0.028525,,,,,,,,,,,,,,,,,,,
slice_performance,,,,,,,,,,,,,,,,,,,,,,all_zh_test,raw_labse_cosine,raw_semantic_control,feature:embedding_cosine_labse,106,21,85,0.806162,0.518581,False,-0.000561,-0.001992,,,,,,,,,,,,,,,,,,,
slice_performance,,,,,,,,,,,,,,,,,,,,,,all_zh_test,step7_core_zero_shot_default,step7_clean_fusion_control,reports\step7_core_zero_shot_default_predictions.zh_target_strict_test.csv,106,21,85,0.588235,0.448547,False,-0.218488,-0.072026,,,,,,,,,,,,,,,,,,,
slice_performance,,,,,,,,,,,,,,,,,,,,,,all_zh_test,step7_core_zero_shot_bge_m3,step7_clean_fusion_control,reports\step7_core_zero_shot_bge_m3_predictions.zh_target_strict_test.csv,106,21,85,0.601681,0.448761,False,-0.205042,-0.071812,,,,,,,,,,,,,,,,,,,
slice_performance,,,,,,,,,,,,,,,,,,,,,,all_zh_test,step7_core_zero_shot_multilingual_e5_large,step7_clean_fusion_control,reports\step7_core_zero_shot_multilingual_e5_large_predictions.zh_target_strict_test.csv,106,21,85,0.55014,0.384493,False,-0.256583,-0.13608,,,,,,,,,,,,,,,,,,,
slice_performance,,,,,,,,,,,,,,,,,,,,,,all_zh_test,step7_core_zero_shot_default_no_structural,step7_clean_ablation_control,reports\step7_core_zero_shot_default_no_structural_predictions.zh_target_strict_test.csv,106,21,85,0.623529,0.287652,False,-0.183194,-0.232921,,,,,,,,,,,,,,,,,,,
slice_performance,,,,,,,,,,,,,,,,,,,,,,all_zh_test,step7_identifier_augmented_default,step7_operational_identifier_control,reports\step7_identifier_augmented_default_predictions.zh_target_strict_test.csv,106,21,85,0.606443,0.418989,False,-0.20028,-0.101584,,,,,,,,,,,,,,,,,,,
slice_performance,,,,,,,,,,,,,,,,,,,,,,all_zh_test,step9_e5_lr_l2_50pct_seed_mean,step9_clean_few_shot_seed_mean,"[""reports\\step9_core_few_shot_multilingual_e5_large_lr_l2_ratio_50pct_seed_20260320_predictions.zh_test.csv"", ""reports\\step9_core_few_shot_multilingual_e5_large_lr_l2_ratio_50pct_seed_20260321_predictions.zh_test.csv"", ""reports\\step9_core_few_shot_multilingual_e5_large_lr_l2_ratio_50pct_seed_20260322_predictions.zh_test.csv""]",106,21,85,0.819048,0.540494,False,0.012325,0.019921,,,,,,,,,,,,,,,,,,,
slice_performance,,,,,,,,,,,,,,,,,,,,,,all_zh_test,step9_bge_m3_residual_lr_100pct_seed_mean,step9_clean_few_shot_seed_mean,"[""reports\\step9_core_few_shot_bge_m3_residual_lr_ratio_100pct_seed_20260320_predictions.zh_test.csv"", ""reports\\step9_core_few_shot_bge_m3_residual_lr_ratio_100pct_seed_20260321_predictions.zh_test.csv"", ""reports\\step9_core_few_shot_bge_m3_residual_lr_ratio_100pct_seed_20260322_predictions.zh_test.csv""]",106,21,85,0.817367,0.515857,False,0.010644,-0.004716,,,,,,,,,,,,,,,,,,,
slice_performance,,,,,,,,,,,,,,,,,,,,,,all_zh_test,step9_labse_lr_l2_100pct_seed_mean,step9_semantic_control_seed_mean,"[""reports\\step9_core_few_shot_labse_lr_l2_ratio_100pct_seed_20260320_predictions.zh_test.csv"", ""reports\\step9_core_few_shot_labse_lr_l2_ratio_100pct_seed_20260321_predictions.zh_test.csv"", ""reports\\step9_core_few_shot_labse_lr_l2_ratio_100pct_seed_20260322_predictions.zh_test.csv""]",106,21,85,0.79944,0.531286,False,-0.007283,0.010713,,,,,,,,,,,,,,,,,,,
slice_performance,,,,,,,,,,,,,,,,,,,,,,all_zh_test,step9_identifier_augmented_lr_l2_100pct_seed_mean,step9_operational_identifier_seed_mean,"[""reports\\step9_identifier_augmented_few_shot_default_lr_l2_ratio_100pct_seed_20260320_predictions.zh_test.csv"", ""reports\\step9_identifier_augmented_few_shot_default_lr_l2_ratio_100pct_seed_20260321_predictions.zh_test.csv"", ""reports\\step9_identifier_augmented_few_shot_default_lr_l2_ratio_100pct_seed_20260322_predictions.zh_test.csv""]",106,21,85,0.783754,0.647686,False,-0.022969,0.127113,,,,,,,,,,,,,,,,,,,
slice_performance,,,,,,,,,,,,,,,,,,,,,,all_zh_test,step9_e5_lr_l2_positive_pair_mixup_50pct_seed_mean,step9_training_only_minority_regularization_control,"[""reports\\step9_core_few_shot_multilingual_e5_large_lr_l2_positive_pair_mixup_ratio_50pct_seed_20260320_predictions.zh_test.csv"", ""reports\\step9_core_few_shot_multilingual_e5_large_lr_l2_positive_pair_mixup_ratio_50pct_seed_20260321_predictions.zh_test.csv"", ""reports\\step9_core_few_shot_multilingual_e5_large_lr_l2_positive_pair_mixup_ratio_50pct_seed_20260322_predictions.zh_test.csv""]",106,21,85,0.826891,0.549271,False,0.020168,0.028698,,,,,,,,,,,,,,,,,,,
slice_performance,,,,,,,,,,,,,,,,,,,,,,all_zh_test,step9_e5_lr_l2_positive_pair_mixup_100pct_seed_mean,step9_training_only_minority_regularization_control,"[""reports\\step9_core_few_shot_multilingual_e5_large_lr_l2_positive_pair_mixup_ratio_100pct_seed_20260320_predictions.zh_test.csv"", ""reports\\step9_core_few_shot_multilingual_e5_large_lr_l2_positive_pair_mixup_ratio_100pct_seed_20260321_predictions.zh_test.csv"", ""reports\\step9_core_few_shot_multilingual_e5_large_lr_l2_positive_pair_mixup_ratio_100pct_seed_20260322_predictions.zh_test.csv""]",106,21,85,0.842017,0.588995,False,0.035294,0.068422,,,,,,,,,,,,,,,,,,,
slice_performance,,,,,,,,,,,,,,,,,,,,,,identifier_present,raw_e5_cosine,raw_semantic_control,feature:embedding_cosine_multilingual_e5_large,5,5,0,,1.0,True,,,,,,,,,,,,,,,,,,,,,
slice_performance,,,,,,,,,,,,,,,,,,,,,,identifier_present,raw_bge_m3_cosine,raw_semantic_control,feature:embedding_cosine_bge_m3,5,5,0,,1.0,True,,0.0,,,,,,,,,,,,,,,,,,,
slice_performance,,,,,,,,,,,,,,,,,,,,,,identifier_present,raw_labse_cosine,raw_semantic_control,feature:embedding_cosine_labse,5,5,0,,1.0,True,,0.0,,,,,,,,,,,,,,,,,,,
slice_performance,,,,,,,,,,,,,,,,,,,,,,identifier_present,step7_core_zero_shot_default,step7_clean_fusion_control,reports\step7_core_zero_shot_default_predictions.zh_target_strict_test.csv,5,5,0,,1.0,True,,0.0,,,,,,,,,,,,,,,,,,,
slice_performance,,,,,,,,,,,,,,,,,,,,,,identifier_present,step7_core_zero_shot_bge_m3,step7_clean_fusion_control,reports\step7_core_zero_shot_bge_m3_predictions.zh_target_strict_test.csv,5,5,0,,1.0,True,,0.0,,,,,,,,,,,,,,,,,,,
slice_performance,,,,,,,,,,,,,,,,,,,,,,identifier_present,step7_core_zero_shot_multilingual_e5_large,step7_clean_fusion_control,reports\step7_core_zero_shot_multilingual_e5_large_predictions.zh_target_strict_test.csv,5,5,0,,1.0,True,,0.0,,,,,,,,,,,,,,,,,,,
slice_performance,,,,,,,,,,,,,,,,,,,,,,identifier_present,step7_core_zero_shot_default_no_structural,step7_clean_ablation_control,reports\step7_core_zero_shot_default_no_structural_predictions.zh_target_strict_test.csv,5,5,0,,1.0,True,,0.0,,,,,,,,,,,,,,,,,,,
slice_performance,,,,,,,,,,,,,,,,,,,,,,identifier_present,step7_identifier_augmented_default,step7_operational_identifier_control,reports\step7_identifier_augmented_default_predictions.zh_target_strict_test.csv,5,5,0,,1.0,True,,0.0,,,,,,,,,,,,,,,,,,,
slice_performance,,,,,,,,,,,,,,,,,,,,,,identifier_present,step9_e5_lr_l2_50pct_seed_mean,step9_clean_few_shot_seed_mean,"[""reports\\step9_core_few_shot_multilingual_e5_large_lr_l2_ratio_50pct_seed_20260320_predictions.zh_test.csv"", ""reports\\step9_core_few_shot_multilingual_e5_large_lr_l2_ratio_50pct_seed_20260321_predictions.zh_test.csv"", ""reports\\step9_core_few_shot_multilingual_e5_large_lr_l2_ratio_50pct_seed_20260322_predictions.zh_test.csv""]",5,5,0,,1.0,True,,0.0,,,,,,,,,,,,,,,,,,,
slice_performance,,,,,,,,,,,,,,,,,,,,,,identifier_present,step9_bge_m3_residual_lr_100pct_seed_mean,step9_clean_few_shot_seed_mean,"[""reports\\step9_core_few_shot_bge_m3_residual_lr_ratio_100pct_seed_20260320_predictions.zh_test.csv"", ""reports\\step9_core_few_shot_bge_m3_residual_lr_ratio_100pct_seed_20260321_predictions.zh_test.csv"", ""reports\\step9_core_few_shot_bge_m3_residual_lr_ratio_100pct_seed_20260322_predictions.zh_test.csv""]",5,5,0,,1.0,True,,0.0,,,,,,,,,,,,,,,,,,,
slice_performance,,,,,,,,,,,,,,,,,,,,,,identifier_present,step9_labse_lr_l2_100pct_seed_mean,step9_semantic_control_seed_mean,"[""reports\\step9_core_few_shot_labse_lr_l2_ratio_100pct_seed_20260320_predictions.zh_test.csv"", ""reports\\step9_core_few_shot_labse_lr_l2_ratio_100pct_seed_20260321_predictions.zh_test.csv"", ""reports\\step9_core_few_shot_labse_lr_l2_ratio_100pct_seed_20260322_predictions.zh_test.csv""]",5,5,0,,1.0,True,,0.0,,,,,,,,,,,,,,,,,,,
slice_performance,,,,,,,,,,,,,,,,,,,,,,identifier_present,step9_identifier_augmented_lr_l2_100pct_seed_mean,step9_operational_identifier_seed_mean,"[""reports\\step9_identifier_augmented_few_shot_default_lr_l2_ratio_100pct_seed_20260320_predictions.zh_test.csv"", ""reports\\step9_identifier_augmented_few_shot_default_lr_l2_ratio_100pct_seed_20260321_predictions.zh_test.csv"", ""reports\\step9_identifier_augmented_few_shot_default_lr_l2_ratio_100pct_seed_20260322_predictions.zh_test.csv""]",5,5,0,,1.0,True,,0.0,,,,,,,,,,,,,,,,,,,
slice_performance,,,,,,,,,,,,,,,,,,,,,,identifier_present,step9_e5_lr_l2_positive_pair_mixup_50pct_seed_mean,step9_training_only_minority_regularization_control,"[""reports\\step9_core_few_shot_multilingual_e5_large_lr_l2_positive_pair_mixup_ratio_50pct_seed_20260320_predictions.zh_test.csv"", ""reports\\step9_core_few_shot_multilingual_e5_large_lr_l2_positive_pair_mixup_ratio_50pct_seed_20260321_predictions.zh_test.csv"", ""reports\\step9_core_few_shot_multilingual_e5_large_lr_l2_positive_pair_mixup_ratio_50pct_seed_20260322_predictions.zh_test.csv""]",5,5,0,,1.0,True,,0.0,,,,,,,,,,,,,,,,,,,
slice_performance,,,,,,,,,,,,,,,,,,,,,,identifier_present,step9_e5_lr_l2_positive_pair_mixup_100pct_seed_mean,step9_training_only_minority_regularization_control,"[""reports\\step9_core_few_shot_multilingual_e5_large_lr_l2_positive_pair_mixup_ratio_100pct_seed_20260320_predictions.zh_test.csv"", ""reports\\step9_core_few_shot_multilingual_e5_large_lr_l2_positive_pair_mixup_ratio_100pct_seed_20260321_predictions.zh_test.csv"", ""reports\\step9_core_few_shot_multilingual_e5_large_lr_l2_positive_pair_mixup_ratio_100pct_seed_20260322_predictions.zh_test.csv""]",5,5,0,,1.0,True,,0.0,,,,,,,,,,,,,,,,,,,
slice_performance,,,,,,,,,,,,,,,,,,,,,,identifier_absent,raw_e5_cosine,raw_semantic_control,feature:embedding_cosine_multilingual_e5_large,101,16,85,0.809559,0.5029,False,,,,,,,,,,,,,,,,,,,,,
slice_performance,,,,,,,,,,,,,,,,,,,,,,identifier_absent,raw_bge_m3_cosine,raw_semantic_control,feature:embedding_cosine_bge_m3,101,16,85,0.830882,0.473119,False,0.021323,-0.029781,,,,,,,,,,,,,,,,,,,
slice_performance,,,,,,,,,,,,,,,,,,,,,,identifier_absent,raw_labse_cosine,raw_semantic_control,feature:embedding_cosine_labse,101,16,85,0.85,0.52425,False,0.040441,0.02135,,,,,,,,,,,,,,,,,,,
slice_performance,,,,,,,,,,,,,,,,,,,,,,identifier_absent,step7_core_zero_shot_default,step7_clean_fusion_control,reports\step7_core_zero_shot_default_predictions.zh_target_strict_test.csv,101,16,85,0.536397,0.36031,False,-0.273162,-0.14259,,,,,,,,,,,,,,,,,,,
slice_performance,,,,,,,,,,,,,,,,,,,,,,identifier_absent,step7_core_zero_shot_bge_m3,step7_clean_fusion_control,reports\step7_core_zero_shot_bge_m3_predictions.zh_target_strict_test.csv,101,16,85,0.538603,0.358857,False,-0.270956,-0.144043,,,,,,,,,,,,,,,,,,,
slice_performance,,,,,,,,,,,,,,,,,,,,,,identifier_absent,step7_core_zero_shot_multilingual_e5_large,step7_clean_fusion_control,reports\step7_core_zero_shot_multilingual_e5_large_predictions.zh_target_strict_test.csv,101,16,85,0.53125,0.345732,False,-0.278309,-0.157168,,,,,,,,,,,,,,,,,,,
slice_performance,,,,,,,,,,,,,,,,,,,,,,identifier_absent,step7_core_zero_shot_default_no_structural,step7_clean_ablation_control,reports\step7_core_zero_shot_default_no_structural_predictions.zh_target_strict_test.csv,101,16,85,0.588235,0.228709,False,-0.221324,-0.274191,,,,,,,,,,,,,,,,,,,
slice_performance,,,,,,,,,,,,,,,,,,,,,,identifier_absent,step7_identifier_augmented_default,step7_operational_identifier_control,reports\step7_identifier_augmented_default_predictions.zh_target_strict_test.csv,101,16,85,0.523162,0.337754,False,-0.286397,-0.165146,,,,,,,,,,,,,,,,,,,
slice_performance,,,,,,,,,,,,,,,,,,,,,,identifier_absent,step9_e5_lr_l2_50pct_seed_mean,step9_clean_few_shot_seed_mean,"[""reports\\step9_core_few_shot_multilingual_e5_large_lr_l2_ratio_50pct_seed_20260320_predictions.zh_test.csv"", ""reports\\step9_core_few_shot_multilingual_e5_large_lr_l2_ratio_50pct_seed_20260321_predictions.zh_test.csv"", ""reports\\step9_core_few_shot_multilingual_e5_large_lr_l2_ratio_50pct_seed_20260322_predictions.zh_test.csv""]",101,16,85,0.819118,0.511861,False,0.009559,0.008961,,,,,,,,,,,,,,,,,,,
slice_performance,,,,,,,,,,,,,,,,,,,,,,identifier_absent,step9_bge_m3_residual_lr_100pct_seed_mean,step9_clean_few_shot_seed_mean,"[""reports\\step9_core_few_shot_bge_m3_residual_lr_ratio_100pct_seed_20260320_predictions.zh_test.csv"", ""reports\\step9_core_few_shot_bge_m3_residual_lr_ratio_100pct_seed_20260321_predictions.zh_test.csv"", ""reports\\step9_core_few_shot_bge_m3_residual_lr_ratio_100pct_seed_20260322_predictions.zh_test.csv""]",101,16,85,0.810294,0.446436,False,0.000735,-0.056464,,,,,,,,,,,,,,,,,,,
slice_performance,,,,,,,,,,,,,,,,,,,,,,identifier_absent,step9_labse_lr_l2_100pct_seed_mean,step9_semantic_control_seed_mean,"[""reports\\step9_core_few_shot_labse_lr_l2_ratio_100pct_seed_20260320_predictions.zh_test.csv"", ""reports\\step9_core_few_shot_labse_lr_l2_ratio_100pct_seed_20260321_predictions.zh_test.csv"", ""reports\\step9_core_few_shot_labse_lr_l2_ratio_100pct_seed_20260322_predictions.zh_test.csv""]",101,16,85,0.831618,0.52949,False,0.022059,0.02659,,,,,,,,,,,,,,,,,,,
slice_performance,,,,,,,,,,,,,,,,,,,,,,identifier_absent,step9_identifier_augmented_lr_l2_100pct_seed_mean,step9_operational_identifier_seed_mean,"[""reports\\step9_identifier_augmented_few_shot_default_lr_l2_ratio_100pct_seed_20260320_predictions.zh_test.csv"", ""reports\\step9_identifier_augmented_few_shot_default_lr_l2_ratio_100pct_seed_20260321_predictions.zh_test.csv"", ""reports\\step9_identifier_augmented_few_shot_default_lr_l2_ratio_100pct_seed_20260322_predictions.zh_test.csv""]",101,16,85,0.716176,0.459684,False,-0.093383,-0.043216,,,,,,,,,,,,,,,,,,,
slice_performance,,,,,,,,,,,,,,,,,,,,,,identifier_absent,step9_e5_lr_l2_positive_pair_mixup_50pct_seed_mean,step9_training_only_minority_regularization_control,"[""reports\\step9_core_few_shot_multilingual_e5_large_lr_l2_positive_pair_mixup_ratio_50pct_seed_20260320_predictions.zh_test.csv"", ""reports\\step9_core_few_shot_multilingual_e5_large_lr_l2_positive_pair_mixup_ratio_50pct_seed_20260321_predictions.zh_test.csv"", ""reports\\step9_core_few_shot_multilingual_e5_large_lr_l2_positive_pair_mixup_ratio_50pct_seed_20260322_predictions.zh_test.csv""]",101,16,85,0.836765,0.533889,False,0.027206,0.030989,,,,,,,,,,,,,,,,,,,
slice_performance,,,,,,,,,,,,,,,,,,,,,,identifier_absent,step9_e5_lr_l2_positive_pair_mixup_100pct_seed_mean,step9_training_only_minority_regularization_control,"[""reports\\step9_core_few_shot_multilingual_e5_large_lr_l2_positive_pair_mixup_ratio_100pct_seed_20260320_predictions.zh_test.csv"", ""reports\\step9_core_few_shot_multilingual_e5_large_lr_l2_positive_pair_mixup_ratio_100pct_seed_20260321_predictions.zh_test.csv"", ""reports\\step9_core_few_shot_multilingual_e5_large_lr_l2_positive_pair_mixup_ratio_100pct_seed_20260322_predictions.zh_test.csv""]",101,16,85,0.838971,0.549525,False,0.029412,0.046625,,,,,,,,,,,,,,,,,,,
slice_performance,,,,,,,,,,,,,,,,,,,,,,high_e5_semantic,raw_e5_cosine,raw_semantic_control,feature:embedding_cosine_multilingual_e5_large,8,5,3,0.4,0.59619,True,,,,,,,,,,,,,,,,,,,,,
slice_performance,,,,,,,,,,,,,,,,,,,,,,high_e5_semantic,raw_bge_m3_cosine,raw_semantic_control,feature:embedding_cosine_bge_m3,8,5,3,0.066667,0.485952,True,-0.333333,-0.110238,,,,,,,,,,,,,,,,,,,
slice_performance,,,,,,,,,,,,,,,,,,,,,,high_e5_semantic,raw_labse_cosine,raw_semantic_control,feature:embedding_cosine_labse,8,5,3,0.733333,0.87619,True,0.333333,0.28,,,,,,,,,,,,,,,,,,,
slice_performance,,,,,,,,,,,,,,,,,,,,,,high_e5_semantic,step7_core_zero_shot_default,step7_clean_fusion_control,reports\step7_core_zero_shot_default_predictions.zh_target_strict_test.csv,8,5,3,0.7,0.739286,True,0.3,0.143096,,,,,,,,,,,,,,,,,,,
slice_performance,,,,,,,,,,,,,,,,,,,,,,high_e5_semantic,step7_core_zero_shot_bge_m3,step7_clean_fusion_control,reports\step7_core_zero_shot_bge_m3_predictions.zh_target_strict_test.csv,8,5,3,0.7,0.739286,True,0.3,0.143096,,,,,,,,,,,,,,,,,,,
slice_performance,,,,,,,,,,,,,,,,,,,,,,high_e5_semantic,step7_core_zero_shot_multilingual_e5_large,step7_clean_fusion_control,reports\step7_core_zero_shot_multilingual_e5_large_predictions.zh_target_strict_test.csv,8,5,3,0.7,0.739286,True,0.3,0.143096,,,,,,,,,,,,,,,,,,,
slice_performance,,,,,,,,,,,,,,,,,,,,,,high_e5_semantic,step7_core_zero_shot_default_no_structural,step7_clean_ablation_control,reports\step7_core_zero_shot_default_no_structural_predictions.zh_target_strict_test.csv,8,5,3,0.4,0.739286,True,0.0,0.143096,,,,,,,,,,,,,,,,,,,
slice_performance,,,,,,,,,,,,,,,,,,,,,,high_e5_semantic,step7_identifier_augmented_default,step7_operational_identifier_control,reports\step7_identifier_augmented_default_predictions.zh_target_strict_test.csv,8,5,3,0.7,0.739286,True,0.3,0.143096,,,,,,,,,,,,,,,,,,,
slice_performance,,,,,,,,,,,,,,,,,,,,,,high_e5_semantic,step9_e5_lr_l2_50pct_seed_mean,step9_clean_few_shot_seed_mean,"[""reports\\step9_core_few_shot_multilingual_e5_large_lr_l2_ratio_50pct_seed_20260320_predictions.zh_test.csv"", ""reports\\step9_core_few_shot_multilingual_e5_large_lr_l2_ratio_50pct_seed_20260321_predictions.zh_test.csv"", ""reports\\step9_core_few_shot_multilingual_e5_large_lr_l2_ratio_50pct_seed_20260322_predictions.zh_test.csv""]",8,5,3,0.533333,0.778333,True,0.133333,0.182143,,,,,,,,,,,,,,,,,,,
slice_performance,,,,,,,,,,,,,,,,,,,,,,high_e5_semantic,step9_bge_m3_residual_lr_100pct_seed_mean,step9_clean_few_shot_seed_mean,"[""reports\\step9_core_few_shot_bge_m3_residual_lr_ratio_100pct_seed_20260320_predictions.zh_test.csv"", ""reports\\step9_core_few_shot_bge_m3_residual_lr_ratio_100pct_seed_20260321_predictions.zh_test.csv"", ""reports\\step9_core_few_shot_bge_m3_residual_lr_ratio_100pct_seed_20260322_predictions.zh_test.csv""]",8,5,3,0.266667,0.639286,True,-0.133333,0.043096,,,,,,,,,,,,,,,,,,,
slice_performance,,,,,,,,,,,,,,,,,,,,,,high_e5_semantic,step9_labse_lr_l2_100pct_seed_mean,step9_semantic_control_seed_mean,"[""reports\\step9_core_few_shot_labse_lr_l2_ratio_100pct_seed_20260320_predictions.zh_test.csv"", ""reports\\step9_core_few_shot_labse_lr_l2_ratio_100pct_seed_20260321_predictions.zh_test.csv"", ""reports\\step9_core_few_shot_labse_lr_l2_ratio_100pct_seed_20260322_predictions.zh_test.csv""]",8,5,3,0.6,0.79619,True,0.2,0.2,,,,,,,,,,,,,,,,,,,
slice_performance,,,,,,,,,,,,,,,,,,,,,,high_e5_semantic,step9_identifier_augmented_lr_l2_100pct_seed_mean,step9_operational_identifier_seed_mean,"[""reports\\step9_identifier_augmented_few_shot_default_lr_l2_ratio_100pct_seed_20260320_predictions.zh_test.csv"", ""reports\\step9_identifier_augmented_few_shot_default_lr_l2_ratio_100pct_seed_20260321_predictions.zh_test.csv"", ""reports\\step9_identifier_augmented_few_shot_default_lr_l2_ratio_100pct_seed_20260322_predictions.zh_test.csv""]",8,5,3,0.4,0.739286,True,0.0,0.143096,,,,,,,,,,,,,,,,,,,
slice_performance,,,,,,,,,,,,,,,,,,,,,,high_e5_semantic,step9_e5_lr_l2_positive_pair_mixup_50pct_seed_mean,step9_training_only_minority_regularization_control,"[""reports\\step9_core_few_shot_multilingual_e5_large_lr_l2_positive_pair_mixup_ratio_50pct_seed_20260320_predictions.zh_test.csv"", ""reports\\step9_core_few_shot_multilingual_e5_large_lr_l2_positive_pair_mixup_ratio_50pct_seed_20260321_predictions.zh_test.csv"", ""reports\\step9_core_few_shot_multilingual_e5_large_lr_l2_positive_pair_mixup_ratio_50pct_seed_20260322_predictions.zh_test.csv""]",8,5,3,0.533333,0.778333,True,0.133333,0.182143,,,,,,,,,,,,,,,,,,,
slice_performance,,,,,,,,,,,,,,,,,,,,,,high_e5_semantic,step9_e5_lr_l2_positive_pair_mixup_100pct_seed_mean,step9_training_only_minority_regularization_control,"[""reports\\step9_core_few_shot_multilingual_e5_large_lr_l2_positive_pair_mixup_ratio_100pct_seed_20260320_predictions.zh_test.csv"", ""reports\\step9_core_few_shot_multilingual_e5_large_lr_l2_positive_pair_mixup_ratio_100pct_seed_20260321_predictions.zh_test.csv"", ""reports\\step9_core_few_shot_multilingual_e5_large_lr_l2_positive_pair_mixup_ratio_100pct_seed_20260322_predictions.zh_test.csv""]",8,5,3,0.466667,0.759286,True,0.066667,0.163096,,,,,,,,,,,,,,,,,,,
slice_performance,,,,,,,,,,,,,,,,,,,,,,high_e5_semantic_no_identifier,raw_e5_cosine,raw_semantic_control,feature:embedding_cosine_multilingual_e5_large,7,4,3,0.416667,0.566667,True,,,,,,,,,,,,,,,,,,,,,
slice_performance,,,,,,,,,,,,,,,,,,,,,,high_e5_semantic_no_identifier,raw_bge_m3_cosine,raw_semantic_control,feature:embedding_cosine_bge_m3,7,4,3,0.083333,0.45119,True,-0.333334,-0.115477,,,,,,,,,,,,,,,,,,,
slice_performance,,,,,,,,,,,,,,,,,,,,,,high_e5_semantic_no_identifier,raw_labse_cosine,raw_semantic_control,feature:embedding_cosine_labse,7,4,3,0.833333,0.916667,True,0.416666,0.35,,,,,,,,,,,,,,,,,,,
slice_performance,,,,,,,,,,,,,,,,,,,,,,high_e5_semantic_no_identifier,step7_core_zero_shot_default,step7_clean_fusion_control,reports\step7_core_zero_shot_default_predictions.zh_target_strict_test.csv,7,4,3,0.625,0.617857,True,0.208333,0.05119,,,,,,,,,,,,,,,,,,,
slice_performance,,,,,,,,,,,,,,,,,,,,,,high_e5_semantic_no_identifier,step7_core_zero_shot_bge_m3,step7_clean_fusion_control,reports\step7_core_zero_shot_bge_m3_predictions.zh_target_strict_test.csv,7,4,3,0.625,0.617857,True,0.208333,0.05119,,,,,,,,,,,,,,,,,,,
slice_performance,,,,,,,,,,,,,,,,,,,,,,high_e5_semantic_no_identifier,step7_core_zero_shot_multilingual_e5_large,step7_clean_fusion_control,reports\step7_core_zero_shot_multilingual_e5_large_predictions.zh_target_strict_test.csv,7,4,3,0.625,0.617857,True,0.208333,0.05119,,,,,,,,,,,,,,,,,,,
slice_performance,,,,,,,,,,,,,,,,,,,,,,high_e5_semantic_no_identifier,step7_core_zero_shot_default_no_structural,step7_clean_ablation_control,reports\step7_core_zero_shot_default_no_structural_predictions.zh_target_strict_test.csv,7,4,3,0.25,0.617857,True,-0.166667,0.05119,,,,,,,,,,,,,,,,,,,
slice_performance,,,,,,,,,,,,,,,,,,,,,,high_e5_semantic_no_identifier,step7_identifier_augmented_default,step7_operational_identifier_control,reports\step7_identifier_augmented_default_predictions.zh_target_strict_test.csv,7,4,3,0.625,0.617857,True,0.208333,0.05119,,,,,,,,,,,,,,,,,,,
slice_performance,,,,,,,,,,,,,,,,,,,,,,high_e5_semantic_no_identifier,step9_e5_lr_l2_50pct_seed_mean,step9_clean_few_shot_seed_mean,"[""reports\\step9_core_few_shot_multilingual_e5_large_lr_l2_ratio_50pct_seed_20260320_predictions.zh_test.csv"", ""reports\\step9_core_few_shot_multilingual_e5_large_lr_l2_ratio_50pct_seed_20260321_predictions.zh_test.csv"", ""reports\\step9_core_few_shot_multilingual_e5_large_lr_l2_ratio_50pct_seed_20260322_predictions.zh_test.csv""]",7,4,3,0.416667,0.667857,True,0.0,0.10119,,,,,,,,,,,,,,,,,,,
slice_performance,,,,,,,,,,,,,,,,,,,,,,high_e5_semantic_no_identifier,step9_bge_m3_residual_lr_100pct_seed_mean,step9_clean_few_shot_seed_mean,"[""reports\\step9_core_few_shot_bge_m3_residual_lr_ratio_100pct_seed_20260320_predictions.zh_test.csv"", ""reports\\step9_core_few_shot_bge_m3_residual_lr_ratio_100pct_seed_20260321_predictions.zh_test.csv"", ""reports\\step9_core_few_shot_bge_m3_residual_lr_ratio_100pct_seed_20260322_predictions.zh_test.csv""]",7,4,3,0.25,0.617857,True,-0.166667,0.05119,,,,,,,,,,,,,,,,,,,
slice_performance,,,,,,,,,,,,,,,,,,,,,,high_e5_semantic_no_identifier,step9_labse_lr_l2_100pct_seed_mean,step9_semantic_control_seed_mean,"[""reports\\step9_core_few_shot_labse_lr_l2_ratio_100pct_seed_20260320_predictions.zh_test.csv"", ""reports\\step9_core_few_shot_labse_lr_l2_ratio_100pct_seed_20260321_predictions.zh_test.csv"", ""reports\\step9_core_few_shot_labse_lr_l2_ratio_100pct_seed_20260322_predictions.zh_test.csv""]",7,4,3,0.666667,0.816667,True,0.25,0.25,,,,,,,,,,,,,,,,,,,
slice_performance,,,,,,,,,,,,,,,,,,,,,,high_e5_semantic_no_identifier,step9_identifier_augmented_lr_l2_100pct_seed_mean,step9_operational_identifier_seed_mean,"[""reports\\step9_identifier_augmented_few_shot_default_lr_l2_ratio_100pct_seed_20260320_predictions.zh_test.csv"", ""reports\\step9_identifier_augmented_few_shot_default_lr_l2_ratio_100pct_seed_20260321_predictions.zh_test.csv"", ""reports\\step9_identifier_augmented_few_shot_default_lr_l2_ratio_100pct_seed_20260322_predictions.zh_test.csv""]",7,4,3,0.25,0.617857,True,-0.166667,0.05119,,,,,,,,,,,,,,,,,,,
slice_performance,,,,,,,,,,,,,,,,,,,,,,high_e5_semantic_no_identifier,step9_e5_lr_l2_positive_pair_mixup_50pct_seed_mean,step9_training_only_minority_regularization_control,"[""reports\\step9_core_few_shot_multilingual_e5_large_lr_l2_positive_pair_mixup_ratio_50pct_seed_20260320_predictions.zh_test.csv"", ""reports\\step9_core_few_shot_multilingual_e5_large_lr_l2_positive_pair_mixup_ratio_50pct_seed_20260321_predictions.zh_test.csv"", ""reports\\step9_core_few_shot_multilingual_e5_large_lr_l2_positive_pair_mixup_ratio_50pct_seed_20260322_predictions.zh_test.csv""]",7,4,3,0.416667,0.667857,True,0.0,0.10119,,,,,,,,,,,,,,,,,,,
slice_performance,,,,,,,,,,,,,,,,,,,,,,high_e5_semantic_no_identifier,step9_e5_lr_l2_positive_pair_mixup_100pct_seed_mean,step9_training_only_minority_regularization_control,"[""reports\\step9_core_few_shot_multilingual_e5_large_lr_l2_positive_pair_mixup_ratio_100pct_seed_20260320_predictions.zh_test.csv"", ""reports\\step9_core_few_shot_multilingual_e5_large_lr_l2_positive_pair_mixup_ratio_100pct_seed_20260321_predictions.zh_test.csv"", ""reports\\step9_core_few_shot_multilingual_e5_large_lr_l2_positive_pair_mixup_ratio_100pct_seed_20260322_predictions.zh_test.csv""]",7,4,3,0.333333,0.642857,True,-0.083334,0.07619,,,,,,,,,,,,,,,,,,,
slice_performance,,,,,,,,,,,,,,,,,,,,,,template_dense,raw_e5_cosine,raw_semantic_control,feature:embedding_cosine_multilingual_e5_large,5,2,3,1.0,1.0,True,,,,,,,,,,,,,,,,,,,,,
slice_performance,,,,,,,,,,,,,,,,,,,,,,template_dense,raw_bge_m3_cosine,raw_semantic_control,feature:embedding_cosine_bge_m3,5,2,3,0.666667,0.583333,True,-0.333333,-0.416667,,,,,,,,,,,,,,,,,,,
slice_performance,,,,,,,,,,,,,,,,,,,,,,template_dense,raw_labse_cosine,raw_semantic_control,feature:embedding_cosine_labse,5,2,3,0.833333,0.833333,True,-0.166667,-0.166667,,,,,,,,,,,,,,,,,,,
slice_performance,,,,,,,,,,,,,,,,,,,,,,template_dense,step7_core_zero_shot_default,step7_clean_fusion_control,reports\step7_core_zero_shot_default_predictions.zh_target_strict_test.csv,5,2,3,0.833333,1.0,True,-0.166667,0.0,,,,,,,,,,,,,,,,,,,
slice_performance,,,,,,,,,,,,,,,,,,,,,,template_dense,step7_core_zero_shot_bge_m3,step7_clean_fusion_control,reports\step7_core_zero_shot_bge_m3_predictions.zh_target_strict_test.csv,5,2,3,0.833333,1.0,True,-0.166667,0.0,,,,,,,,,,,,,,,,,,,
slice_performance,,,,,,,,,,,,,,,,,,,,,,template_dense,step7_core_zero_shot_multilingual_e5_large,step7_clean_fusion_control,reports\step7_core_zero_shot_multilingual_e5_large_predictions.zh_target_strict_test.csv,5,2,3,0.5,1.0,True,-0.5,0.0,,,,,,,,,,,,,,,,,,,
slice_performance,,,,,,,,,,,,,,,,,,,,,,template_dense,step7_core_zero_shot_default_no_structural,step7_clean_ablation_control,reports\step7_core_zero_shot_default_no_structural_predictions.zh_target_strict_test.csv,5,2,3,0.833333,0.833333,True,-0.166667,-0.166667,,,,,,,,,,,,,,,,,,,
slice_performance,,,,,,,,,,,,,,,,,,,,,,template_dense,step7_identifier_augmented_default,step7_operational_identifier_control,reports\step7_identifier_augmented_default_predictions.zh_target_strict_test.csv,5,2,3,0.5,1.0,True,-0.5,0.0,,,,,,,,,,,,,,,,,,,
slice_performance,,,,,,,,,,,,,,,,,,,,,,template_dense,step9_e5_lr_l2_50pct_seed_mean,step9_clean_few_shot_seed_mean,"[""reports\\step9_core_few_shot_multilingual_e5_large_lr_l2_ratio_50pct_seed_20260320_predictions.zh_test.csv"", ""reports\\step9_core_few_shot_multilingual_e5_large_lr_l2_ratio_50pct_seed_20260321_predictions.zh_test.csv"", ""reports\\step9_core_few_shot_multilingual_e5_large_lr_l2_ratio_50pct_seed_20260322_predictions.zh_test.csv""]",5,2,3,1.0,1.0,True,0.0,0.0,,,,,,,,,,,,,,,,,,,
slice_performance,,,,,,,,,,,,,,,,,,,,,,template_dense,step9_bge_m3_residual_lr_100pct_seed_mean,step9_clean_few_shot_seed_mean,"[""reports\\step9_core_few_shot_bge_m3_residual_lr_ratio_100pct_seed_20260320_predictions.zh_test.csv"", ""reports\\step9_core_few_shot_bge_m3_residual_lr_ratio_100pct_seed_20260321_predictions.zh_test.csv"", ""reports\\step9_core_few_shot_bge_m3_residual_lr_ratio_100pct_seed_20260322_predictions.zh_test.csv""]",5,2,3,0.666667,0.75,True,-0.333333,-0.25,,,,,,,,,,,,,,,,,,,
slice_performance,,,,,,,,,,,,,,,,,,,,,,template_dense,step9_labse_lr_l2_100pct_seed_mean,step9_semantic_control_seed_mean,"[""reports\\step9_core_few_shot_labse_lr_l2_ratio_100pct_seed_20260320_predictions.zh_test.csv"", ""reports\\step9_core_few_shot_labse_lr_l2_ratio_100pct_seed_20260321_predictions.zh_test.csv"", ""reports\\step9_core_few_shot_labse_lr_l2_ratio_100pct_seed_20260322_predictions.zh_test.csv""]",5,2,3,1.0,1.0,True,0.0,0.0,,,,,,,,,,,,,,,,,,,
slice_performance,,,,,,,,,,,,,,,,,,,,,,template_dense,step9_identifier_augmented_lr_l2_100pct_seed_mean,step9_operational_identifier_seed_mean,"[""reports\\step9_identifier_augmented_few_shot_default_lr_l2_ratio_100pct_seed_20260320_predictions.zh_test.csv"", ""reports\\step9_identifier_augmented_few_shot_default_lr_l2_ratio_100pct_seed_20260321_predictions.zh_test.csv"", ""reports\\step9_identifier_augmented_few_shot_default_lr_l2_ratio_100pct_seed_20260322_predictions.zh_test.csv""]",5,2,3,1.0,1.0,True,0.0,0.0,,,,,,,,,,,,,,,,,,,
slice_performance,,,,,,,,,,,,,,,,,,,,,,template_dense,step9_e5_lr_l2_positive_pair_mixup_50pct_seed_mean,step9_training_only_minority_regularization_control,"[""reports\\step9_core_few_shot_multilingual_e5_large_lr_l2_positive_pair_mixup_ratio_50pct_seed_20260320_predictions.zh_test.csv"", ""reports\\step9_core_few_shot_multilingual_e5_large_lr_l2_positive_pair_mixup_ratio_50pct_seed_20260321_predictions.zh_test.csv"", ""reports\\step9_core_few_shot_multilingual_e5_large_lr_l2_positive_pair_mixup_ratio_50pct_seed_20260322_predictions.zh_test.csv""]",5,2,3,1.0,1.0,True,0.0,0.0,,,,,,,,,,,,,,,,,,,
slice_performance,,,,,,,,,,,,,,,,,,,,,,template_dense,step9_e5_lr_l2_positive_pair_mixup_100pct_seed_mean,step9_training_only_minority_regularization_control,"[""reports\\step9_core_few_shot_multilingual_e5_large_lr_l2_positive_pair_mixup_ratio_100pct_seed_20260320_predictions.zh_test.csv"", ""reports\\step9_core_few_shot_multilingual_e5_large_lr_l2_positive_pair_mixup_ratio_100pct_seed_20260321_predictions.zh_test.csv"", ""reports\\step9_core_few_shot_multilingual_e5_large_lr_l2_positive_pair_mixup_ratio_100pct_seed_20260322_predictions.zh_test.csv""]",5,2,3,1.0,1.0,True,0.0,0.0,,,,,,,,,,,,,,,,,,,
slice_performance,,,,,,,,,,,,,,,,,,,,,,template_dense_no_identifier,raw_e5_cosine,raw_semantic_control,feature:embedding_cosine_multilingual_e5_large,5,2,3,1.0,1.0,True,,,,,,,,,,,,,,,,,,,,,
slice_performance,,,,,,,,,,,,,,,,,,,,,,template_dense_no_identifier,raw_bge_m3_cosine,raw_semantic_control,feature:embedding_cosine_bge_m3,5,2,3,0.666667,0.583333,True,-0.333333,-0.416667,,,,,,,,,,,,,,,,,,,
slice_performance,,,,,,,,,,,,,,,,,,,,,,template_dense_no_identifier,raw_labse_cosine,raw_semantic_control,feature:embedding_cosine_labse,5,2,3,0.833333,0.833333,True,-0.166667,-0.166667,,,,,,,,,,,,,,,,,,,
slice_performance,,,,,,,,,,,,,,,,,,,,,,template_dense_no_identifier,step7_core_zero_shot_default,step7_clean_fusion_control,reports\step7_core_zero_shot_default_predictions.zh_target_strict_test.csv,5,2,3,0.833333,1.0,True,-0.166667,0.0,,,,,,,,,,,,,,,,,,,
slice_performance,,,,,,,,,,,,,,,,,,,,,,template_dense_no_identifier,step7_core_zero_shot_bge_m3,step7_clean_fusion_control,reports\step7_core_zero_shot_bge_m3_predictions.zh_target_strict_test.csv,5,2,3,0.833333,1.0,True,-0.166667,0.0,,,,,,,,,,,,,,,,,,,
slice_performance,,,,,,,,,,,,,,,,,,,,,,template_dense_no_identifier,step7_core_zero_shot_multilingual_e5_large,step7_clean_fusion_control,reports\step7_core_zero_shot_multilingual_e5_large_predictions.zh_target_strict_test.csv,5,2,3,0.5,1.0,True,-0.5,0.0,,,,,,,,,,,,,,,,,,,
slice_performance,,,,,,,,,,,,,,,,,,,,,,template_dense_no_identifier,step7_core_zero_shot_default_no_structural,step7_clean_ablation_control,reports\step7_core_zero_shot_default_no_structural_predictions.zh_target_strict_test.csv,5,2,3,0.833333,0.833333,True,-0.166667,-0.166667,,,,,,,,,,,,,,,,,,,
slice_performance,,,,,,,,,,,,,,,,,,,,,,template_dense_no_identifier,step7_identifier_augmented_default,step7_operational_identifier_control,reports\step7_identifier_augmented_default_predictions.zh_target_strict_test.csv,5,2,3,0.5,1.0,True,-0.5,0.0,,,,,,,,,,,,,,,,,,,
slice_performance,,,,,,,,,,,,,,,,,,,,,,template_dense_no_identifier,step9_e5_lr_l2_50pct_seed_mean,step9_clean_few_shot_seed_mean,"[""reports\\step9_core_few_shot_multilingual_e5_large_lr_l2_ratio_50pct_seed_20260320_predictions.zh_test.csv"", ""reports\\step9_core_few_shot_multilingual_e5_large_lr_l2_ratio_50pct_seed_20260321_predictions.zh_test.csv"", ""reports\\step9_core_few_shot_multilingual_e5_large_lr_l2_ratio_50pct_seed_20260322_predictions.zh_test.csv""]",5,2,3,1.0,1.0,True,0.0,0.0,,,,,,,,,,,,,,,,,,,
slice_performance,,,,,,,,,,,,,,,,,,,,,,template_dense_no_identifier,step9_bge_m3_residual_lr_100pct_seed_mean,step9_clean_few_shot_seed_mean,"[""reports\\step9_core_few_shot_bge_m3_residual_lr_ratio_100pct_seed_20260320_predictions.zh_test.csv"", ""reports\\step9_core_few_shot_bge_m3_residual_lr_ratio_100pct_seed_20260321_predictions.zh_test.csv"", ""reports\\step9_core_few_shot_bge_m3_residual_lr_ratio_100pct_seed_20260322_predictions.zh_test.csv""]",5,2,3,0.666667,0.75,True,-0.333333,-0.25,,,,,,,,,,,,,,,,,,,
slice_performance,,,,,,,,,,,,,,,,,,,,,,template_dense_no_identifier,step9_labse_lr_l2_100pct_seed_mean,step9_semantic_control_seed_mean,"[""reports\\step9_core_few_shot_labse_lr_l2_ratio_100pct_seed_20260320_predictions.zh_test.csv"", ""reports\\step9_core_few_shot_labse_lr_l2_ratio_100pct_seed_20260321_predictions.zh_test.csv"", ""reports\\step9_core_few_shot_labse_lr_l2_ratio_100pct_seed_20260322_predictions.zh_test.csv""]",5,2,3,1.0,1.0,True,0.0,0.0,,,,,,,,,,,,,,,,,,,
slice_performance,,,,,,,,,,,,,,,,,,,,,,template_dense_no_identifier,step9_identifier_augmented_lr_l2_100pct_seed_mean,step9_operational_identifier_seed_mean,"[""reports\\step9_identifier_augmented_few_shot_default_lr_l2_ratio_100pct_seed_20260320_predictions.zh_test.csv"", ""reports\\step9_identifier_augmented_few_shot_default_lr_l2_ratio_100pct_seed_20260321_predictions.zh_test.csv"", ""reports\\step9_identifier_augmented_few_shot_default_lr_l2_ratio_100pct_seed_20260322_predictions.zh_test.csv""]",5,2,3,1.0,1.0,True,0.0,0.0,,,,,,,,,,,,,,,,,,,
slice_performance,,,,,,,,,,,,,,,,,,,,,,template_dense_no_identifier,step9_e5_lr_l2_positive_pair_mixup_50pct_seed_mean,step9_training_only_minority_regularization_control,"[""reports\\step9_core_few_shot_multilingual_e5_large_lr_l2_positive_pair_mixup_ratio_50pct_seed_20260320_predictions.zh_test.csv"", ""reports\\step9_core_few_shot_multilingual_e5_large_lr_l2_positive_pair_mixup_ratio_50pct_seed_20260321_predictions.zh_test.csv"", ""reports\\step9_core_few_shot_multilingual_e5_large_lr_l2_positive_pair_mixup_ratio_50pct_seed_20260322_predictions.zh_test.csv""]",5,2,3,1.0,1.0,True,0.0,0.0,,,,,,,,,,,,,,,,,,,
slice_performance,,,,,,,,,,,,,,,,,,,,,,template_dense_no_identifier,step9_e5_lr_l2_positive_pair_mixup_100pct_seed_mean,step9_training_only_minority_regularization_control,"[""reports\\step9_core_few_shot_multilingual_e5_large_lr_l2_positive_pair_mixup_ratio_100pct_seed_20260320_predictions.zh_test.csv"", ""reports\\step9_core_few_shot_multilingual_e5_large_lr_l2_positive_pair_mixup_ratio_100pct_seed_20260321_predictions.zh_test.csv"", ""reports\\step9_core_few_shot_multilingual_e5_large_lr_l2_positive_pair_mixup_ratio_100pct_seed_20260322_predictions.zh_test.csv""]",5,2,3,1.0,1.0,True,0.0,0.0,,,,,,,,,,,,,,,,,,,
step7_fusion_diagnostic,,,,,,,,,,,,,,,,,,,,,,,,,,,,,,,,,,core_zero_shot_default,1,1,True,best_iteration_below_minimum,6,0.588235,0.448547,0.562465,shared_title_count_capped|max_category_share_percentile_gap_abs|reranker_score_gte_multilingual_reranker_base|repeated_description_share_percentile_gap_abs|same_market_raw_bool,,,,,,,,,
step7_fusion_diagnostic,,,,,,,,,,,,,,,,,,,,,,,,,,,,,,,,,,core_zero_shot_bge_m3,1,1,True,best_iteration_below_minimum,6,0.601681,0.448761,0.562465,shared_title_count_capped|max_category_share_percentile_gap_abs|embedding_cosine_bge_m3|profile_category_jaccard|reranker_score_bge_reranker_v2_m3,,,,,,,,,
step7_fusion_diagnostic,,,,,,,,,,,,,,,,,,,,,,,,,,,,,,,,,,core_zero_shot_multilingual_e5_large,1,1,True,best_iteration_below_minimum|insufficient_unique_valid_probabilities,5,0.55014,0.384493,0.538655,shared_description_count_capped|max_category_share_percentile_gap_abs|profile_category_jaccard|embedding_cosine_multilingual_e5_large|boilerplate_ratio_gap_abs,,,,,,,,,
step7_fusion_diagnostic,,,,,,,,,,,,,,,,,,,,,,,,,,,,,,,,,,core_zero_shot_default_no_structural,54,54,False,,116,0.623529,0.287652,0.572269,reranker_score_gte_multilingual_reranker_base|embedding_cosine_gte_multilingual_base|repeated_title_share_percentile_gap_abs|max_category_share_percentile_gap_abs|price_median_percentile_gap_abs,,,,,,,,,
step7_fusion_diagnostic,,,,,,,,,,,,,,,,,,,,,,,,,,,,,,,,,,identifier_augmented_default,1,1,True,best_iteration_below_minimum,6,0.606443,0.418989,0.619888,shared_description_count_capped|has_shared_contact_exact|repeated_title_share_percentile_gap_abs|item_count_percentile_gap_abs|max_category_share_percentile_gap_abs,,,,,,,,,
step11_manifest_scope,,,,,,,,,,,,,,,,,,,,,,,,,,,,,,,,,,,,,,,,,,,,,,,,,,,,
step11_cluster_audit_decision,,,,,,,,,,,,,,,,,,,,,,,,,,,,,,,,,,,,,,,,,,,,,,,,same_controller_high_confidence,0,19,explicit,125
step11_cluster_audit_decision,,,,,,,,,,,,,,,,,,,,,,,,,,,,,,,,,,,,,,,,,,,,,,,,same_controller_core_with_possible_expansion,0,19,explicit,125
step11_cluster_audit_decision,,,,,,,,,,,,,,,,,,,,,,,,,,,,,,,,,,,,,,,,,,,,,,,,partial_anchor,6,19,explicit,125
step11_cluster_audit_decision,,,,,,,,,,,,,,,,,,,,,,,,,,,,,,,,,,,,,,,,,,,,,,,,template_clone_not_controller,59,19,explicit,125
step11_cluster_audit_decision,,,,,,,,,,,,,,,,,,,,,,,,,,,,,,,,,,,,,,,,,,,,,,,,semantic_topic_not_controller,52,19,explicit,125
step11_cluster_audit_decision,,,,,,,,,,,,,,,,,,,,,,,,,,,,,,,,,,,,,,,,,,,,,,,,uncertain,8,19,explicit,125
