comparison_role,model_a,model_b,metric,observed_a,observed_b,observed_diff_a_minus_b,diff_bootstrap_mean,diff_ci_lower,diff_ci_upper,bootstrap_sign_p_two_sided,valid_resamples,supports_positive_difference
primary_clean_vs_raw_e5,step9_e5_lr_l2_50pct_seed_mean,raw_e5_cosine,roc_auc,0.819048,0.806723,0.012325,0.021193,-0.108240,0.147650,0.736800,5000,no
primary_clean_vs_raw_e5,step9_e5_lr_l2_50pct_seed_mean,raw_e5_cosine,average_precision,0.540494,0.520573,0.019920,0.032972,-0.251152,0.326280,0.805600,5000,no
primary_seed_vs_raw_e5,step9_e5_lr_l2_50pct_seed_20260320,raw_e5_cosine,roc_auc,0.819048,0.806723,0.012325,0.020745,-0.113239,0.150468,0.738000,5000,no
primary_seed_vs_raw_e5,step9_e5_lr_l2_50pct_seed_20260320,raw_e5_cosine,average_precision,0.540482,0.520573,0.019909,0.032388,-0.257950,0.325843,0.807200,5000,no
primary_seed_vs_raw_e5,step9_e5_lr_l2_50pct_seed_20260321,raw_e5_cosine,roc_auc,0.824650,0.806723,0.017927,0.026006,-0.094504,0.152225,0.672000,5000,no
primary_seed_vs_raw_e5,step9_e5_lr_l2_50pct_seed_20260321,raw_e5_cosine,average_precision,0.541473,0.520573,0.020899,0.034665,-0.241408,0.329404,0.799600,5000,no
primary_seed_vs_raw_e5,step9_e5_lr_l2_50pct_seed_20260322,raw_e5_cosine,roc_auc,0.811765,0.806723,0.005042,0.013285,-0.120291,0.137339,0.826000,5000,no
primary_seed_vs_raw_e5,step9_e5_lr_l2_50pct_seed_20260322,raw_e5_cosine,average_precision,0.534180,0.520573,0.013606,0.025851,-0.261584,0.321601,0.847600,5000,no
primary_clean_vs_raw_labse,step9_e5_lr_l2_50pct_seed_mean,raw_labse_cosine,roc_auc,0.819048,0.806162,0.012885,0.012548,-0.111482,0.113395,0.778400,5000,no
primary_clean_vs_raw_labse,step9_e5_lr_l2_50pct_seed_mean,raw_labse_cosine,average_precision,0.540494,0.518581,0.021913,0.028225,-0.147828,0.206520,0.740800,5000,no
primary_clean_vs_raw_bge,step9_e5_lr_l2_50pct_seed_mean,raw_bge_m3_cosine,roc_auc,0.819048,0.783754,0.035294,0.033549,-0.147088,0.215767,0.732800,5000,no
primary_clean_vs_raw_bge,step9_e5_lr_l2_50pct_seed_mean,raw_bge_m3_cosine,average_precision,0.540494,0.492048,0.048445,0.049422,-0.289520,0.309334,0.710000,5000,no
primary_clean_vs_step7_bge_fusion,step9_e5_lr_l2_50pct_seed_mean,step7_core_zero_shot_bge_m3,roc_auc,0.819048,0.601681,0.217367,0.205804,-0.005893,0.382821,0.053200,5000,no
primary_clean_vs_step7_bge_fusion,step9_e5_lr_l2_50pct_seed_mean,step7_core_zero_shot_bge_m3,average_precision,0.540494,0.448761,0.091733,0.174052,-0.094190,0.391933,0.168400,5000,no
primary_clean_vs_step7_default_fusion,step9_e5_lr_l2_50pct_seed_mean,step7_core_zero_shot_default,roc_auc,0.819048,0.588235,0.230812,0.216473,-0.011315,0.400449,0.060000,5000,no
primary_clean_vs_step7_default_fusion,step9_e5_lr_l2_50pct_seed_mean,step7_core_zero_shot_default,average_precision,0.540494,0.448547,0.091946,0.180803,-0.093644,0.406710,0.163600,5000,no
mixup_clean_vs_raw_e5,step9_e5_lr_l2_positive_pair_mixup_50pct_seed_mean,raw_e5_cosine,roc_auc,0.826891,0.806723,0.020168,0.026930,-0.070479,0.130891,0.583200,5000,no
mixup_clean_vs_raw_e5,step9_e5_lr_l2_positive_pair_mixup_50pct_seed_mean,raw_e5_cosine,average_precision,0.549271,0.520573,0.028698,0.040458,-0.210950,0.318187,0.740000,5000,no
mixup_clean_vs_non_mixup_e5_lr_l2,step9_e5_lr_l2_positive_pair_mixup_50pct_seed_mean,step9_e5_lr_l2_50pct_seed_mean,roc_auc,0.826891,0.819048,0.007843,0.005737,-0.025809,0.047619,0.858800,5000,no
mixup_clean_vs_non_mixup_e5_lr_l2,step9_e5_lr_l2_positive_pair_mixup_50pct_seed_mean,step9_e5_lr_l2_50pct_seed_mean,average_precision,0.549271,0.540494,0.008777,0.007486,-0.031724,0.050674,0.752000,5000,no
mixup_clean_vs_step7_default_fusion,step9_e5_lr_l2_positive_pair_mixup_50pct_seed_mean,step7_core_zero_shot_default,roc_auc,0.826891,0.588235,0.238655,0.222211,-0.024474,0.430877,0.077200,5000,no
mixup_clean_vs_step7_default_fusion,step9_e5_lr_l2_positive_pair_mixup_50pct_seed_mean,step7_core_zero_shot_default,average_precision,0.549271,0.448547,0.100724,0.188290,-0.102699,0.423797,0.172000,5000,no
mixup_100pct_clean_vs_raw_e5,step9_e5_lr_l2_positive_pair_mixup_100pct_seed_mean,raw_e5_cosine,roc_auc,0.842017,0.806723,0.035294,0.041078,-0.086161,0.158168,0.481200,5000,no
mixup_100pct_clean_vs_raw_e5,step9_e5_lr_l2_positive_pair_mixup_100pct_seed_mean,raw_e5_cosine,average_precision,0.588995,0.520573,0.068422,0.072411,-0.207105,0.331671,0.530800,5000,no
mixup_100pct_clean_vs_non_mixup_e5_lr_l2_50pct,step9_e5_lr_l2_positive_pair_mixup_100pct_seed_mean,step9_e5_lr_l2_50pct_seed_mean,roc_auc,0.842017,0.819048,0.022969,0.019886,-0.015896,0.057428,0.248800,5000,no
mixup_100pct_clean_vs_non_mixup_e5_lr_l2_50pct,step9_e5_lr_l2_positive_pair_mixup_100pct_seed_mean,step9_e5_lr_l2_50pct_seed_mean,average_precision,0.588995,0.540494,0.048501,0.039439,-0.025067,0.121423,0.277600,5000,no
mixup_100pct_clean_vs_mixup_50pct,step9_e5_lr_l2_positive_pair_mixup_100pct_seed_mean,step9_e5_lr_l2_positive_pair_mixup_50pct_seed_mean,roc_auc,0.842017,0.826891,0.015126,0.014148,-0.038462,0.064229,0.541200,5000,no
mixup_100pct_clean_vs_mixup_50pct,step9_e5_lr_l2_positive_pair_mixup_100pct_seed_mean,step9_e5_lr_l2_positive_pair_mixup_50pct_seed_mean,average_precision,0.588995,0.549271,0.039724,0.031953,-0.035265,0.106584,0.395200,5000,no
mixup_100pct_clean_vs_step7_default_fusion,step9_e5_lr_l2_positive_pair_mixup_100pct_seed_mean,step7_core_zero_shot_default,roc_auc,0.842017,0.588235,0.253782,0.236359,0.018175,0.410672,0.033200,5000,yes
mixup_100pct_clean_vs_step7_default_fusion,step9_e5_lr_l2_positive_pair_mixup_100pct_seed_mean,step7_core_zero_shot_default,average_precision,0.588995,0.448547,0.140448,0.220242,-0.080072,0.447818,0.133600,5000,no
bge_residual_vs_raw_bge,step9_bge_m3_residual_lr_100pct_seed_mean,raw_bge_m3_cosine,roc_auc,0.817367,0.783754,0.033613,0.032956,-0.140493,0.176280,0.649600,5000,no
bge_residual_vs_raw_bge,step9_bge_m3_residual_lr_100pct_seed_mean,raw_bge_m3_cosine,average_precision,0.515857,0.492048,0.023809,0.021741,-0.292830,0.248245,0.776800,5000,no
labse_lr_vs_raw_labse,step9_labse_lr_l2_100pct_seed_mean,raw_labse_cosine,roc_auc,0.799440,0.806162,-0.006723,-0.002076,-0.092913,0.073583,0.992000,5000,no
labse_lr_vs_raw_labse,step9_labse_lr_l2_100pct_seed_mean,raw_labse_cosine,average_precision,0.531286,0.518581,0.012705,0.027924,-0.117736,0.215855,0.756400,5000,no
operational_identifier_vs_raw_e5,step9_identifier_augmented_lr_l2_100pct_seed_mean,raw_e5_cosine,roc_auc,0.783754,0.806723,-0.022969,-0.013669,-0.252128,0.212790,0.928400,5000,no
operational_identifier_vs_raw_e5,step9_identifier_augmented_lr_l2_100pct_seed_mean,raw_e5_cosine,average_precision,0.647686,0.520573,0.127113,0.127983,-0.278566,0.523619,0.489600,5000,no
step15_phase2_clean_vs_raw_e5,step15_clean_multitask_phase2_seed_mean,raw_e5_cosine,roc_auc,0.868908,0.806723,0.062185,0.063555,-0.089427,0.193401,0.358400,5000,no
step15_phase2_clean_vs_raw_e5,step15_clean_multitask_phase2_seed_mean,raw_e5_cosine,average_precision,0.659789,0.520573,0.139216,0.127851,-0.245753,0.401518,0.397200,5000,no
step15_phase3_clean_vs_phase2_clean,step15_clean_multitask_phase3_seed_mean,step15_clean_multitask_phase2_seed_mean,roc_auc,0.877871,0.868908,0.008964,0.010289,-0.018232,0.048927,0.519200,5000,no
step15_phase3_clean_vs_phase2_clean,step15_clean_multitask_phase3_seed_mean,step15_clean_multitask_phase2_seed_mean,average_precision,0.678330,0.659789,0.018540,0.016759,-0.039555,0.080771,0.528400,5000,no
step15_phase4_clean_vs_phase3_clean,step15_clean_multitask_phase4_seed_mean,step15_clean_multitask_phase3_seed_mean,roc_auc,0.886275,0.877871,0.008403,0.009018,-0.010257,0.032354,0.386800,5000,no
step15_phase4_clean_vs_phase3_clean,step15_clean_multitask_phase4_seed_mean,step15_clean_multitask_phase3_seed_mean,average_precision,0.691266,0.678330,0.012936,0.014838,-0.046770,0.080259,0.570400,5000,no
step15_phase4_clean_vs_raw_e5,step15_clean_multitask_phase4_seed_mean,raw_e5_cosine,roc_auc,0.886275,0.806723,0.079552,0.082862,-0.063461,0.218751,0.229200,5000,no
step15_phase4_clean_vs_raw_e5,step15_clean_multitask_phase4_seed_mean,raw_e5_cosine,average_precision,0.691266,0.520573,0.170692,0.159448,-0.195630,0.432567,0.293200,5000,no
step15_phase4_clean_vs_step9_mixup100,step15_clean_multitask_phase4_seed_mean,step9_e5_lr_l2_positive_pair_mixup_100pct_seed_mean,roc_auc,0.886275,0.842017,0.044258,0.041784,-0.028287,0.111389,0.211200,5000,no
step15_phase4_clean_vs_step9_mixup100,step15_clean_multitask_phase4_seed_mean,step9_e5_lr_l2_positive_pair_mixup_100pct_seed_mean,average_precision,0.691266,0.588995,0.102270,0.087037,-0.136109,0.272064,0.347200,5000,no
step15_phase4_multitask_vs_identity_only,step15_clean_multitask_phase4_seed_mean,step15_identity_only_phase4_seed_mean,roc_auc,0.886275,0.889636,-0.003361,-0.003784,-0.048780,0.034093,0.883600,5000,no
step15_phase4_multitask_vs_identity_only,step15_clean_multitask_phase4_seed_mean,step15_identity_only_phase4_seed_mean,average_precision,0.691266,0.699299,-0.008033,-0.013389,-0.127751,0.063441,0.832800,5000,no
step15_identifier_operational_vs_clean_phase4,step15_identifier_operational_phase4_seed_mean,step15_clean_multitask_phase4_seed_mean,roc_auc,0.882913,0.886275,-0.003361,-0.000596,-0.043640,0.060466,0.892400,5000,no
step15_identifier_operational_vs_clean_phase4,step15_identifier_operational_phase4_seed_mean,step15_clean_multitask_phase4_seed_mean,average_precision,0.745849,0.691266,0.054583,0.061205,-0.072044,0.259575,0.477600,5000,no
step15_v2_primary_vs_raw_e5,step15_v2_identity_from_scratch_phase4_seed_mean,raw_e5_cosine,roc_auc,0.889636,0.806723,0.082913,0.086646,-0.076627,0.250000,0.269200,5000,no
step15_v2_primary_vs_raw_e5,step15_v2_identity_from_scratch_phase4_seed_mean,raw_e5_cosine,average_precision,0.699299,0.520573,0.178725,0.172837,-0.176207,0.466066,0.268800,5000,no
step15_v2_primary_vs_step9_mixup100,step15_v2_identity_from_scratch_phase4_seed_mean,step9_e5_lr_l2_positive_pair_mixup_100pct_seed_mean,roc_auc,0.889636,0.842017,0.047619,0.045568,-0.037055,0.125878,0.232800,5000,no
step15_v2_primary_vs_step9_mixup100,step15_v2_identity_from_scratch_phase4_seed_mean,step9_e5_lr_l2_positive_pair_mixup_100pct_seed_mean,average_precision,0.699299,0.588995,0.110304,0.100426,-0.086075,0.273455,0.252000,5000,no
step15_v2_primary_vs_legacy_identity_only,step15_v2_identity_from_scratch_phase4_seed_mean,step15_identity_only_phase4_seed_mean,roc_auc,0.889636,0.889636,0.000000,0.000000,0.000000,0.000000,1.000000,5000,no
step15_v2_primary_vs_legacy_identity_only,step15_v2_identity_from_scratch_phase4_seed_mean,step15_identity_only_phase4_seed_mean,average_precision,0.699299,0.699299,0.000000,0.000000,0.000000,0.000000,1.000000,5000,no
step15_v2_warm_start_vs_from_scratch,step15_v2_warm_start_phase4_seed_mean,step15_v2_identity_from_scratch_phase4_seed_mean,roc_auc,0.885714,0.889636,-0.003922,-0.004531,-0.032896,0.018392,0.758000,5000,no
step15_v2_warm_start_vs_from_scratch,step15_v2_warm_start_phase4_seed_mean,step15_v2_identity_from_scratch_phase4_seed_mean,average_precision,0.689943,0.699299,-0.009356,-0.012193,-0.092721,0.035124,0.724800,5000,no
step15_v2_domain_balanced_vs_from_scratch,step15_v2_domain_balanced_phase4_seed_mean,step15_v2_identity_from_scratch_phase4_seed_mean,roc_auc,0.901401,0.889636,0.011765,0.011053,-0.033585,0.053476,0.534400,5000,no
step15_v2_domain_balanced_vs_from_scratch,step15_v2_domain_balanced_phase4_seed_mean,step15_v2_identity_from_scratch_phase4_seed_mean,average_precision,0.714371,0.699299,0.015072,0.006662,-0.108300,0.074526,0.692800,5000,no
step15_v2_target_only_vs_from_scratch,step15_v2_target_only_phase4_seed_mean,step15_v2_identity_from_scratch_phase4_seed_mean,roc_auc,0.881232,0.889636,-0.008403,-0.009881,-0.088409,0.059832,0.775600,5000,no
step15_v2_target_only_vs_from_scratch,step15_v2_target_only_phase4_seed_mean,step15_v2_identity_from_scratch_phase4_seed_mean,average_precision,0.633434,0.699299,-0.065865,-0.062481,-0.198697,0.055511,0.308000,5000,no
step15_v2_source_only_vs_from_scratch,step15_v2_source_only_phase4_seed_mean,step15_v2_identity_from_scratch_phase4_seed_mean,roc_auc,0.788796,0.889636,-0.100840,-0.092976,-0.193498,0.022246,0.113200,5000,no
step15_v2_source_only_vs_from_scratch,step15_v2_source_only_phase4_seed_mean,step15_v2_identity_from_scratch_phase4_seed_mean,average_precision,0.501361,0.699299,-0.197938,-0.171977,-0.410073,0.118685,0.220400,5000,no
step15_v2_zh_positive_mixup_vs_from_scratch,step15_v2_zh_positive_mixup_phase4_seed_mean,step15_v2_identity_from_scratch_phase4_seed_mean,roc_auc,0.892997,0.889636,0.003361,0.003444,-0.029412,0.032318,0.768000,5000,no
step15_v2_zh_positive_mixup_vs_from_scratch,step15_v2_zh_positive_mixup_phase4_seed_mean,step15_v2_identity_from_scratch_phase4_seed_mean,average_precision,0.693178,0.699299,-0.006121,-0.013373,-0.148713,0.058606,0.939200,5000,no
step15_v2_same_evidence_mixup_vs_from_scratch,step15_v2_same_evidence_mixup_phase4_seed_mean,step15_v2_identity_from_scratch_phase4_seed_mean,roc_auc,0.887395,0.889636,-0.002241,-0.001362,-0.025892,0.022147,0.934000,5000,no
step15_v2_same_evidence_mixup_vs_from_scratch,step15_v2_same_evidence_mixup_phase4_seed_mean,step15_v2_identity_from_scratch_phase4_seed_mean,average_precision,0.698338,0.699299,-0.000961,-0.004232,-0.101914,0.047268,0.898400,5000,no
step15_v2_multitask_vs_identity_only,step15_v2_multitask_ablation_phase4_seed_mean,step15_v2_identity_from_scratch_phase4_seed_mean,roc_auc,0.886275,0.889636,-0.003361,-0.003784,-0.048780,0.034093,0.883600,5000,no
step15_v2_multitask_vs_identity_only,step15_v2_multitask_ablation_phase4_seed_mean,step15_v2_identity_from_scratch_phase4_seed_mean,average_precision,0.691266,0.699299,-0.008033,-0.013389,-0.127751,0.063441,0.832800,5000,no
step15_v2_identifier_operational_vs_clean_primary,step15_v2_identifier_operational_phase4_seed_mean,step15_v2_identity_from_scratch_phase4_seed_mean,roc_auc,0.882913,0.889636,-0.006723,-0.004381,-0.063915,0.060250,0.844000,5000,no
step15_v2_identifier_operational_vs_clean_primary,step15_v2_identifier_operational_phase4_seed_mean,step15_v2_identity_from_scratch_phase4_seed_mean,average_precision,0.745849,0.699299,0.046550,0.047816,-0.083281,0.221741,0.532400,5000,no
step15_v3_public_noise_weighted_vs_v2_primary,step15_v3_public_noise_weighted_phase4_seed_mean,step15_v2_identity_from_scratch_phase4_seed_mean,roc_auc,0.893557,0.889636,0.003922,0.005088,-0.020528,0.034959,0.715200,5000,no
step15_v3_public_noise_weighted_vs_v2_primary,step15_v3_public_noise_weighted_phase4_seed_mean,step15_v2_identity_from_scratch_phase4_seed_mean,average_precision,0.676713,0.699299,-0.022586,-0.026889,-0.185934,0.046478,0.781200,5000,no
step15_v3_public_noise_weighted_vs_raw_e5,step15_v3_public_noise_weighted_phase4_seed_mean,raw_e5_cosine,roc_auc,0.893557,0.806723,0.086835,0.091734,-0.055790,0.244773,0.208800,5000,no
step15_v3_public_noise_weighted_vs_raw_e5,step15_v3_public_noise_weighted_phase4_seed_mean,raw_e5_cosine,average_precision,0.676713,0.520573,0.156139,0.145948,-0.205495,0.429268,0.332800,5000,no
step15_v3_public_noise_weighted_vs_step9_mixup100,step15_v3_public_noise_weighted_phase4_seed_mean,step9_e5_lr_l2_positive_pair_mixup_100pct_seed_mean,roc_auc,0.893557,0.842017,0.051541,0.050656,-0.032052,0.128700,0.182000,5000,no
step15_v3_public_noise_weighted_vs_step9_mixup100,step15_v3_public_noise_weighted_phase4_seed_mean,step9_e5_lr_l2_positive_pair_mixup_100pct_seed_mean,average_precision,0.676713,0.588995,0.087717,0.073537,-0.187029,0.272041,0.456800,5000,no
step15_v3_domain_balanced_public_noise_weighted_vs_v2_domain_balanced,step15_v3_domain_balanced_public_noise_weighted_phase4_seed_mean,step15_v2_domain_balanced_phase4_seed_mean,roc_auc,0.904202,0.901401,0.002801,0.006495,-0.022609,0.053923,0.839600,5000,no
step15_v3_domain_balanced_public_noise_weighted_vs_v2_domain_balanced,step15_v3_domain_balanced_public_noise_weighted_phase4_seed_mean,step15_v2_domain_balanced_phase4_seed_mean,average_precision,0.715721,0.714371,0.001350,0.011226,-0.066686,0.130707,0.932400,5000,no
step15_v3_domain_balanced_public_noise_weighted_vs_v2_primary,step15_v3_domain_balanced_public_noise_weighted_phase4_seed_mean,step15_v2_identity_from_scratch_phase4_seed_mean,roc_auc,0.904202,0.889636,0.014566,0.017548,-0.007862,0.058825,0.260000,5000,no
step15_v3_domain_balanced_public_noise_weighted_vs_v2_primary,step15_v3_domain_balanced_public_noise_weighted_phase4_seed_mean,step15_v2_identity_from_scratch_phase4_seed_mean,average_precision,0.715721,0.699299,0.016422,0.017888,-0.027978,0.074610,0.459600,5000,no
step15_v3_identifier_public_noise_weighted_vs_v2_identifier,step15_v3_identifier_public_noise_weighted_phase4_seed_mean,step15_v2_identifier_operational_phase4_seed_mean,roc_auc,0.886835,0.882913,0.003922,0.006336,-0.021073,0.054327,0.895600,5000,no
step15_v3_identifier_public_noise_weighted_vs_v2_identifier,step15_v3_identifier_public_noise_weighted_phase4_seed_mean,step15_v2_identifier_operational_phase4_seed_mean,average_precision,0.735422,0.745849,-0.010427,-0.009751,-0.077953,0.060405,0.674800,5000,no
step15_v4_public_noise_robust_vs_v2_primary,step15_v4_public_noise_robust_phase4_seed_mean,step15_v2_identity_from_scratch_phase4_seed_mean,roc_auc,0.890756,0.889636,0.001120,0.001160,-0.033614,0.039310,0.984000,5000,no
step15_v4_public_noise_robust_vs_v2_primary,step15_v4_public_noise_robust_phase4_seed_mean,step15_v2_identity_from_scratch_phase4_seed_mean,average_precision,0.710150,0.699299,0.010851,0.008740,-0.040483,0.060043,0.682400,5000,no
step15_v4_public_noise_robust_vs_v3_weighted,step15_v4_public_noise_robust_phase4_seed_mean,step15_v3_public_noise_weighted_phase4_seed_mean,roc_auc,0.890756,0.893557,-0.002801,-0.003928,-0.040816,0.029737,0.802800,5000,no
step15_v4_public_noise_robust_vs_v3_weighted,step15_v4_public_noise_robust_phase4_seed_mean,step15_v3_public_noise_weighted_phase4_seed_mean,average_precision,0.710150,0.676713,0.033437,0.035629,-0.046510,0.194158,0.615600,5000,no
step15_v4_public_noise_robust_vs_raw_e5,step15_v4_public_noise_robust_phase4_seed_mean,raw_e5_cosine,roc_auc,0.890756,0.806723,0.084034,0.087806,-0.050378,0.229181,0.201600,5000,no
step15_v4_public_noise_robust_vs_raw_e5,step15_v4_public_noise_robust_phase4_seed_mean,raw_e5_cosine,average_precision,0.710150,0.520573,0.189577,0.181577,-0.146405,0.455505,0.209200,5000,no
step15_v4_public_noise_robust_vs_step9_mixup100,step15_v4_public_noise_robust_phase4_seed_mean,step9_e5_lr_l2_positive_pair_mixup_100pct_seed_mean,roc_auc,0.890756,0.842017,0.048739,0.046727,-0.024497,0.118616,0.176400,5000,no
step15_v4_public_noise_robust_vs_step9_mixup100,step15_v4_public_noise_robust_phase4_seed_mean,step9_e5_lr_l2_positive_pair_mixup_100pct_seed_mean,average_precision,0.710150,0.588995,0.121155,0.109166,-0.066683,0.268348,0.193200,5000,no
step15_v4_domain_balanced_public_noise_robust_vs_v2_domain_balanced,step15_v4_domain_balanced_public_noise_robust_phase4_seed_mean,step15_v2_domain_balanced_phase4_seed_mean,roc_auc,0.845938,0.901401,-0.055462,-0.047658,-0.155466,0.054012,0.420800,5000,no
step15_v4_domain_balanced_public_noise_robust_vs_v2_domain_balanced,step15_v4_domain_balanced_public_noise_robust_phase4_seed_mean,step15_v2_domain_balanced_phase4_seed_mean,average_precision,0.582864,0.714371,-0.131507,-0.104859,-0.398774,0.233141,0.498800,5000,no
step15_v4_domain_balanced_public_noise_robust_vs_v3_domain_weighted,step15_v4_domain_balanced_public_noise_robust_phase4_seed_mean,step15_v3_domain_balanced_public_noise_weighted_phase4_seed_mean,roc_auc,0.845938,0.904202,-0.058263,-0.054153,-0.152625,0.035828,0.281600,5000,no
step15_v4_domain_balanced_public_noise_robust_vs_v3_domain_weighted,step15_v4_domain_balanced_public_noise_robust_phase4_seed_mean,step15_v3_domain_balanced_public_noise_weighted_phase4_seed_mean,average_precision,0.582864,0.715721,-0.132857,-0.116085,-0.365954,0.154725,0.376000,5000,no
step15_v4_identifier_public_noise_robust_vs_v2_identifier,step15_v4_identifier_public_noise_robust_phase4_seed_mean,step15_v2_identifier_operational_phase4_seed_mean,roc_auc,0.884594,0.882913,0.001681,0.004294,-0.030445,0.056252,0.966000,5000,no
step15_v4_identifier_public_noise_robust_vs_v2_identifier,step15_v4_identifier_public_noise_robust_phase4_seed_mean,step15_v2_identifier_operational_phase4_seed_mean,average_precision,0.726104,0.745849,-0.019745,-0.017673,-0.090098,0.055338,0.598400,5000,no
step15_v5_public_noise_weighted_strong_vs_raw_e5,step15_v5_public_noise_weighted_strong_phase4_seed_mean,raw_e5_cosine,roc_auc,0.904202,0.806723,0.097479,0.104193,-0.032856,0.266672,0.136400,5000,no
step15_v5_public_noise_weighted_strong_vs_raw_e5,step15_v5_public_noise_weighted_strong_phase4_seed_mean,raw_e5_cosine,average_precision,0.701809,0.520573,0.181235,0.171892,-0.150882,0.437015,0.225600,5000,no
step15_v5_public_noise_weighted_strong_vs_step9_mixup100,step15_v5_public_noise_weighted_strong_phase4_seed_mean,step9_e5_lr_l2_positive_pair_mixup_100pct_seed_mean,roc_auc,0.904202,0.842017,0.062185,0.063115,-0.004410,0.143413,0.069200,5000,no
step15_v5_public_noise_weighted_strong_vs_step9_mixup100,step15_v5_public_noise_weighted_strong_phase4_seed_mean,step9_e5_lr_l2_positive_pair_mixup_100pct_seed_mean,average_precision,0.701809,0.588995,0.112814,0.099481,-0.089036,0.260164,0.221600,5000,no
step15_v5_public_noise_weighted_strong_vs_v2_primary,step15_v5_public_noise_weighted_strong_phase4_seed_mean,step15_v2_identity_from_scratch_phase4_seed_mean,roc_auc,0.904202,0.889636,0.014566,0.017547,-0.013718,0.070102,0.462800,5000,no
step15_v5_public_noise_weighted_strong_vs_v2_primary,step15_v5_public_noise_weighted_strong_phase4_seed_mean,step15_v2_identity_from_scratch_phase4_seed_mean,average_precision,0.701809,0.699299,0.002510,-0.000945,-0.095644,0.089623,0.956800,5000,no
step15_v5_public_noise_weighted_strong_vs_v3_weighted,step15_v5_public_noise_weighted_strong_phase4_seed_mean,step15_v3_public_noise_weighted_phase4_seed_mean,roc_auc,0.904202,0.893557,0.010644,0.012459,-0.012579,0.054733,0.545600,5000,no
step15_v5_public_noise_weighted_strong_vs_v3_weighted,step15_v5_public_noise_weighted_strong_phase4_seed_mean,step15_v3_public_noise_weighted_phase4_seed_mean,average_precision,0.701809,0.676713,0.025096,0.025944,-0.072215,0.192979,0.795600,5000,no
step15_v5_public_noise_weighted_strong_vs_v4_negative_mixup,step15_v5_public_noise_weighted_strong_phase4_seed_mean,step15_v4_public_noise_robust_phase4_seed_mean,roc_auc,0.904202,0.890756,0.013445,0.016387,-0.012903,0.066667,0.432400,5000,no
step15_v5_public_noise_weighted_strong_vs_v4_negative_mixup,step15_v5_public_noise_weighted_strong_phase4_seed_mean,step15_v4_public_noise_robust_phase4_seed_mean,average_precision,0.701809,0.710150,-0.008341,-0.009685,-0.089705,0.068284,0.729600,5000,no
step15_v5_domain_balanced_public_noise_weighted_strong_vs_raw_e5,step15_v5_domain_balanced_public_noise_weighted_strong_phase4_seed_mean,raw_e5_cosine,roc_auc,0.913725,0.806723,0.107003,0.113597,-0.019282,0.269503,0.094400,5000,no
step15_v5_domain_balanced_public_noise_weighted_strong_vs_raw_e5,step15_v5_domain_balanced_public_noise_weighted_strong_phase4_seed_mean,raw_e5_cosine,average_precision,0.738951,0.520573,0.218378,0.212962,-0.105231,0.485687,0.151600,5000,no
step15_v5_domain_balanced_public_noise_weighted_strong_vs_step9_mixup100,step15_v5_domain_balanced_public_noise_weighted_strong_phase4_seed_mean,step9_e5_lr_l2_positive_pair_mixup_100pct_seed_mean,roc_auc,0.913725,0.842017,0.071709,0.072518,0.006751,0.152423,0.031200,5000,yes
step15_v5_domain_balanced_public_noise_weighted_strong_vs_step9_mixup100,step15_v5_domain_balanced_public_noise_weighted_strong_phase4_seed_mean,step9_e5_lr_l2_positive_pair_mixup_100pct_seed_mean,average_precision,0.738951,0.588995,0.149956,0.140551,-0.032434,0.304387,0.097200,5000,no
step15_v5_domain_balanced_public_noise_weighted_strong_vs_v2_domain_balanced,step15_v5_domain_balanced_public_noise_weighted_strong_phase4_seed_mean,step15_v2_domain_balanced_phase4_seed_mean,roc_auc,0.913725,0.901401,0.012325,0.015897,-0.012943,0.062131,0.400000,5000,no
step15_v5_domain_balanced_public_noise_weighted_strong_vs_v2_domain_balanced,step15_v5_domain_balanced_public_noise_weighted_strong_phase4_seed_mean,step15_v2_domain_balanced_phase4_seed_mean,average_precision,0.738951,0.714371,0.024580,0.033463,-0.057586,0.168206,0.569200,5000,no
step15_v5_domain_balanced_public_noise_weighted_strong_vs_v3_domain_weighted,step15_v5_domain_balanced_public_noise_weighted_strong_phase4_seed_mean,step15_v3_domain_balanced_public_noise_weighted_phase4_seed_mean,roc_auc,0.913725,0.904202,0.009524,0.009402,-0.003397,0.025356,0.176000,5000,no
step15_v5_domain_balanced_public_noise_weighted_strong_vs_v3_domain_weighted,step15_v5_domain_balanced_public_noise_weighted_strong_phase4_seed_mean,step15_v3_domain_balanced_public_noise_weighted_phase4_seed_mean,average_precision,0.738951,0.715721,0.023230,0.022237,-0.030905,0.076776,0.294400,5000,no
