model_id,slice_name,row_count,positive_count,negative_count,roc_auc,average_precision,score_mean,positive_score_mean,negative_score_mean,negative_score_p90,negative_score_max,positive_score_min,positive_score_p10
raw_e5_cosine,all,200,50,150,0.748,0.542839,0.919927,0.936594,0.914371,0.938996,0.968727,0.890773,0.909795
step9_e5_lr_l2_positive_pair_mixup_100pct_seed_mean,all,200,50,150,0.756667,0.557633,0.351118,0.502475,0.300665,0.559913,0.802422,0.10081466666666668,0.22176
step15_v5_public_noise_weighted_strong_phase4_seed_mean,all,200,50,150,0.866533,0.72522,0.306487,0.523534,0.234138,0.42784,0.8154026666666666,0.1678683333333333,0.177015
step15_v5_domain_balanced_public_noise_weighted_strong_phase4_seed_mean,all,200,50,150,0.865333,0.644989,0.445272,0.495537,0.428517,0.503659,0.5835786666666666,0.419756,0.438934
step15_v5r_public_noise_weighted_strong_weighted_mixup_phase4_seed_mean,all,200,50,150,0.872667,0.683587,0.36304,0.487697,0.321488,0.439508,0.7030560000000001,0.29025366666666663,0.30451
step15_v5r_domain_balanced_public_noise_weighted_strong_weighted_mixup_phase4_seed_mean,all,200,50,150,0.884,0.743946,0.28336,0.466614,0.222275,0.359825,0.6826263333333333,0.17333400000000002,0.202004
raw_e5_cosine,evidence_type::ordinary_negative,112,0,112,,,0.915565,,0.915565,0.941645,0.968727,,
step9_e5_lr_l2_positive_pair_mixup_100pct_seed_mean,evidence_type::ordinary_negative,112,0,112,,,0.296669,,0.296669,0.529623,0.802422,,
step15_v5_public_noise_weighted_strong_phase4_seed_mean,evidence_type::ordinary_negative,112,0,112,,,0.206174,,0.206174,0.276036,0.6890436666666666,,
step15_v5_domain_balanced_public_noise_weighted_strong_phase4_seed_mean,evidence_type::ordinary_negative,112,0,112,,,0.417587,,0.417587,0.451128,0.517203,,
step15_v5r_public_noise_weighted_strong_weighted_mixup_phase4_seed_mean,evidence_type::ordinary_negative,112,0,112,,,0.304321,,0.304321,0.358829,0.6362556666666667,,
step15_v5r_domain_balanced_public_noise_weighted_strong_weighted_mixup_phase4_seed_mean,evidence_type::ordinary_negative,112,0,112,,,0.209142,,0.209142,0.299729,0.6826263333333333,,
raw_e5_cosine,evidence_type::public_contact_or_url_noise,6,0,6,,,0.925665,,0.925665,0.938315,0.940433,,
step9_e5_lr_l2_positive_pair_mixup_100pct_seed_mean,evidence_type::public_contact_or_url_noise,6,0,6,,,0.561264,,0.561264,0.624169,0.6618106666666667,,
step15_v5_public_noise_weighted_strong_phase4_seed_mean,evidence_type::public_contact_or_url_noise,6,0,6,,,0.578329,,0.578329,0.743118,0.8154026666666666,,
step15_v5_domain_balanced_public_noise_weighted_strong_phase4_seed_mean,evidence_type::public_contact_or_url_noise,6,0,6,,,0.549258,,0.549258,0.574803,0.5835786666666666,,
step15_v5r_public_noise_weighted_strong_weighted_mixup_phase4_seed_mean,evidence_type::public_contact_or_url_noise,6,0,6,,,0.540301,,0.540301,0.691725,0.7030560000000001,,
step15_v5r_domain_balanced_public_noise_weighted_strong_weighted_mixup_phase4_seed_mean,evidence_type::public_contact_or_url_noise,6,0,6,,,0.402615,,0.402615,0.552859,0.5721146666666667,,
raw_e5_cosine,evidence_type::same_controller_component_anchor,1,1,0,,,0.951026,0.951026,,,,0.951026,0.951026
step9_e5_lr_l2_positive_pair_mixup_100pct_seed_mean,evidence_type::same_controller_component_anchor,1,1,0,,,0.465161,0.465161,,,,0.4651613333333333,0.465161
step15_v5_public_noise_weighted_strong_phase4_seed_mean,evidence_type::same_controller_component_anchor,1,1,0,,,0.178686,0.178686,,,,0.1786863333333333,0.178686
step15_v5_domain_balanced_public_noise_weighted_strong_phase4_seed_mean,evidence_type::same_controller_component_anchor,1,1,0,,,0.458762,0.458762,,,,0.4587623333333333,0.458762
step15_v5r_public_noise_weighted_strong_weighted_mixup_phase4_seed_mean,evidence_type::same_controller_component_anchor,1,1,0,,,0.304756,0.304756,,,,0.30475566666666665,0.304756
step15_v5r_domain_balanced_public_noise_weighted_strong_weighted_mixup_phase4_seed_mean,evidence_type::same_controller_component_anchor,1,1,0,,,0.179642,0.179642,,,,0.179642,0.179642
raw_e5_cosine,evidence_type::same_controller_direct_identifier,21,21,0,,,0.929733,0.929733,,,,0.891923,0.906907
step9_e5_lr_l2_positive_pair_mixup_100pct_seed_mean,evidence_type::same_controller_direct_identifier,21,21,0,,,0.474376,0.474376,,,,0.10081466666666668,0.151246
step15_v5_public_noise_weighted_strong_phase4_seed_mean,evidence_type::same_controller_direct_identifier,21,21,0,,,0.630938,0.630938,,,,0.1716903333333333,0.256872
step15_v5_domain_balanced_public_noise_weighted_strong_phase4_seed_mean,evidence_type::same_controller_direct_identifier,21,21,0,,,0.509541,0.509541,,,,0.4260996666666667,0.44239
step15_v5r_public_noise_weighted_strong_weighted_mixup_phase4_seed_mean,evidence_type::same_controller_direct_identifier,21,21,0,,,0.544696,0.544696,,,,0.295549,0.345394
step15_v5r_domain_balanced_public_noise_weighted_strong_weighted_mixup_phase4_seed_mean,evidence_type::same_controller_direct_identifier,21,21,0,,,0.544682,0.544682,,,,0.20258099999999998,0.263449
raw_e5_cosine,evidence_type::same_controller_style_structural_soft,28,28,0,,,0.941225,0.941225,,,,0.890773,0.914257
step9_e5_lr_l2_positive_pair_mixup_100pct_seed_mean,evidence_type::same_controller_style_structural_soft,28,28,0,,,0.524881,0.524881,,,,0.17069299999999998,0.263492
step15_v5_public_noise_weighted_strong_phase4_seed_mean,evidence_type::same_controller_style_structural_soft,28,28,0,,,0.455298,0.455298,,,,0.1678683333333333,0.175029
step15_v5_domain_balanced_public_noise_weighted_strong_phase4_seed_mean,evidence_type::same_controller_style_structural_soft,28,28,0,,,0.486347,0.486347,,,,0.419756,0.437633
step15_v5r_public_noise_weighted_strong_weighted_mixup_phase4_seed_mean,evidence_type::same_controller_style_structural_soft,28,28,0,,,0.451481,0.451481,,,,0.29025366666666663,0.301498
step15_v5r_domain_balanced_public_noise_weighted_strong_weighted_mixup_phase4_seed_mean,evidence_type::same_controller_style_structural_soft,28,28,0,,,0.418312,0.418312,,,,0.17333400000000002,0.196245
raw_e5_cosine,evidence_type::semantic_topic_not_controller,22,0,22,,,0.909924,,0.909924,0.929204,0.959429,,
step9_e5_lr_l2_positive_pair_mixup_100pct_seed_mean,evidence_type::semantic_topic_not_controller,22,0,22,,,0.21468,,0.21468,0.541841,0.6242343333333333,,
step15_v5_public_noise_weighted_strong_phase4_seed_mean,evidence_type::semantic_topic_not_controller,22,0,22,,,0.22509,,0.22509,0.365609,0.44424299999999994,,
step15_v5_domain_balanced_public_noise_weighted_strong_phase4_seed_mean,evidence_type::semantic_topic_not_controller,22,0,22,,,0.413619,,0.413619,0.428818,0.46392000000000005,,
step15_v5r_public_noise_weighted_strong_weighted_mixup_phase4_seed_mean,evidence_type::semantic_topic_not_controller,22,0,22,,,0.307253,,0.307253,0.353875,0.44830400000000004,,
step15_v5r_domain_balanced_public_noise_weighted_strong_weighted_mixup_phase4_seed_mean,evidence_type::semantic_topic_not_controller,22,0,22,,,0.214105,,0.214105,0.322346,0.3907416666666667,,
raw_e5_cosine,evidence_type::template_clone_not_controller,10,0,10,,,0.904005,,0.904005,0.921576,0.922037,,
step9_e5_lr_l2_positive_pair_mixup_100pct_seed_mean,evidence_type::template_clone_not_controller,10,0,10,,,0.378231,,0.378231,0.505078,0.5977536666666666,,
step15_v5_public_noise_weighted_strong_phase4_seed_mean,evidence_type::template_clone_not_controller,10,0,10,,,0.360726,,0.360726,0.659662,0.7975233333333334,,
step15_v5_domain_balanced_public_noise_weighted_strong_phase4_seed_mean,evidence_type::template_clone_not_controller,10,0,10,,,0.511264,,0.511264,0.571028,0.5755623333333333,,
step15_v5r_public_noise_weighted_strong_weighted_mixup_phase4_seed_mean,evidence_type::template_clone_not_controller,10,0,10,,,0.413788,,0.413788,0.506685,0.6772766666666666,,
step15_v5r_domain_balanced_public_noise_weighted_strong_weighted_mixup_phase4_seed_mean,evidence_type::template_clone_not_controller,10,0,10,,,0.279131,,0.279131,0.456838,0.627868,,
raw_e5_cosine,hard_negative_any,38,0,38,,,0.910852,,0.910852,0.931563,0.959429,,
step9_e5_lr_l2_positive_pair_mixup_100pct_seed_mean,hard_negative_any,38,0,38,,,0.312443,,0.312443,0.577281,0.6618106666666667,,
step15_v5_public_noise_weighted_strong_phase4_seed_mean,hard_negative_any,38,0,38,,,0.316558,,0.316558,0.660195,0.8154026666666666,,
step15_v5_domain_balanced_public_noise_weighted_strong_phase4_seed_mean,hard_negative_any,38,0,38,,,0.460732,,0.460732,0.557825,0.5835786666666666,,
step15_v5r_public_noise_weighted_strong_weighted_mixup_phase4_seed_mean,hard_negative_any,38,0,38,,,0.372085,,0.372085,0.523412,0.7030560000000001,,
step15_v5r_domain_balanced_public_noise_weighted_strong_weighted_mixup_phase4_seed_mean,hard_negative_any,38,0,38,,,0.260982,,0.260982,0.449166,0.627868,,
raw_e5_cosine,identifier_absent,179,29,150,0.810805,0.514589,0.918776,0.941563,0.914371,0.938996,0.968727,0.890773,0.914571
step9_e5_lr_l2_positive_pair_mixup_100pct_seed_mean,identifier_absent,179,29,150,0.77931,0.48577,0.336657,0.522822,0.300665,0.559913,0.802422,0.17069299999999998,0.264736
step15_v5_public_noise_weighted_strong_phase4_seed_mean,identifier_absent,179,29,150,0.824598,0.512529,0.268423,0.44576,0.234138,0.42784,0.8154026666666666,0.1678683333333333,0.175164
step15_v5_domain_balanced_public_noise_weighted_strong_phase4_seed_mean,identifier_absent,179,29,150,0.849655,0.479887,0.437732,0.485396,0.428517,0.503659,0.5835786666666666,0.419756,0.438284
step15_v5r_public_noise_weighted_strong_weighted_mixup_phase4_seed_mean,identifier_absent,179,29,150,0.842989,0.482518,0.341729,0.446422,0.321488,0.439508,0.7030560000000001,0.29025366666666663,0.301764
step15_v5r_domain_balanced_public_noise_weighted_strong_weighted_mixup_phase4_seed_mean,identifier_absent,179,29,150,0.850805,0.554215,0.252702,0.410082,0.222275,0.359825,0.6826263333333333,0.17333400000000002,0.193957
raw_e5_cosine,identifier_present,21,21,0,,,0.929733,0.929733,,,,0.891923,0.906907
step9_e5_lr_l2_positive_pair_mixup_100pct_seed_mean,identifier_present,21,21,0,,,0.474376,0.474376,,,,0.10081466666666668,0.151246
step15_v5_public_noise_weighted_strong_phase4_seed_mean,identifier_present,21,21,0,,,0.630938,0.630938,,,,0.1716903333333333,0.256872
step15_v5_domain_balanced_public_noise_weighted_strong_phase4_seed_mean,identifier_present,21,21,0,,,0.509541,0.509541,,,,0.4260996666666667,0.44239
step15_v5r_public_noise_weighted_strong_weighted_mixup_phase4_seed_mean,identifier_present,21,21,0,,,0.544696,0.544696,,,,0.295549,0.345394
step15_v5r_domain_balanced_public_noise_weighted_strong_weighted_mixup_phase4_seed_mean,identifier_present,21,21,0,,,0.544682,0.544682,,,,0.20258099999999998,0.263449
raw_e5_cosine,negative_template_or_topic,32,0,32,,,0.908074,,0.908074,0.925744,0.959429,,
step9_e5_lr_l2_positive_pair_mixup_100pct_seed_mean,negative_template_or_topic,32,0,32,,,0.26579,,0.26579,0.553096,0.6242343333333333,,
step15_v5_public_noise_weighted_strong_phase4_seed_mean,negative_template_or_topic,32,0,32,,,0.267476,,0.267476,0.44242,0.7975233333333334,,
step15_v5_domain_balanced_public_noise_weighted_strong_phase4_seed_mean,negative_template_or_topic,32,0,32,,,0.444133,,0.444133,0.534179,0.5755623333333333,,
step15_v5r_public_noise_weighted_strong_weighted_mixup_phase4_seed_mean,negative_template_or_topic,32,0,32,,,0.340545,,0.340545,0.448111,0.6772766666666666,,
step15_v5r_domain_balanced_public_noise_weighted_strong_weighted_mixup_phase4_seed_mean,negative_template_or_topic,32,0,32,,,0.234426,,0.234426,0.355125,0.627868,,
raw_e5_cosine,positive_direct_or_component_anchor,22,22,0,,,0.930701,0.930701,,,,0.891923,0.907228
step9_e5_lr_l2_positive_pair_mixup_100pct_seed_mean,positive_direct_or_component_anchor,22,22,0,,,0.473957,0.473957,,,,0.10081466666666668,0.158591
step15_v5_public_noise_weighted_strong_phase4_seed_mean,positive_direct_or_component_anchor,22,22,0,,,0.610381,0.610381,,,,0.1716903333333333,0.194714
step15_v5_domain_balanced_public_noise_weighted_strong_phase4_seed_mean,positive_direct_or_component_anchor,22,22,0,,,0.507233,0.507233,,,,0.4260996666666667,0.442591
step15_v5r_public_noise_weighted_strong_weighted_mixup_phase4_seed_mean,positive_direct_or_component_anchor,22,22,0,,,0.53379,0.53379,,,,0.295549,0.31472
step15_v5r_domain_balanced_public_noise_weighted_strong_weighted_mixup_phase4_seed_mean,positive_direct_or_component_anchor,22,22,0,,,0.528089,0.528089,,,,0.179642,0.217815
raw_e5_cosine,positive_style_structural_soft,28,28,0,,,0.941225,0.941225,,,,0.890773,0.914257
step9_e5_lr_l2_positive_pair_mixup_100pct_seed_mean,positive_style_structural_soft,28,28,0,,,0.524881,0.524881,,,,0.17069299999999998,0.263492
step15_v5_public_noise_weighted_strong_phase4_seed_mean,positive_style_structural_soft,28,28,0,,,0.455298,0.455298,,,,0.1678683333333333,0.175029
step15_v5_domain_balanced_public_noise_weighted_strong_phase4_seed_mean,positive_style_structural_soft,28,28,0,,,0.486347,0.486347,,,,0.419756,0.437633
step15_v5r_public_noise_weighted_strong_weighted_mixup_phase4_seed_mean,positive_style_structural_soft,28,28,0,,,0.451481,0.451481,,,,0.29025366666666663,0.301498
step15_v5r_domain_balanced_public_noise_weighted_strong_weighted_mixup_phase4_seed_mean,positive_style_structural_soft,28,28,0,,,0.418312,0.418312,,,,0.17333400000000002,0.196245
raw_e5_cosine,review_stratum::identifier_plus_text,9,9,0,,,0.936212,0.936212,,,,0.891923,0.911712
step9_e5_lr_l2_positive_pair_mixup_100pct_seed_mean,review_stratum::identifier_plus_text,9,9,0,,,0.613647,0.613647,,,,0.38861666666666667,0.393546
step15_v5_public_noise_weighted_strong_phase4_seed_mean,review_stratum::identifier_plus_text,9,9,0,,,0.671839,0.671839,,,,0.27491066666666664,0.357798
step15_v5_domain_balanced_public_noise_weighted_strong_phase4_seed_mean,review_stratum::identifier_plus_text,9,9,0,,,0.576294,0.576294,,,,0.49474066666666666,0.513857
step15_v5r_public_noise_weighted_strong_weighted_mixup_phase4_seed_mean,review_stratum::identifier_plus_text,9,9,0,,,0.6283,0.6283,,,,0.34539366666666665,0.366556
step15_v5r_domain_balanced_public_noise_weighted_strong_weighted_mixup_phase4_seed_mean,review_stratum::identifier_plus_text,9,9,0,,,0.602069,0.602069,,,,0.263449,0.28752
raw_e5_cosine,review_stratum::identifier_primary,12,12,0,,,0.924873,0.924873,,,,0.901569,0.907228
step9_e5_lr_l2_positive_pair_mixup_100pct_seed_mean,review_stratum::identifier_primary,12,12,0,,,0.369922,0.369922,,,,0.10081466666666668,0.147455
step15_v5_public_noise_weighted_strong_phase4_seed_mean,review_stratum::identifier_primary,12,12,0,,,0.600262,0.600262,,,,0.1716903333333333,0.194714
step15_v5_domain_balanced_public_noise_weighted_strong_phase4_seed_mean,review_stratum::identifier_primary,12,12,0,,,0.459476,0.459476,,,,0.4260996666666667,0.43312
step15_v5r_public_noise_weighted_strong_weighted_mixup_phase4_seed_mean,review_stratum::identifier_primary,12,12,0,,,0.481994,0.481994,,,,0.295549,0.315772
step15_v5r_domain_balanced_public_noise_weighted_strong_weighted_mixup_phase4_seed_mean,review_stratum::identifier_primary,12,12,0,,,0.501642,0.501642,,,,0.20258099999999998,0.225242
raw_e5_cosine,review_stratum::semantic_only,84,13,71,0.698808,0.402375,0.913626,0.926657,0.91124,0.934357,0.959429,0.890773,0.89883
step9_e5_lr_l2_positive_pair_mixup_100pct_seed_mean,review_stratum::semantic_only,84,13,71,0.768147,0.402107,0.257741,0.383393,0.234734,0.447296,0.6242343333333333,0.17069299999999998,0.209763
step15_v5_public_noise_weighted_strong_phase4_seed_mean,review_stratum::semantic_only,84,13,71,0.84182,0.515811,0.217603,0.326201,0.197719,0.260172,0.6757230000000001,0.1678683333333333,0.174353
step15_v5_domain_balanced_public_noise_weighted_strong_phase4_seed_mean,review_stratum::semantic_only,84,13,71,0.904659,0.621067,0.42472,0.459744,0.418307,0.446497,0.48812099999999997,0.4230173333333333,0.43438
step15_v5r_public_noise_weighted_strong_weighted_mixup_phase4_seed_mean,review_stratum::semantic_only,84,13,71,0.873239,0.561836,0.316874,0.407226,0.30033,0.351228,0.6362556666666667,0.29025366666666663,0.295417
step15_v5r_domain_balanced_public_noise_weighted_strong_weighted_mixup_phase4_seed_mean,review_stratum::semantic_only,84,13,71,0.850488,0.501316,0.223217,0.327885,0.204052,0.286955,0.623901,0.17333400000000002,0.191079
raw_e5_cosine,review_stratum::semantic_structural,75,12,63,0.891534,0.565079,0.924053,0.953371,0.918469,0.954556,0.968727,0.927999,0.94472
step9_e5_lr_l2_positive_pair_mixup_100pct_seed_mean,review_stratum::semantic_structural,75,12,63,0.809524,0.40583,0.371924,0.550879,0.337837,0.631174,0.802422,0.25477700000000003,0.394433
step15_v5_public_noise_weighted_strong_phase4_seed_mean,review_stratum::semantic_structural,75,12,63,0.850529,0.598214,0.259866,0.457048,0.222308,0.323615,0.6890436666666666,0.17361666666666667,0.179169
step15_v5_domain_balanced_public_noise_weighted_strong_phase4_seed_mean,review_stratum::semantic_structural,75,12,63,0.895503,0.53077,0.424286,0.470998,0.415389,0.459408,0.517203,0.419756,0.4462
step15_v5r_public_noise_weighted_strong_weighted_mixup_phase4_seed_mean,review_stratum::semantic_structural,75,12,63,0.859788,0.491826,0.325259,0.406194,0.309843,0.392914,0.6006523333333332,0.302295,0.304994
step15_v5r_domain_balanced_public_noise_weighted_strong_weighted_mixup_phase4_seed_mean,review_stratum::semantic_structural,75,12,63,0.867725,0.59131,0.246993,0.406498,0.216611,0.325606,0.6826263333333333,0.179642,0.197651
raw_e5_cosine,review_stratum::text_clone_primary,20,4,16,0.953125,0.892857,0.920618,0.954582,0.912127,0.93231,0.940433,0.924916,0.931502
step9_e5_lr_l2_positive_pair_mixup_100pct_seed_mean,review_stratum::text_clone_primary,20,4,16,1.0,1.0,0.535854,0.891798,0.446868,0.592141,0.6618106666666667,0.841255,0.847475
step15_v5_public_noise_weighted_strong_phase4_seed_mean,review_stratum::text_clone_primary,20,4,16,0.9375,0.816667,0.513954,0.800459,0.442327,0.734179,0.8154026666666666,0.7602463333333334,0.760998
step15_v5_domain_balanced_public_noise_weighted_strong_phase4_seed_mean,review_stratum::text_clone_primary,20,4,16,1.0,1.0,0.542802,0.61196,0.525512,0.573043,0.5835786666666666,0.5945416666666666,0.600856
step15_v5r_public_noise_weighted_strong_weighted_mixup_phase4_seed_mean,review_stratum::text_clone_primary,20,4,16,0.9375,0.830357,0.507882,0.694489,0.46123,0.678835,0.7030560000000001,0.6221909999999999,0.641391
step15_v5r_domain_balanced_public_noise_weighted_strong_weighted_mixup_phase4_seed_mean,review_stratum::text_clone_primary,20,4,16,0.953125,0.854167,0.397945,0.687974,0.325437,0.552859,0.627868,0.5646236666666667,0.576996
