balanced_review_rank,review_stratum,pair_uid,candidate_scope,review_priority,candidate_rule_hits,candidate_rank_score,alias_relation,same_market_raw,source_market_raw_left,source_market_raw_right,source_seller_raw_left,source_seller_raw_right,shared_contact_values,shared_title_values,shared_description_values,shared_category_values,shared_pgp_fingerprint_values,lexical_similarity,structural_support_score,left_preview,right_preview,review_status,review_label,reviewer_id,review_notes,target_bucket,target_reason,source_step11_cluster_rank,source_step11_cluster_id,source_step11_prob_positive,source_step11_graph_primary_threshold,source_step11_scorer_token,suggested_label,suggested_confidence,existing_boundary_source,existing_review_status,existing_review_label,existing_reviewer_id,existing_review_notes,target_action
1,text_clone_primary,market_item.xlsx|茶马古道|seller_raw:/shop/449035||market_item.xlsx|茶马古道|seller_raw:/shop/5592,sockpuppet_primary,high,step11_calibrated_bge_cluster1_v3|data_betting_template_clique,0.727433,different_alias,true,茶马古道,茶马古道,/shop/449035,/shop/5592,,,shared_description_count_capped=3,profile_category_jaccard=0.6,,0.0,0.725868,"T: 2020 超实用网页机器人工具 自动点击 自动填写 高效稳定 || 2020最新千万条真实浏览器UA出售!!!配合911工具,搭建真实环境 || 2021最新邮件群发软件 高效 稳定 购买后找我要激活码@brofish8 | D: 2021综合博彩_24785条金沙娱乐城带网址可验证 2021年1月脱库金沙娱乐城，网址：5312u.com，24785条 数据格式：account|full_name|phone|balance|reg_ip|address 数据可在线验证，保真不保效果，拍下自动发货 数量不多，稀缺资源，贵在真实 数据具有可复制性，一经售出，概不退款 || 此商品价格包含软件+激活码 注意：激活码绑定设备，所以不能多台电脑公用一个激活码 | C: 数据 || 技术 || 其它 | Contact: telegram:brofish8","T: (小白到大神）1740G实用零基础渗透教程+黑客资料（实战视频PPT资料）附送工具包 || 暗网市场网址清单，可信赖的市场清单，骗子网站清单,CVV实物通道等等，提供更新服务 || 全网最新最全的过人脸认证，挺火的过APP人脸CrazyTalk教程，白菜价格放送，赠送高清私房课！ | D: 本资源包括（星天乐最新教程+集成系统、拿破仑教程、北美华人团队J3教程、CC国际CPA【内部课程】）共27.57G 系统 ：用VM虚拟机直接导入，里面软件工具 通道、cvv料站、等等都是齐全的，对照教程直接操作就可以 大小18+G || 第三：骗子和钓鱼网站清单 第四：提供一些CVV实物通道，一些可以刷卡的网站 第五：提供一个基于可信赖的大型综合市场的卖家信用查询网站，可以在此网站查询一些卖家信誉情况 | C: 技术 || 数据 || 虚拟",reviewed,negative,codex_step5_v3_corrected_cleanup_20260420,"Corrected Step 5 v3 cleanup: calibrated-BGE data/betting/resource-package clique with no shared contact or PGP anchor. The overlaps are public data/resource listings and formulaic resale copy, including copied dataset descriptions, not seller-specific identity evidence. Freeze as template/resource-package false-positive negatives.",cluster1_data_betting_template_clique,step11_calibrated_bge_cluster1_v3|data_betting_template_clique,1,zh_target_strict_core_calibrated_bge_m3_thr_0500000_c0001,0.727433,0.5,core_calibrated_bge_m3,negative_candidate,medium,active_review_queue,pending,,,,review_existing_pending_queue_row
2,text_clone_primary,market_item.xlsx|茶马古道|seller_raw:/shop/461222||market_item.xlsx|茶马古道|seller_raw:/shop/5592,sockpuppet_primary,high,step11_calibrated_bge_cluster1_v3|data_betting_template_clique,0.727433,different_alias,true,茶马古道,茶马古道,/shop/461222,/shop/5592,,,shared_description_count_capped=1,profile_category_jaccard=0.4,,0.0,0.593565,T: 2021最新邮件群发软件 高效 稳定 购买后找我要激活码@brofish8 || 最新，最全面，挑选最好看的裸贷女。包含联系方式。 || 企业邮局出租 域名随机 邮件营销必备 | D: 亚马逊购买者邮箱，附带抓取地址，都是真实购买者，可群发做营销 钓鱼等等自己开发 || 此商品价格包含软件+激活码 注意：激活码绑定设备，所以不能多台电脑公用一个激活码 | C: 数据 || 技术 || 洗车精洗 | Contact: telegram:brofish8,"T: (小白到大神）1740G实用零基础渗透教程+黑客资料（实战视频PPT资料）附送工具包 || 暗网市场网址清单，可信赖的市场清单，骗子网站清单,CVV实物通道等等，提供更新服务 || 全网最新最全的过人脸认证，挺火的过APP人脸CrazyTalk教程，白菜价格放送，赠送高清私房课！ | D: 本资源包括（星天乐最新教程+集成系统、拿破仑教程、北美华人团队J3教程、CC国际CPA【内部课程】）共27.57G 系统 ：用VM虚拟机直接导入，里面软件工具 通道、cvv料站、等等都是齐全的，对照教程直接操作就可以 大小18+G || 第三：骗子和钓鱼网站清单 第四：提供一些CVV实物通道，一些可以刷卡的网站 第五：提供一个基于可信赖的大型综合市场的卖家信用查询网站，可以在此网站查询一些卖家信誉情况 | C: 技术 || 数据 || 虚拟",reviewed,negative,codex_step5_v3_corrected_cleanup_20260420,"Corrected Step 5 v3 cleanup: calibrated-BGE data/betting/resource-package clique with no shared contact or PGP anchor. The overlaps are public data/resource listings and formulaic resale copy, including copied dataset descriptions, not seller-specific identity evidence. Freeze as template/resource-package false-positive negatives.",cluster1_data_betting_template_clique,step11_calibrated_bge_cluster1_v3|data_betting_template_clique,1,zh_target_strict_core_calibrated_bge_m3_thr_0500000_c0001,0.727433,0.5,core_calibrated_bge_m3,negative_candidate,medium,active_review_queue,pending,,,,review_existing_pending_queue_row
3,text_clone_primary,market_item.xlsx|茶马古道|seller_raw:/shop/449035||market_item.xlsx|茶马古道|seller_raw:/shop/453234,sockpuppet_primary,high,step11_calibrated_bge_cluster1_v3|data_betting_template_clique,0.678179,different_alias,true,茶马古道,茶马古道,/shop/449035,/shop/453234,,,shared_description_count_capped=1,profile_category_jaccard=0.25,,0.0,0.370375,"T: 2020 超实用网页机器人工具 自动点击 自动填写 高效稳定 || 2020最新千万条真实浏览器UA出售!!!配合911工具,搭建真实环境 || 2021最新邮件群发软件 高效 稳定 购买后找我要激活码@brofish8 | D: 2021综合博彩_24785条金沙娱乐城带网址可验证 2021年1月脱库金沙娱乐城，网址：5312u.com，24785条 数据格式：account|full_name|phone|balance|reg_ip|address 数据可在线验证，保真不保效果，拍下自动发货 数量不多，稀缺资源，贵在真实 数据具有可复制性，一经售出，概不退款 || 此商品价格包含软件+激活码 注意：激活码绑定设备，所以不能多台电脑公用一个激活码 | C: 数据 || 技术 || 其它 | Contact: telegram:brofish8",T: 最新综合菠菜数据16759条盈丰国际带网址可验证 || 2021综合博彩_24785条金沙娱乐城带网址可验证 || 综合菠菜_20285条姚记娱乐城带网址可验证 | D: 综合菠菜_20285条姚记娱乐城带网址可验证 老牌实力菠菜平台姚记娱乐城，网址：https://yj0666.com 最新脱库数据20285条，数量不多，但属精品 数据格式：帐号|姓名|余额|存款次数|提款次数|存款总数|提款总数|电话号码|运营商|电子邮箱|QQ|省份|城市 数据保真，可以自行登陆网站注册页反向验证 数据自动发货，拍下即时发货，一经售出，概不退款 || 最新脱库bet365亚洲版21410条博彩数据可验证 bet365欧洲著名博彩平台，运营20多年的实力见证，网址：365-288.com 刚... | C: 数据,reviewed,negative,codex_step5_v3_corrected_cleanup_20260420,"Corrected Step 5 v3 cleanup: calibrated-BGE data/betting/resource-package clique with no shared contact or PGP anchor. The overlaps are public data/resource listings and formulaic resale copy, including copied dataset descriptions, not seller-specific identity evidence. Freeze as template/resource-package false-positive negatives.",cluster1_data_betting_template_clique,step11_calibrated_bge_cluster1_v3|data_betting_template_clique,1,zh_target_strict_core_calibrated_bge_m3_thr_0500000_c0001,0.678179,0.5,core_calibrated_bge_m3,negative_candidate,medium,active_review_queue,pending,,,,review_existing_pending_queue_row
4,semantic_structural,market_item.xlsx|中文暗网交易市场|seller_raw:149940||market_item.xlsx|中文暗网交易市场|seller_raw:605912,sockpuppet_primary,high,step11_calibrated_bge_cluster1_v3|data_betting_template_clique,0.638238,different_alias,true,中文暗网交易市场,中文暗网交易市场,149940,605912,,,,profile_category_jaccard=1.0,,0.204315,0.687552,T: 2020年一季度_博彩数据_9830条_众发娱乐最新脱库带网址可验证 || 博彩数据2019-3月bc数据合集 自动发货 | D: 数据格式：账号|手机号码|电子邮箱|Q Q|IP|所在地区|返点|余额 除了电子邮箱和QQ只有少部分数据，其他字段都完整 || 数据可以通过在线验证，在首页点击“免费注册” 在注册页面输入账号，系统提示“用户名已存在” | C: 数据资源,T: 最新脱库彩票数据34922条玩彩带网址可验证 | D: 最新脱库彩票数据34922条玩彩带网址可验证 外围彩票平台，玩彩，网址：http://wcai06.com，新脱库34922条 数据格式：user_id|account|password|full_name|phone|qq|reg_ip|省份|城市|运营商 数据可以通过在线验证，在首页点击“注册”，在注册页面输入账号即可验证数据的真实性 稀缺资源，贵在真实，一分钱一分货，不议价，懂的老板来 拍下MEGA网盘自动发货，虚拟产品，拍下不接受退款 | C: 数据资源,reviewed,negative,codex_step5_v3_corrected_cleanup_20260420,"Corrected Step 5 v3 cleanup: calibrated-BGE data/betting/resource-package clique with no shared contact or PGP anchor. The overlaps are public data/resource listings and formulaic resale copy, including copied dataset descriptions, not seller-specific identity evidence. Freeze as template/resource-package false-positive negatives.",cluster1_data_betting_template_clique,step11_calibrated_bge_cluster1_v3|data_betting_template_clique,1,zh_target_strict_core_calibrated_bge_m3_thr_0500000_c0001,0.638238,0.5,core_calibrated_bge_m3,negative_candidate,medium,active_review_queue,pending,,,,review_existing_pending_queue_row
5,semantic_structural,market_item.xlsx|中文暗网交易市场|seller_raw:596096||market_item.xlsx|中文暗网交易市场|seller_raw:605912,sockpuppet_primary,high,step11_calibrated_bge_cluster1_v3|data_betting_template_clique,0.610486,different_alias,true,中文暗网交易市场,中文暗网交易市场,596096,605912,,,,profile_category_jaccard=1.0,,0.447433,0.885099,T: 2021最新脱库彩票数据12560条杏彩168可验证 | D: 数据可以通过在线验证，在首页点击“免费注册”，在注册页面输入账号即可验证数据的真实性 || 数据格式：账号|手机号码|QQ|余额|IP|所在地区 除了电子邮箱和QQ只有少部分数据，其他字段都完整 | C: 数据资源,T: 最新脱库彩票数据34922条玩彩带网址可验证 | D: 最新脱库彩票数据34922条玩彩带网址可验证 外围彩票平台，玩彩，网址：http://wcai06.com，新脱库34922条 数据格式：user_id|account|password|full_name|phone|qq|reg_ip|省份|城市|运营商 数据可以通过在线验证，在首页点击“注册”，在注册页面输入账号即可验证数据的真实性 稀缺资源，贵在真实，一分钱一分货，不议价，懂的老板来 拍下MEGA网盘自动发货，虚拟产品，拍下不接受退款 | C: 数据资源,reviewed,negative,codex_step5_v3_corrected_cleanup_20260420,"Corrected Step 5 v3 cleanup: calibrated-BGE data/betting/resource-package clique with no shared contact or PGP anchor. The overlaps are public data/resource listings and formulaic resale copy, including copied dataset descriptions, not seller-specific identity evidence. Freeze as template/resource-package false-positive negatives.",cluster1_data_betting_template_clique,step11_calibrated_bge_cluster1_v3|data_betting_template_clique,1,zh_target_strict_core_calibrated_bge_m3_thr_0500000_c0001,0.610486,0.5,core_calibrated_bge_m3,negative_candidate,medium,active_review_queue,pending,,,,review_existing_pending_queue_row
6,text_clone_primary,market_item.xlsx|中文暗网交易市场|seller_raw:603737||market_item.xlsx|茶马古道|seller_raw:/shop/453234,sockpuppet_primary,high,step11_calibrated_bge_cluster1_v3|data_betting_template_clique,0.606565,different_alias,false,中文暗网交易市场,茶马古道,603737,/shop/453234,,shared_title_count_capped=1,shared_description_count_capped=2,,,0.31108,0.293184,T: 最新脱库博彩数据_39480条esball带网址可验证 | D: 最新脱库博彩数据_39480条esball带网址可验证 最新脱库老牌娱乐城esball，网址：esb1788.org，共39480条 格式：账号|姓名|手机号码|电子邮箱|QQ|余额|存款总额|提款总额|状态 数据保真，可登陆网站反向注册验证，都是平台的活跃用户，非常稀缺 懂的老板来，中介屌丝请绕道 | C: 数据资源,T: 最新综合菠菜数据16759条盈丰国际带网址可验证 || 2021综合博彩_24785条金沙娱乐城带网址可验证 || 综合菠菜_20285条姚记娱乐城带网址可验证 | D: 综合菠菜_20285条姚记娱乐城带网址可验证 老牌实力菠菜平台姚记娱乐城，网址：https://yj0666.com 最新脱库数据20285条，数量不多，但属精品 数据格式：帐号|姓名|余额|存款次数|提款次数|存款总数|提款总数|电话号码|运营商|电子邮箱|QQ|省份|城市 数据保真，可以自行登陆网站注册页反向验证 数据自动发货，拍下即时发货，一经售出，概不退款 || 最新脱库bet365亚洲版21410条博彩数据可验证 bet365欧洲著名博彩平台，运营20多年的实力见证，网址：365-288.com 刚... | C: 数据,reviewed,negative,codex_step5_v3_corrected_cleanup_20260420,"Corrected Step 5 v3 cleanup: calibrated-BGE data/betting/resource-package clique with no shared contact or PGP anchor. The overlaps are public data/resource listings and formulaic resale copy, including copied dataset descriptions, not seller-specific identity evidence. Freeze as template/resource-package false-positive negatives.",cluster1_data_betting_template_clique,step11_calibrated_bge_cluster1_v3|data_betting_template_clique,1,zh_target_strict_core_calibrated_bge_m3_thr_0500000_c0001,0.606565,0.5,core_calibrated_bge_m3,negative_candidate,medium,active_review_queue,pending,,,,review_existing_pending_queue_row
7,semantic_structural,market_item.xlsx|茶马古道|seller_raw:/shop/432473||market_item.xlsx|茶马古道|seller_raw:/shop/436862,sockpuppet_primary,high,step11_calibrated_bge_cluster1_v3|data_betting_template_clique,0.601213,different_alias,true,茶马古道,茶马古道,/shop/432473,/shop/436862,,,,profile_category_jaccard=1.0,,0.271927,0.606952,"T: 北上广深高尔夫会员信息17W高端人群 || 祥游棋牌156000今年新数据菠菜博彩 || 股票雪球网股民12万条今年新上 | D: 北上广深高尔夫会员信息 17.9万条会员各种信息，非常详细 具体内容格式： 会员卡级别-姓名-性别-会员生日-会员身份-喜欢的运动-喜欢的社交方式-喜欢的活动形式- 平时闲暇时间-打高尔夫球的目的-加入球会渠道-消费积分-手机-会员地址 参考附图 高端优质人群，消费能力强，适合多种用途开发 自动发货 || 今年新出的12万条雪球网股民数据 雪球网是炒股知名度最大的社区平台之一 姓名,性别,手机号,持股前1,持股前2,持股前3,持股数,交易风格,身份证,省份,地区,邮箱 数据有12万多条，拍下后，全部自动发货... | C: 数据",T: 受私拍私拍私拍私拍私拍 | D: 私拍私拍私拍私拍私拍私拍 | C: 数据,reviewed,negative,codex_step5_v3_corrected_cleanup_20260420,"Corrected Step 5 v3 cleanup: calibrated-BGE data/betting/resource-package clique with no shared contact or PGP anchor. The overlaps are public data/resource listings and formulaic resale copy, including copied dataset descriptions, not seller-specific identity evidence. Freeze as template/resource-package false-positive negatives.",cluster1_data_betting_template_clique,step11_calibrated_bge_cluster1_v3|data_betting_template_clique,1,zh_target_strict_core_calibrated_bge_m3_thr_0500000_c0001,0.601213,0.5,core_calibrated_bge_m3,negative_candidate,medium,active_review_queue,pending,,,,review_existing_pending_queue_row
8,semantic_structural,market_item.xlsx|中文暗网交易市场|seller_raw:149940||market_item.xlsx|中文暗网交易市场|seller_raw:596096,sockpuppet_primary,high,step11_calibrated_bge_cluster1_v3|data_betting_template_clique,0.592568,different_alias,true,中文暗网交易市场,中文暗网交易市场,149940,596096,,,,profile_category_jaccard=1.0,,0.331744,0.751636,T: 2020年一季度_博彩数据_9830条_众发娱乐最新脱库带网址可验证 || 博彩数据2019-3月bc数据合集 自动发货 | D: 数据格式：账号|手机号码|电子邮箱|Q Q|IP|所在地区|返点|余额 除了电子邮箱和QQ只有少部分数据，其他字段都完整 || 数据可以通过在线验证，在首页点击“免费注册” 在注册页面输入账号，系统提示“用户名已存在” | C: 数据资源,T: 2021最新脱库彩票数据12560条杏彩168可验证 | D: 数据可以通过在线验证，在首页点击“免费注册”，在注册页面输入账号即可验证数据的真实性 || 数据格式：账号|手机号码|QQ|余额|IP|所在地区 除了电子邮箱和QQ只有少部分数据，其他字段都完整 | C: 数据资源,reviewed,negative,codex_step5_v3_corrected_cleanup_20260420,"Corrected Step 5 v3 cleanup: calibrated-BGE data/betting/resource-package clique with no shared contact or PGP anchor. The overlaps are public data/resource listings and formulaic resale copy, including copied dataset descriptions, not seller-specific identity evidence. Freeze as template/resource-package false-positive negatives.",cluster1_data_betting_template_clique,step11_calibrated_bge_cluster1_v3|data_betting_template_clique,1,zh_target_strict_core_calibrated_bge_m3_thr_0500000_c0001,0.592568,0.5,core_calibrated_bge_m3,negative_candidate,medium,active_review_queue,pending,,,,review_existing_pending_queue_row
9,semantic_structural,market_item.xlsx|中文暗网交易市场|seller_raw:596096||market_item.xlsx|中文暗网交易市场|seller_raw:605607,sockpuppet_primary,high,step11_calibrated_bge_cluster1_v3|data_betting_template_clique,0.592568,different_alias,true,中文暗网交易市场,中文暗网交易市场,596096,605607,,,,profile_category_jaccard=1.0,,0.46149,0.963772,T: 2021最新脱库彩票数据12560条杏彩168可验证 | D: 数据可以通过在线验证，在首页点击“免费注册”，在注册页面输入账号即可验证数据的真实性 || 数据格式：账号|手机号码|QQ|余额|IP|所在地区 除了电子邮箱和QQ只有少部分数据，其他字段都完整 | C: 数据资源,T: 最新脱库彩票数据16236条信彩带网址可验证 | D: 数据格式：账号|手机号码|电子邮箱|QQ|返点|余额|IP|所在地区 数据可以通过在线验证，在首页点击“免费注册”，在注册页面输入账号或者手机号即可验证数据的真实性 || 最新脱库彩票数据16236条信彩带网址可验证 信彩网https://xc832.com/，是以彩票为主的综合博彩平台 | C: 数据资源,reviewed,negative,codex_step5_v3_corrected_cleanup_20260420,"Corrected Step 5 v3 cleanup: calibrated-BGE data/betting/resource-package clique with no shared contact or PGP anchor. The overlaps are public data/resource listings and formulaic resale copy, including copied dataset descriptions, not seller-specific identity evidence. Freeze as template/resource-package false-positive negatives.",cluster1_data_betting_template_clique,step11_calibrated_bge_cluster1_v3|data_betting_template_clique,1,zh_target_strict_core_calibrated_bge_m3_thr_0500000_c0001,0.592568,0.5,core_calibrated_bge_m3,negative_candidate,medium,active_review_queue,pending,,,,review_existing_pending_queue_row
10,semantic_structural,market_item.xlsx|中文暗网交易市场|seller_raw:603737||market_item.xlsx|中文暗网交易市场|seller_raw:605607,sockpuppet_primary,high,step11_calibrated_bge_cluster1_v3|data_betting_template_clique,0.592568,different_alias,true,中文暗网交易市场,中文暗网交易市场,603737,605607,,,,profile_category_jaccard=1.0,,0.170115,0.855965,T: 最新脱库博彩数据_39480条esball带网址可验证 | D: 最新脱库博彩数据_39480条esball带网址可验证 最新脱库老牌娱乐城esball，网址：esb1788.org，共39480条 格式：账号|姓名|手机号码|电子邮箱|QQ|余额|存款总额|提款总额|状态 数据保真，可登陆网站反向注册验证，都是平台的活跃用户，非常稀缺 懂的老板来，中介屌丝请绕道 | C: 数据资源,T: 最新脱库彩票数据16236条信彩带网址可验证 | D: 数据格式：账号|手机号码|电子邮箱|QQ|返点|余额|IP|所在地区 数据可以通过在线验证，在首页点击“免费注册”，在注册页面输入账号或者手机号即可验证数据的真实性 || 最新脱库彩票数据16236条信彩带网址可验证 信彩网https://xc832.com/，是以彩票为主的综合博彩平台 | C: 数据资源,reviewed,negative,codex_step5_v3_corrected_cleanup_20260420,"Corrected Step 5 v3 cleanup: calibrated-BGE data/betting/resource-package clique with no shared contact or PGP anchor. The overlaps are public data/resource listings and formulaic resale copy, including copied dataset descriptions, not seller-specific identity evidence. Freeze as template/resource-package false-positive negatives.",cluster1_data_betting_template_clique,step11_calibrated_bge_cluster1_v3|data_betting_template_clique,1,zh_target_strict_core_calibrated_bge_m3_thr_0500000_c0001,0.592568,0.5,core_calibrated_bge_m3,negative_candidate,medium,active_review_queue,pending,,,,review_existing_pending_queue_row
11,semantic_structural,market_item.xlsx|中文暗网交易市场|seller_raw:603737||market_item.xlsx|中文暗网交易市场|seller_raw:605912,sockpuppet_primary,high,step11_calibrated_bge_cluster1_v3|data_betting_template_clique,0.592568,different_alias,true,中文暗网交易市场,中文暗网交易市场,603737,605912,,,,profile_category_jaccard=1.0,,0.183515,0.966087,T: 最新脱库博彩数据_39480条esball带网址可验证 | D: 最新脱库博彩数据_39480条esball带网址可验证 最新脱库老牌娱乐城esball，网址：esb1788.org，共39480条 格式：账号|姓名|手机号码|电子邮箱|QQ|余额|存款总额|提款总额|状态 数据保真，可登陆网站反向注册验证，都是平台的活跃用户，非常稀缺 懂的老板来，中介屌丝请绕道 | C: 数据资源,T: 最新脱库彩票数据34922条玩彩带网址可验证 | D: 最新脱库彩票数据34922条玩彩带网址可验证 外围彩票平台，玩彩，网址：http://wcai06.com，新脱库34922条 数据格式：user_id|account|password|full_name|phone|qq|reg_ip|省份|城市|运营商 数据可以通过在线验证，在首页点击“注册”，在注册页面输入账号即可验证数据的真实性 稀缺资源，贵在真实，一分钱一分货，不议价，懂的老板来 拍下MEGA网盘自动发货，虚拟产品，拍下不接受退款 | C: 数据资源,reviewed,negative,codex_step5_v3_corrected_cleanup_20260420,"Corrected Step 5 v3 cleanup: calibrated-BGE data/betting/resource-package clique with no shared contact or PGP anchor. The overlaps are public data/resource listings and formulaic resale copy, including copied dataset descriptions, not seller-specific identity evidence. Freeze as template/resource-package false-positive negatives.",cluster1_data_betting_template_clique,step11_calibrated_bge_cluster1_v3|data_betting_template_clique,1,zh_target_strict_core_calibrated_bge_m3_thr_0500000_c0001,0.592568,0.5,core_calibrated_bge_m3,negative_candidate,medium,active_review_queue,pending,,,,review_existing_pending_queue_row
12,text_clone_primary,market_item.xlsx|中文暗网交易市场|seller_raw:596096||market_item.xlsx|茶马古道|seller_raw:/shop/446569,sockpuppet_primary,high,step11_calibrated_bge_cluster1_v3|data_betting_template_clique,0.590743,different_alias,false,中文暗网交易市场,茶马古道,596096,/shop/446569,,shared_title_count_capped=1,shared_description_count_capped=3,,,0.439025,0.30236,T: 2021最新脱库彩票数据12560条杏彩168可验证 | D: 数据可以通过在线验证，在首页点击“免费注册”，在注册页面输入账号即可验证数据的真实性 || 数据格式：账号|手机号码|QQ|余额|IP|所在地区 除了电子邮箱和QQ只有少部分数据，其他字段都完整 | C: 数据资源,T: 最新稀缺实名彩票数据74922条_中彩网活跃玩家 || 最新脱库彩票数据34922条玩彩带网址可验证 || 最新脱库彩票数据16236条信彩带网址可验证 | D: 最新脱库彩票数据34922条玩彩带网址可验证 外围彩票平台，玩彩，网址：http://wcai06.com，新脱库34922条 数据格式：user_id|account|password|full_name|phone|qq|reg_ip|省份|城市|运营商 数据可以通过在线验证，在首页点击“注册”，在注册页面输入账号即可验证数据的真实性 稀缺资源，贵在真实，一分钱一分货，不议价，懂的老板来 拍下MEGA网盘自动发货，虚拟产品，拍下不接受退款 || 数据格式：用户名|昵称|真实姓名|手机号|手机号运营商|身份... | C: 数据,reviewed,negative,codex_step5_v3_corrected_cleanup_20260420,"Corrected Step 5 v3 cleanup: calibrated-BGE data/betting/resource-package clique with no shared contact or PGP anchor. The overlaps are public data/resource listings and formulaic resale copy, including copied dataset descriptions, not seller-specific identity evidence. Freeze as template/resource-package false-positive negatives.",cluster1_data_betting_template_clique,step11_calibrated_bge_cluster1_v3|data_betting_template_clique,1,zh_target_strict_core_calibrated_bge_m3_thr_0500000_c0001,0.590743,0.5,core_calibrated_bge_m3,negative_candidate,medium,active_review_queue,pending,,,,review_existing_pending_queue_row
13,text_clone_primary,market_item.xlsx|中文暗网交易市场|seller_raw:506844||market_item.xlsx|中文暗网交易市场|seller_raw:528850,sockpuppet_primary,high,step11_calibrated_bge_cluster22_v3|fourpiece_template_clique_a,0.60957,different_alias,true,中文暗网交易市场,中文暗网交易市场,506844,528850,,,shared_description_count_capped=4,profile_category_jaccard=1.0,,0.151999,0.78378,T: 一手资源银行卡全套自己工厂工人开的900RMB整套 || 自己实体工厂开银行卡四件套900RMB一套稳定 | D: (不可控的司法冻结不在售后范围) 商品：四件套有：身份证，银行卡，手机号码卡，U盾 用途：方便客户匿名身份，洗黑.洗白.取现，加强隐蔽， 方便走账，过账，做生意，汇款.送礼各种商业用途，保护自己的隐私 质保三个月过后如还需要的话可续租5份每月 || 质量有保证（不会出现黑吃黑，取现，网银转账） 都是自己人带队去银行开卡的，卡主主要为工厂工人，出现资金问题可追回 | C: 实体物品,T: 全新空白银行卡安全可靠美国台湾中国现货1200顺丰包邮 || 一手全新银行卡无记录1200顺丰送货到家 || 一手银行卡全新无记录1200顺丰送到家 | D: (不可控的司法冻结不在售后范围) 商品：四件套有：身份证，银行卡，手机号码卡，U盾 用途：方便客户匿名身份，洗黑.洗白.取现，加强隐蔽， 方便走账，过账，做生意，汇款.送礼各种商业用途，保护自己的隐私 质保三个月过后如还需要的话可续租300每月 || (不可控的司法冻结不在售后范围) 商品：四件套有：身份证，银行卡，手机号码卡，U盾 用途：方便客户匿名身份，洗黑.洗白.取现，加强隐蔽， 方便走账，过账，做生意，汇款.送礼各种商业用途，保护自己的隐私 质保三个月过后如还需要的话可续租500每月 | C: 实体物品,reviewed,uncertain,codex_step5_v3_corrected_cleanup_20260420,"Corrected Step 5 v3 cleanup: calibrated-BGE four-piece template clique with no shared contact or PGP anchor. Public template reuse is plausible, but without seller-specific counter-anchors the edge is not reliable enough to freeze as positive or negative supervision.",cluster2_fourpiece_template_clique_a,step11_calibrated_bge_cluster22_v3|fourpiece_template_clique_a,22,zh_target_strict_core_calibrated_bge_m3_thr_0500000_c0022,0.60957,0.5,core_calibrated_bge_m3,negative_candidate,medium,active_frozen_labels,reviewed,uncertain,codex_step5_v3_cleanup_20260416,"Step 5 v3 targeted cleanup: dense four-piece template-copy clique with no shared contact or PGP anchor. Public template reuse is plausible, but the edge is not reliable enough to freeze as either positive or negative supervision.",rereview_existing_frozen_label
14,text_clone_primary,market_item.xlsx|中文暗网交易市场|seller_raw:375149||market_item.xlsx|中文暗网交易市场|seller_raw:528850,sockpuppet_primary,high,step11_calibrated_bge_cluster22_v3|fourpiece_template_clique_a,0.600324,different_alias,true,中文暗网交易市场,中文暗网交易市场,375149,528850,,,shared_description_count_capped=1,profile_category_jaccard=1.0,,0.0,0.547414,"T: 完美四件套1300,一手开卡,质保60天 | D: 不可控的司法冻结不在售后范围) 商品：银行卡+身份证正反面照片或复印件+实名手机卡一张+U盾或者密码器. 标价为15美元折合人民币100元 纯四件套请拍13份 可指定银行 质量有保证（不会出现黑吃黑，取现，网银转账） 都是自己人带队去银行开卡的，卡主主要为学生，出现资金问题可追回 || 通常情况下，四件套的质保期为一到两个月，意思是一个月内无条件质保，两个月内尽全力协助，超过二个月不做任何主观承诺 | C: 实体物品",T: 全新空白银行卡安全可靠美国台湾中国现货1200顺丰包邮 || 一手全新银行卡无记录1200顺丰送货到家 || 一手银行卡全新无记录1200顺丰送到家 | D: (不可控的司法冻结不在售后范围) 商品：四件套有：身份证，银行卡，手机号码卡，U盾 用途：方便客户匿名身份，洗黑.洗白.取现，加强隐蔽， 方便走账，过账，做生意，汇款.送礼各种商业用途，保护自己的隐私 质保三个月过后如还需要的话可续租300每月 || (不可控的司法冻结不在售后范围) 商品：四件套有：身份证，银行卡，手机号码卡，U盾 用途：方便客户匿名身份，洗黑.洗白.取现，加强隐蔽， 方便走账，过账，做生意，汇款.送礼各种商业用途，保护自己的隐私 质保三个月过后如还需要的话可续租500每月 | C: 实体物品,reviewed,uncertain,codex_step5_v3_corrected_cleanup_20260420,"Corrected Step 5 v3 cleanup: calibrated-BGE four-piece template clique with no shared contact or PGP anchor. Public template reuse is plausible, but without seller-specific counter-anchors the edge is not reliable enough to freeze as positive or negative supervision.",cluster2_fourpiece_template_clique_a,step11_calibrated_bge_cluster22_v3|fourpiece_template_clique_a,22,zh_target_strict_core_calibrated_bge_m3_thr_0500000_c0022,0.600324,0.5,core_calibrated_bge_m3,negative_candidate,medium,active_review_queue,pending,,,,review_existing_pending_queue_row
15,text_clone_primary,market_item.xlsx|中文暗网交易市场|seller_raw:117631||market_item.xlsx|中文暗网交易市场|seller_raw:506844,sockpuppet_primary,high,step11_calibrated_bge_cluster22_v3|fourpiece_template_clique_a,0.579683,different_alias,true,中文暗网交易市场,中文暗网交易市场,117631,506844,,,shared_description_count_capped=1,profile_category_jaccard=0.25,,0.0,0.31057,T: 2000R出最稳四件套，对公账户，一手开卡 ，交易所实名，微信支付宝可绑 || 十四个裸条女，都是本人私放的，带资料，可操作空间很大 || 出亿信云审核后台账号一个，一共三百多条客户数据。 | D: 三百多条数据，其中九十八条客户未提交只能看见姓名 手机号 身份证号 其余两百多条都能看见客户全部资料包含姓名 身份证号 QQ 号微信号 银行卡号 银行卡预留手机号码 身份证正反加手持 淘宝购物记录加收货地址 运营商详单和通讯录 || [商品] 银行卡一张+身份证正反面照片+实名手机卡一张+U盾或者密码器(有需要可提供手持照片) [价格] 2000元 一套，购买请拍20份 | C: 实体物品 || 技术技能 || 数据资源,T: 一手资源银行卡全套自己工厂工人开的900RMB整套 || 自己实体工厂开银行卡四件套900RMB一套稳定 | D: (不可控的司法冻结不在售后范围) 商品：四件套有：身份证，银行卡，手机号码卡，U盾 用途：方便客户匿名身份，洗黑.洗白.取现，加强隐蔽， 方便走账，过账，做生意，汇款.送礼各种商业用途，保护自己的隐私 质保三个月过后如还需要的话可续租5份每月 || 质量有保证（不会出现黑吃黑，取现，网银转账） 都是自己人带队去银行开卡的，卡主主要为工厂工人，出现资金问题可追回 | C: 实体物品,reviewed,uncertain,codex_step5_v3_corrected_cleanup_20260420,"Corrected Step 5 v3 cleanup: calibrated-BGE four-piece template clique with no shared contact or PGP anchor. Public template reuse is plausible, but without seller-specific counter-anchors the edge is not reliable enough to freeze as positive or negative supervision.",cluster2_fourpiece_template_clique_a,step11_calibrated_bge_cluster22_v3|fourpiece_template_clique_a,22,zh_target_strict_core_calibrated_bge_m3_thr_0500000_c0022,0.579683,0.5,core_calibrated_bge_m3,negative_candidate,medium,active_frozen_labels,reviewed,uncertain,codex_step5_v3_cleanup_20260416,"Step 5 v3 targeted cleanup: dense four-piece template-copy clique with no shared contact or PGP anchor. Public template reuse is plausible, but the edge is not reliable enough to freeze as either positive or negative supervision.",rereview_existing_frozen_label
16,text_clone_primary,market_item.xlsx|中文暗网交易市场|seller_raw:117631||market_item.xlsx|中文暗网交易市场|seller_raw:354172,sockpuppet_primary,high,step11_calibrated_bge_cluster22_v3|fourpiece_template_clique_a,0.576386,different_alias,true,中文暗网交易市场,中文暗网交易市场,117631,354172,,,shared_description_count_capped=1,profile_category_jaccard=0.5,,0.0,0.676983,T: 2000R出最稳四件套，对公账户，一手开卡 ，交易所实名，微信支付宝可绑 || 十四个裸条女，都是本人私放的，带资料，可操作空间很大 || 出亿信云审核后台账号一个，一共三百多条客户数据。 | D: 三百多条数据，其中九十八条客户未提交只能看见姓名 手机号 身份证号 其余两百多条都能看见客户全部资料包含姓名 身份证号 QQ 号微信号 银行卡号 银行卡预留手机号码 身份证正反加手持 淘宝购物记录加收货地址 运营商详单和通讯录 || [商品] 银行卡一张+身份证正反面照片+实名手机卡一张+U盾或者密码器(有需要可提供手持照片) [价格] 2000元 一套，购买请拍20份 | C: 实体物品 || 技术技能 || 数据资源,"T: 火币,okex,可盈可乐,otcbtc等交易所高级实名认证 || 完美四件套1500，一手开卡，可定制，质保60天 | D: (不可控的司法冻结不在售后范围) 商品：银行卡+身份证正反面照片+实名手机卡一张+U盾或者密码器(有需要可提供手持照片) 标价为15美元折合人民币100元 纯四件套请拍15份 需绑定支付宝过人脸加拍4份 需交易所高级实名认证加拍5份(交易所任选一个) 可指定银行指定运营商 质保两个月过后如还需要的话可续租7份每月 || 附送身份证正反面照片和手持身份证照片 一般2个小时左右搞定 因为需要随时接验证码，请安排好时间 使用中遇到风控可付费找到实名人刷人脸 需要准备资料：注册好的账号，最好用手机号注册 也可代为注册... | C: 实体物品 || 虚拟物品",reviewed,uncertain,codex_step5_v3_corrected_cleanup_20260420,"Corrected Step 5 v3 cleanup: calibrated-BGE four-piece template clique with no shared contact or PGP anchor. Public template reuse is plausible, but without seller-specific counter-anchors the edge is not reliable enough to freeze as positive or negative supervision.",cluster2_fourpiece_template_clique_a,step11_calibrated_bge_cluster22_v3|fourpiece_template_clique_a,22,zh_target_strict_core_calibrated_bge_m3_thr_0500000_c0022,0.576386,0.5,core_calibrated_bge_m3,negative_candidate,medium,active_review_queue,pending,,,,review_existing_pending_queue_row
17,text_clone_primary,market_item.xlsx|中文暗网交易市场|seller_raw:354172||market_item.xlsx|中文暗网交易市场|seller_raw:506844,sockpuppet_primary,high,step11_calibrated_bge_cluster22_v3|fourpiece_template_clique_a,0.566068,different_alias,true,中文暗网交易市场,中文暗网交易市场,354172,506844,,,shared_description_count_capped=2,profile_category_jaccard=0.5,,0.0,0.517726,"T: 火币,okex,可盈可乐,otcbtc等交易所高级实名认证 || 完美四件套1500，一手开卡，可定制，质保60天 | D: (不可控的司法冻结不在售后范围) 商品：银行卡+身份证正反面照片+实名手机卡一张+U盾或者密码器(有需要可提供手持照片) 标价为15美元折合人民币100元 纯四件套请拍15份 需绑定支付宝过人脸加拍4份 需交易所高级实名认证加拍5份(交易所任选一个) 可指定银行指定运营商 质保两个月过后如还需要的话可续租7份每月 || 附送身份证正反面照片和手持身份证照片 一般2个小时左右搞定 因为需要随时接验证码，请安排好时间 使用中遇到风控可付费找到实名人刷人脸 需要准备资料：注册好的账号，最好用手机号注册 也可代为注册... | C: 实体物品 || 虚拟物品",T: 一手资源银行卡全套自己工厂工人开的900RMB整套 || 自己实体工厂开银行卡四件套900RMB一套稳定 | D: (不可控的司法冻结不在售后范围) 商品：四件套有：身份证，银行卡，手机号码卡，U盾 用途：方便客户匿名身份，洗黑.洗白.取现，加强隐蔽， 方便走账，过账，做生意，汇款.送礼各种商业用途，保护自己的隐私 质保三个月过后如还需要的话可续租5份每月 || 质量有保证（不会出现黑吃黑，取现，网银转账） 都是自己人带队去银行开卡的，卡主主要为工厂工人，出现资金问题可追回 | C: 实体物品,reviewed,uncertain,codex_step5_v3_corrected_cleanup_20260420,"Corrected Step 5 v3 cleanup: calibrated-BGE four-piece template clique with no shared contact or PGP anchor. Public template reuse is plausible, but without seller-specific counter-anchors the edge is not reliable enough to freeze as positive or negative supervision.",cluster2_fourpiece_template_clique_a,step11_calibrated_bge_cluster22_v3|fourpiece_template_clique_a,22,zh_target_strict_core_calibrated_bge_m3_thr_0500000_c0022,0.566068,0.5,core_calibrated_bge_m3,negative_candidate,medium,active_review_queue,pending,,,,review_existing_pending_queue_row
18,text_clone_primary,market_item.xlsx|中文暗网交易市场|seller_raw:354172||market_item.xlsx|中文暗网交易市场|seller_raw:528850,sockpuppet_primary,high,step11_calibrated_bge_cluster22_v3|fourpiece_template_clique_a,0.547716,different_alias,true,中文暗网交易市场,中文暗网交易市场,354172,528850,,,shared_description_count_capped=1,profile_category_jaccard=0.5,,0.0,0.417754,"T: 火币,okex,可盈可乐,otcbtc等交易所高级实名认证 || 完美四件套1500，一手开卡，可定制，质保60天 | D: (不可控的司法冻结不在售后范围) 商品：银行卡+身份证正反面照片+实名手机卡一张+U盾或者密码器(有需要可提供手持照片) 标价为15美元折合人民币100元 纯四件套请拍15份 需绑定支付宝过人脸加拍4份 需交易所高级实名认证加拍5份(交易所任选一个) 可指定银行指定运营商 质保两个月过后如还需要的话可续租7份每月 || 附送身份证正反面照片和手持身份证照片 一般2个小时左右搞定 因为需要随时接验证码，请安排好时间 使用中遇到风控可付费找到实名人刷人脸 需要准备资料：注册好的账号，最好用手机号注册 也可代为注册... | C: 实体物品 || 虚拟物品",T: 全新空白银行卡安全可靠美国台湾中国现货1200顺丰包邮 || 一手全新银行卡无记录1200顺丰送货到家 || 一手银行卡全新无记录1200顺丰送到家 | D: (不可控的司法冻结不在售后范围) 商品：四件套有：身份证，银行卡，手机号码卡，U盾 用途：方便客户匿名身份，洗黑.洗白.取现，加强隐蔽， 方便走账，过账，做生意，汇款.送礼各种商业用途，保护自己的隐私 质保三个月过后如还需要的话可续租300每月 || (不可控的司法冻结不在售后范围) 商品：四件套有：身份证，银行卡，手机号码卡，U盾 用途：方便客户匿名身份，洗黑.洗白.取现，加强隐蔽， 方便走账，过账，做生意，汇款.送礼各种商业用途，保护自己的隐私 质保三个月过后如还需要的话可续租500每月 | C: 实体物品,reviewed,uncertain,codex_step5_v3_corrected_cleanup_20260420,"Corrected Step 5 v3 cleanup: calibrated-BGE four-piece template clique with no shared contact or PGP anchor. Public template reuse is plausible, but without seller-specific counter-anchors the edge is not reliable enough to freeze as positive or negative supervision.",cluster2_fourpiece_template_clique_a,step11_calibrated_bge_cluster22_v3|fourpiece_template_clique_a,22,zh_target_strict_core_calibrated_bge_m3_thr_0500000_c0022,0.547716,0.5,core_calibrated_bge_m3,negative_candidate,medium,active_review_queue,pending,,,,review_existing_pending_queue_row
19,text_clone_primary,market_item.xlsx|中文暗网交易市场|seller_raw:117631||market_item.xlsx|中文暗网交易市场|seller_raw:375149,sockpuppet_primary,high,step11_calibrated_bge_cluster22_v3|fourpiece_template_clique_a,0.538783,different_alias,true,中文暗网交易市场,中文暗网交易市场,117631,375149,,,shared_description_count_capped=1,profile_category_jaccard=0.25,,0.0,0.492275,T: 2000R出最稳四件套，对公账户，一手开卡 ，交易所实名，微信支付宝可绑 || 十四个裸条女，都是本人私放的，带资料，可操作空间很大 || 出亿信云审核后台账号一个，一共三百多条客户数据。 | D: 三百多条数据，其中九十八条客户未提交只能看见姓名 手机号 身份证号 其余两百多条都能看见客户全部资料包含姓名 身份证号 QQ 号微信号 银行卡号 银行卡预留手机号码 身份证正反加手持 淘宝购物记录加收货地址 运营商详单和通讯录 || [商品] 银行卡一张+身份证正反面照片+实名手机卡一张+U盾或者密码器(有需要可提供手持照片) [价格] 2000元 一套，购买请拍20份 | C: 实体物品 || 技术技能 || 数据资源,"T: 完美四件套1300,一手开卡,质保60天 | D: 不可控的司法冻结不在售后范围) 商品：银行卡+身份证正反面照片或复印件+实名手机卡一张+U盾或者密码器. 标价为15美元折合人民币100元 纯四件套请拍13份 可指定银行 质量有保证（不会出现黑吃黑，取现，网银转账） 都是自己人带队去银行开卡的，卡主主要为学生，出现资金问题可追回 || 通常情况下，四件套的质保期为一到两个月，意思是一个月内无条件质保，两个月内尽全力协助，超过二个月不做任何主观承诺 | C: 实体物品",reviewed,uncertain,codex_step5_v3_corrected_cleanup_20260420,"Corrected Step 5 v3 cleanup: calibrated-BGE four-piece template clique with no shared contact or PGP anchor. Public template reuse is plausible, but without seller-specific counter-anchors the edge is not reliable enough to freeze as positive or negative supervision.",cluster2_fourpiece_template_clique_a,step11_calibrated_bge_cluster22_v3|fourpiece_template_clique_a,22,zh_target_strict_core_calibrated_bge_m3_thr_0500000_c0022,0.538783,0.5,core_calibrated_bge_m3,negative_candidate,medium,active_frozen_labels,reviewed,uncertain,codex_step5_v3_cleanup_20260416,"Step 5 v3 targeted cleanup: dense four-piece template-copy clique with no shared contact or PGP anchor. Public template reuse is plausible, but the edge is not reliable enough to freeze as either positive or negative supervision.",rereview_existing_frozen_label
20,text_clone_primary,market_item.xlsx|中文暗网交易市场|seller_raw:354172||market_item.xlsx|中文暗网交易市场|seller_raw:375149,sockpuppet_primary,high,step11_calibrated_bge_cluster22_v3|fourpiece_template_clique_a,0.51815,different_alias,true,中文暗网交易市场,中文暗网交易市场,354172,375149,,,shared_description_count_capped=2,profile_category_jaccard=0.5,,0.232123,0.68284,"T: 火币,okex,可盈可乐,otcbtc等交易所高级实名认证 || 完美四件套1500，一手开卡，可定制，质保60天 | D: (不可控的司法冻结不在售后范围) 商品：银行卡+身份证正反面照片+实名手机卡一张+U盾或者密码器(有需要可提供手持照片) 标价为15美元折合人民币100元 纯四件套请拍15份 需绑定支付宝过人脸加拍4份 需交易所高级实名认证加拍5份(交易所任选一个) 可指定银行指定运营商 质保两个月过后如还需要的话可续租7份每月 || 附送身份证正反面照片和手持身份证照片 一般2个小时左右搞定 因为需要随时接验证码，请安排好时间 使用中遇到风控可付费找到实名人刷人脸 需要准备资料：注册好的账号，最好用手机号注册 也可代为注册... | C: 实体物品 || 虚拟物品","T: 完美四件套1300,一手开卡,质保60天 | D: 不可控的司法冻结不在售后范围) 商品：银行卡+身份证正反面照片或复印件+实名手机卡一张+U盾或者密码器. 标价为15美元折合人民币100元 纯四件套请拍13份 可指定银行 质量有保证（不会出现黑吃黑，取现，网银转账） 都是自己人带队去银行开卡的，卡主主要为学生，出现资金问题可追回 || 通常情况下，四件套的质保期为一到两个月，意思是一个月内无条件质保，两个月内尽全力协助，超过二个月不做任何主观承诺 | C: 实体物品",reviewed,uncertain,codex_step5_v3_corrected_cleanup_20260420,"Corrected Step 5 v3 cleanup: calibrated-BGE four-piece template clique with no shared contact or PGP anchor. Public template reuse is plausible, but without seller-specific counter-anchors the edge is not reliable enough to freeze as positive or negative supervision.",cluster2_fourpiece_template_clique_a,step11_calibrated_bge_cluster22_v3|fourpiece_template_clique_a,22,zh_target_strict_core_calibrated_bge_m3_thr_0500000_c0022,0.51815,0.5,core_calibrated_bge_m3,negative_candidate,medium,active_review_queue,pending,,,,review_existing_pending_queue_row
21,text_clone_primary,market_item.xlsx|茶马古道|seller_raw:/shop/442431||market_item.xlsx|茶马古道|seller_raw:/shop/462494,sockpuppet_primary,high,step11_calibrated_bge_cluster3_v3|anchor_plus_expansion_rereview,0.727433,different_alias,true,茶马古道,茶马古道,/shop/442431,/shop/462494,,,shared_description_count_capped=1,profile_category_jaccard=1.0,,0.551869,0.763174,"T: 纯 四 件 套 | D: 15美金=100人民币，1份=100人民币，请根据需求拍下 纯四件套：银行卡+身份证正反面照片+实名预留手机卡,U盾 价格:2000元/套， 需实名注册微信加500 实名注册支付宝加500 实名注册交易平台加500 带手机加800 请根据需要拍下，留言写下具体要求 || 诚信出售四件套卡盾，可实名制注册微信支付宝，交易所等，诚信出售正规实名制手机卡，一手靠谱货源，保质30天，快递包装，绝对安全 | C: 实物 | Contact: telegram:xc1680",T: 出售 纯四件套 | D: 15美金=100人民币，1份=100人民币，请根据需求拍下 纯四件套：价格：3500元/套 需实名注册微信加500 实名注册支付宝加500 实名注册交易平台加500 带手机加800 60天质保期内出现挂失.销户等情况，由卖家进行补发，如卡内有资金导致买家损失，由卖家进行全权负责追回，并赔偿损失 || TG:MZ121230 诚信出售四件套卡盾，可实名制注册微信支付宝，交易所等，诚信出售正规实名制手机卡，一手靠谱货源，保质 两个月，快递包装，绝对安全 | C: 实物 | Contact: telegram:mz121230,reviewed,negative,codex_step5_v3_corrected_cleanup_20260420,"Corrected Step 5 v3 cleanup: calibrated-BGE anchor-plus-expansion edge outside the protected /shop/444654 <-> /shop/459141 shared-Telegram anchor. The queued edge has no shared contact/PGP and is supported by distinct seller Telegram anchors plus reusable four-piece copy, so treat it as seller-distinct template reuse.",cluster3_anchor_plus_expansion,step11_calibrated_bge_cluster3_v3|anchor_plus_expansion_rereview,3,zh_target_strict_core_calibrated_bge_m3_thr_0500000_c0003,0.727433,0.5,core_calibrated_bge_m3,uncertain_candidate,medium,active_review_queue,pending,,,,review_existing_pending_queue_row
22,text_clone_primary,market_item.xlsx|茶马古道|seller_raw:/shop/442431||market_item.xlsx|茶马古道|seller_raw:/shop/444654,sockpuppet_primary,high,step11_calibrated_bge_cluster3_v3|anchor_plus_expansion_rereview,0.717055,different_alias,true,茶马古道,茶马古道,/shop/442431,/shop/444654,,,shared_description_count_capped=3,profile_category_jaccard=1.0,,0.870189,0.765608,"T: 纯 四 件 套 | D: 15美金=100人民币，1份=100人民币，请根据需求拍下 纯四件套：银行卡+身份证正反面照片+实名预留手机卡,U盾 价格:2000元/套， 需实名注册微信加500 实名注册支付宝加500 实名注册交易平台加500 带手机加800 请根据需要拍下，留言写下具体要求 || 诚信出售四件套卡盾，可实名制注册微信支付宝，交易所等，诚信出售正规实名制手机卡，一手靠谱货源，保质30天，快递包装，绝对安全 | C: 实物 | Contact: telegram:xc1680",T: 出 四 件 套 | D: 15美金=100人民币，1份=100人民币，请根据需求拍下 纯四件套：银行卡+身份证正反面照片+实名预留手机卡+U盾 价格:2000元/一套 需实名注册微信加500 实名注册支付宝加500 实名注册交易平台加500 带手机加800 请根据需要拍下，留言写下具体要求 || 质量绝对有保障的，安全可靠，每一张卡保额3W人民币 ，司法冻结不保，正常的风控问题需要收取总额度的百分之30 | C: 实物 | Contact: telegram:fz12120,reviewed,negative,codex_step5_v3_corrected_cleanup_20260420,"Corrected Step 5 v3 cleanup: calibrated-BGE anchor-plus-expansion edge outside the protected /shop/444654 <-> /shop/459141 shared-Telegram anchor. The queued edge has no shared contact/PGP and is supported by distinct seller Telegram anchors plus reusable four-piece copy, so treat it as seller-distinct template reuse.",cluster3_anchor_plus_expansion,step11_calibrated_bge_cluster3_v3|anchor_plus_expansion_rereview,3,zh_target_strict_core_calibrated_bge_m3_thr_0500000_c0003,0.717055,0.5,core_calibrated_bge_m3,uncertain_candidate,medium,active_review_queue,pending,,,,review_existing_pending_queue_row
23,text_clone_primary,market_item.xlsx|茶马古道|seller_raw:/shop/442431||market_item.xlsx|茶马古道|seller_raw:/shop/454420,sockpuppet_primary,high,step11_calibrated_bge_cluster3_v3|anchor_plus_expansion_rereview,0.690393,different_alias,true,茶马古道,茶马古道,/shop/442431,/shop/454420,,,shared_description_count_capped=2,profile_category_jaccard=0.333333,,0.284527,0.35399,"T: 纯 四 件 套 | D: 15美金=100人民币，1份=100人民币，请根据需求拍下 纯四件套：银行卡+身份证正反面照片+实名预留手机卡,U盾 价格:2000元/套， 需实名注册微信加500 实名注册支付宝加500 实名注册交易平台加500 带手机加800 请根据需要拍下，留言写下具体要求 || 诚信出售四件套卡盾，可实名制注册微信支付宝，交易所等，诚信出售正规实名制手机卡，一手靠谱货源，保质30天，快递包装，绝对安全 | C: 实物 | Contact: telegram:xc1680",T: 3网手机卡移动电信 || 大量出售QP个人信息 || 出售一手四件套 | D: 纯技术团队需要的老板带诚意来，目前现有的数据如下 1.出一手渗透qp数据，年底了手上的台子出完明年再战 2.出一手个人信息数据可筛男女，目前有多种女性数据 3.出台湾网购数据，订房数据等其他台湾数据，可指定国外网站渗透脱裤 4.出一批证券数据，月内一手数据 5.如需其他数据可TG联系前来探讨，诚信交友 和气生财 || 15美金=100人民币，1份=100人民币. 银行卡+身份证正反面照片+实名预留手机卡+U盾 价格:4500元/一套 需实名注册微信加500 实名注册支付宝加500 另出售三件套，银行卡＋手机卡... | C: 四件套号卡 || 虚拟 || 实物 | Contact: telegram:zx3695,reviewed,negative,codex_step5_v3_corrected_cleanup_20260420,"Corrected Step 5 v3 cleanup: calibrated-BGE anchor-plus-expansion edge outside the protected /shop/444654 <-> /shop/459141 shared-Telegram anchor. The queued edge has no shared contact/PGP and is supported by distinct seller Telegram anchors plus reusable four-piece copy, so treat it as seller-distinct template reuse.",cluster3_anchor_plus_expansion,step11_calibrated_bge_cluster3_v3|anchor_plus_expansion_rereview,3,zh_target_strict_core_calibrated_bge_m3_thr_0500000_c0003,0.690393,0.5,core_calibrated_bge_m3,uncertain_candidate,medium,active_review_queue,pending,,,,review_existing_pending_queue_row
24,text_clone_primary,market_item.xlsx|茶马古道|seller_raw:/shop/444654||market_item.xlsx|茶马古道|seller_raw:/shop/454420,sockpuppet_primary,high,step11_calibrated_bge_cluster3_v3|anchor_plus_expansion_rereview,0.690393,different_alias,true,茶马古道,茶马古道,/shop/444654,/shop/454420,,,shared_description_count_capped=2,profile_category_jaccard=0.333333,,0.245547,0.495571,T: 出 四 件 套 | D: 15美金=100人民币，1份=100人民币，请根据需求拍下 纯四件套：银行卡+身份证正反面照片+实名预留手机卡+U盾 价格:2000元/一套 需实名注册微信加500 实名注册支付宝加500 实名注册交易平台加500 带手机加800 请根据需要拍下，留言写下具体要求 || 质量绝对有保障的，安全可靠，每一张卡保额3W人民币 ，司法冻结不保，正常的风控问题需要收取总额度的百分之30 | C: 实物 | Contact: telegram:fz12120,T: 3网手机卡移动电信 || 大量出售QP个人信息 || 出售一手四件套 | D: 纯技术团队需要的老板带诚意来，目前现有的数据如下 1.出一手渗透qp数据，年底了手上的台子出完明年再战 2.出一手个人信息数据可筛男女，目前有多种女性数据 3.出台湾网购数据，订房数据等其他台湾数据，可指定国外网站渗透脱裤 4.出一批证券数据，月内一手数据 5.如需其他数据可TG联系前来探讨，诚信交友 和气生财 || 15美金=100人民币，1份=100人民币. 银行卡+身份证正反面照片+实名预留手机卡+U盾 价格:4500元/一套 需实名注册微信加500 实名注册支付宝加500 另出售三件套，银行卡＋手机卡... | C: 四件套号卡 || 虚拟 || 实物 | Contact: telegram:zx3695,reviewed,negative,codex_step5_v3_corrected_cleanup_20260420,"Corrected Step 5 v3 cleanup: calibrated-BGE anchor-plus-expansion edge outside the protected /shop/444654 <-> /shop/459141 shared-Telegram anchor. The queued edge has no shared contact/PGP and is supported by distinct seller Telegram anchors plus reusable four-piece copy, so treat it as seller-distinct template reuse.",cluster3_anchor_plus_expansion,step11_calibrated_bge_cluster3_v3|anchor_plus_expansion_rereview,3,zh_target_strict_core_calibrated_bge_m3_thr_0500000_c0003,0.690393,0.5,core_calibrated_bge_m3,uncertain_candidate,medium,active_frozen_labels,reviewed,negative,codex_step5_v3_cleanup_20260416,"Step 5 v3 targeted cleanup: same-market four-piece template overlap, but seller-specific Telegram anchors differ (fz12120 vs zx3695). Treat as a seller-distinct template-copy negative.",rereview_existing_frozen_label
25,semantic_structural,market_item.xlsx|茶马古道|seller_raw:/shop/442431||market_item.xlsx|茶马古道|seller_raw:/shop/459141,sockpuppet_primary,high,step11_calibrated_bge_cluster3_v3|anchor_plus_expansion_rereview,0.598096,different_alias,true,茶马古道,茶马古道,/shop/442431,/shop/459141,,,,profile_category_jaccard=1.0,,0.498276,0.759815,"T: 纯 四 件 套 | D: 15美金=100人民币，1份=100人民币，请根据需求拍下 纯四件套：银行卡+身份证正反面照片+实名预留手机卡,U盾 价格:2000元/套， 需实名注册微信加500 实名注册支付宝加500 实名注册交易平台加500 带手机加800 请根据需要拍下，留言写下具体要求 || 诚信出售四件套卡盾，可实名制注册微信支付宝，交易所等，诚信出售正规实名制手机卡，一手靠谱货源，保质30天，快递包装，绝对安全 | C: 实物 | Contact: telegram:xc1680","T: 出售诚信四件套 | D: 15美金=100人民币，1份=100人民币，银行卡U盾，身份证正反面照片复印件，实名预留手机卡， 价格：2000元/套,需实名注册微信加500,实名注册支付宝加500, 实名注册交易平台加500,带手机加800 || 客户签收开始起30天质保期内出现挂失.销户等情况，由卖家进行补发，如卡内有资金导致买家损失，由卖家进行全权负责追回，并赔偿损失 | C: 实物 | Contact: telegram:fz12120",reviewed,negative,codex_step5_v3_corrected_cleanup_20260420,"Corrected Step 5 v3 cleanup: calibrated-BGE anchor-plus-expansion edge outside the protected /shop/444654 <-> /shop/459141 shared-Telegram anchor. The queued edge has no shared contact/PGP and is supported by distinct seller Telegram anchors plus reusable four-piece copy, so treat it as seller-distinct template reuse.",cluster3_anchor_plus_expansion,step11_calibrated_bge_cluster3_v3|anchor_plus_expansion_rereview,3,zh_target_strict_core_calibrated_bge_m3_thr_0500000_c0003,0.598096,0.5,core_calibrated_bge_m3,uncertain_candidate,medium,active_review_queue,pending,,,,review_existing_pending_queue_row
26,semantic_structural,market_item.xlsx|茶马古道|seller_raw:/shop/442431||market_item.xlsx|茶马古道|seller_raw:/shop/462498,sockpuppet_primary,high,step11_calibrated_bge_cluster3_v3|anchor_plus_expansion_rereview,0.598096,different_alias,true,茶马古道,茶马古道,/shop/442431,/shop/462498,,,,,,0.781185,0.514584,"T: 纯 四 件 套 | D: 15美金=100人民币，1份=100人民币，请根据需求拍下 纯四件套：银行卡+身份证正反面照片+实名预留手机卡,U盾 价格:2000元/套， 需实名注册微信加500 实名注册支付宝加500 实名注册交易平台加500 带手机加800 请根据需要拍下，留言写下具体要求 || 诚信出售四件套卡盾，可实名制注册微信支付宝，交易所等，诚信出售正规实名制手机卡，一手靠谱货源，保质30天，快递包装，绝对安全 | C: 实物 | Contact: telegram:xc1680",T: 出 售 四件套 | D: 15美金=100人民币，1份=100人民币，请根据需求拍下 纯四件套：银行卡+身份证正反面照片+实名预留手机卡+U盾或者密码器 价格：2500元/套 需实名注册微信加500 实名注册支付宝加500 实名注册交易平台加500 带手机加700 请根据需要拍下，留言写下具体要求（什么银行什么交易平台等等） 严打期间，每次接单不要超过五套，谢谢各位老板的理解 || 质量绝对有保障的，安全可靠，每一张卡保额2W人民币 ，司法冻结不保，正常的风控问题需要收取总额度的百分之30 [说明] 拍下后会尽快安排发货，请买家务必签... | C: 服务 | Contact: telegram:ml12123,reviewed,negative,codex_step5_v3_corrected_cleanup_20260420,"Corrected Step 5 v3 cleanup: calibrated-BGE anchor-plus-expansion edge outside the protected /shop/444654 <-> /shop/459141 shared-Telegram anchor. The queued edge has no shared contact/PGP and is supported by distinct seller Telegram anchors plus reusable four-piece copy, so treat it as seller-distinct template reuse.",cluster3_anchor_plus_expansion,step11_calibrated_bge_cluster3_v3|anchor_plus_expansion_rereview,3,zh_target_strict_core_calibrated_bge_m3_thr_0500000_c0003,0.598096,0.5,core_calibrated_bge_m3,uncertain_candidate,medium,active_frozen_labels,reviewed,positive,codex_manual_v2_20260326,"Same-market four-piece-set listing reuses the same pricing grid, ordering instructions, and fulfillment wording; strong seller-level reuse.",rereview_existing_frozen_label
27,semantic_structural,market_item.xlsx|茶马古道|seller_raw:/shop/444654||market_item.xlsx|茶马古道|seller_raw:/shop/462494,sockpuppet_primary,high,step11_calibrated_bge_cluster3_v3|anchor_plus_expansion_rereview,0.598096,different_alias,true,茶马古道,茶马古道,/shop/444654,/shop/462494,,,,profile_category_jaccard=1.0,,0.442724,0.995862,T: 出 四 件 套 | D: 15美金=100人民币，1份=100人民币，请根据需求拍下 纯四件套：银行卡+身份证正反面照片+实名预留手机卡+U盾 价格:2000元/一套 需实名注册微信加500 实名注册支付宝加500 实名注册交易平台加500 带手机加800 请根据需要拍下，留言写下具体要求 || 质量绝对有保障的，安全可靠，每一张卡保额3W人民币 ，司法冻结不保，正常的风控问题需要收取总额度的百分之30 | C: 实物 | Contact: telegram:fz12120,T: 出售 纯四件套 | D: 15美金=100人民币，1份=100人民币，请根据需求拍下 纯四件套：价格：3500元/套 需实名注册微信加500 实名注册支付宝加500 实名注册交易平台加500 带手机加800 60天质保期内出现挂失.销户等情况，由卖家进行补发，如卡内有资金导致买家损失，由卖家进行全权负责追回，并赔偿损失 || TG:MZ121230 诚信出售四件套卡盾，可实名制注册微信支付宝，交易所等，诚信出售正规实名制手机卡，一手靠谱货源，保质 两个月，快递包装，绝对安全 | C: 实物 | Contact: telegram:mz121230,reviewed,negative,codex_step5_v3_corrected_cleanup_20260420,"Corrected Step 5 v3 cleanup: calibrated-BGE anchor-plus-expansion edge outside the protected /shop/444654 <-> /shop/459141 shared-Telegram anchor. The queued edge has no shared contact/PGP and is supported by distinct seller Telegram anchors plus reusable four-piece copy, so treat it as seller-distinct template reuse.",cluster3_anchor_plus_expansion,step11_calibrated_bge_cluster3_v3|anchor_plus_expansion_rereview,3,zh_target_strict_core_calibrated_bge_m3_thr_0500000_c0003,0.598096,0.5,core_calibrated_bge_m3,uncertain_candidate,medium,active_review_queue,pending,,,,review_existing_pending_queue_row
28,semantic_structural,market_item.xlsx|茶马古道|seller_raw:/shop/459141||market_item.xlsx|茶马古道|seller_raw:/shop/462498,sockpuppet_primary,high,step11_calibrated_bge_cluster3_v3|anchor_plus_expansion_rereview,0.598096,different_alias,true,茶马古道,茶马古道,/shop/459141,/shop/462498,,,,,,0.343362,0.741225,"T: 出售诚信四件套 | D: 15美金=100人民币，1份=100人民币，银行卡U盾，身份证正反面照片复印件，实名预留手机卡， 价格：2000元/套,需实名注册微信加500,实名注册支付宝加500, 实名注册交易平台加500,带手机加800 || 客户签收开始起30天质保期内出现挂失.销户等情况，由卖家进行补发，如卡内有资金导致买家损失，由卖家进行全权负责追回，并赔偿损失 | C: 实物 | Contact: telegram:fz12120",T: 出 售 四件套 | D: 15美金=100人民币，1份=100人民币，请根据需求拍下 纯四件套：银行卡+身份证正反面照片+实名预留手机卡+U盾或者密码器 价格：2500元/套 需实名注册微信加500 实名注册支付宝加500 实名注册交易平台加500 带手机加700 请根据需要拍下，留言写下具体要求（什么银行什么交易平台等等） 严打期间，每次接单不要超过五套，谢谢各位老板的理解 || 质量绝对有保障的，安全可靠，每一张卡保额2W人民币 ，司法冻结不保，正常的风控问题需要收取总额度的百分之30 [说明] 拍下后会尽快安排发货，请买家务必签... | C: 服务 | Contact: telegram:ml12123,reviewed,negative,codex_step5_v3_corrected_cleanup_20260420,"Corrected Step 5 v3 cleanup: calibrated-BGE anchor-plus-expansion edge outside the protected /shop/444654 <-> /shop/459141 shared-Telegram anchor. The queued edge has no shared contact/PGP and is supported by distinct seller Telegram anchors plus reusable four-piece copy, so treat it as seller-distinct template reuse.",cluster3_anchor_plus_expansion,step11_calibrated_bge_cluster3_v3|anchor_plus_expansion_rereview,3,zh_target_strict_core_calibrated_bge_m3_thr_0500000_c0003,0.598096,0.5,core_calibrated_bge_m3,uncertain_candidate,medium,active_review_queue,pending,,,,review_existing_pending_queue_row
29,semantic_structural,market_item.xlsx|茶马古道|seller_raw:/shop/462494||market_item.xlsx|茶马古道|seller_raw:/shop/462498,sockpuppet_primary,high,step11_calibrated_bge_cluster3_v3|anchor_plus_expansion_rereview,0.598096,different_alias,true,茶马古道,茶马古道,/shop/462494,/shop/462498,,,,,,0.414864,0.744424,T: 出售 纯四件套 | D: 15美金=100人民币，1份=100人民币，请根据需求拍下 纯四件套：价格：3500元/套 需实名注册微信加500 实名注册支付宝加500 实名注册交易平台加500 带手机加800 60天质保期内出现挂失.销户等情况，由卖家进行补发，如卡内有资金导致买家损失，由卖家进行全权负责追回，并赔偿损失 || TG:MZ121230 诚信出售四件套卡盾，可实名制注册微信支付宝，交易所等，诚信出售正规实名制手机卡，一手靠谱货源，保质 两个月，快递包装，绝对安全 | C: 实物 | Contact: telegram:mz121230,T: 出 售 四件套 | D: 15美金=100人民币，1份=100人民币，请根据需求拍下 纯四件套：银行卡+身份证正反面照片+实名预留手机卡+U盾或者密码器 价格：2500元/套 需实名注册微信加500 实名注册支付宝加500 实名注册交易平台加500 带手机加700 请根据需要拍下，留言写下具体要求（什么银行什么交易平台等等） 严打期间，每次接单不要超过五套，谢谢各位老板的理解 || 质量绝对有保障的，安全可靠，每一张卡保额2W人民币 ，司法冻结不保，正常的风控问题需要收取总额度的百分之30 [说明] 拍下后会尽快安排发货，请买家务必签... | C: 服务 | Contact: telegram:ml12123,reviewed,negative,codex_step5_v3_corrected_cleanup_20260420,"Corrected Step 5 v3 cleanup: calibrated-BGE anchor-plus-expansion edge outside the protected /shop/444654 <-> /shop/459141 shared-Telegram anchor. The queued edge has no shared contact/PGP and is supported by distinct seller Telegram anchors plus reusable four-piece copy, so treat it as seller-distinct template reuse.",cluster3_anchor_plus_expansion,step11_calibrated_bge_cluster3_v3|anchor_plus_expansion_rereview,3,zh_target_strict_core_calibrated_bge_m3_thr_0500000_c0003,0.598096,0.5,core_calibrated_bge_m3,uncertain_candidate,medium,active_review_queue,pending,,,,review_existing_pending_queue_row
30,semantic_structural,market_item.xlsx|茶马古道|seller_raw:/shop/403489||market_item.xlsx|茶马古道|seller_raw:/shop/459141,sockpuppet_primary,high,step11_calibrated_bge_cluster3_v3|anchor_plus_expansion_rereview,0.592568,different_alias,true,茶马古道,茶马古道,/shop/403489,/shop/459141,,,,,,0.357551,0.741817,"T: 出售四件套卡盾，出售正规实名制手机卡，一手靠谱货源，保质 | D: 质量绝对有保障,安全可靠，每一张卡保额5W人民币 ，司法冻结不保，正常的风控问题需要收取总额度的百分之30 [说明] 拍下后会尽快安排发货 出售正规手机卡联通电信移动，实名制，500一张，5张起发，有需要的直接下单，留言需要什么手机卡 || 请根据需求拍下 标准四件套：银行卡+身份证正反面照片+实名预留手机卡+U盾或者密码器 价格：5000元/套 需实名注册微信加800 实名注册支付宝加800 实名注册交易平台加1000 手机(安卓)加800 请根据需要拍下 | C: 四件套号卡 | Contact: telegram:jinzi31","T: 出售诚信四件套 | D: 15美金=100人民币，1份=100人民币，银行卡U盾，身份证正反面照片复印件，实名预留手机卡， 价格：2000元/套,需实名注册微信加500,实名注册支付宝加500, 实名注册交易平台加500,带手机加800 || 客户签收开始起30天质保期内出现挂失.销户等情况，由卖家进行补发，如卡内有资金导致买家损失，由卖家进行全权负责追回，并赔偿损失 | C: 实物 | Contact: telegram:fz12120",reviewed,negative,codex_step5_v3_corrected_cleanup_20260420,"Corrected Step 5 v3 cleanup: calibrated-BGE anchor-plus-expansion edge outside the protected /shop/444654 <-> /shop/459141 shared-Telegram anchor. The queued edge has no shared contact/PGP and is supported by distinct seller Telegram anchors plus reusable four-piece copy, so treat it as seller-distinct template reuse.",cluster3_anchor_plus_expansion,step11_calibrated_bge_cluster3_v3|anchor_plus_expansion_rereview,3,zh_target_strict_core_calibrated_bge_m3_thr_0500000_c0003,0.592568,0.5,core_calibrated_bge_m3,uncertain_candidate,medium,active_review_queue,pending,,,,review_existing_pending_queue_row
31,semantic_structural,market_item.xlsx|茶马古道|seller_raw:/shop/403489||market_item.xlsx|茶马古道|seller_raw:/shop/462494,sockpuppet_primary,high,step11_calibrated_bge_cluster3_v3|anchor_plus_expansion_rereview,0.592568,different_alias,true,茶马古道,茶马古道,/shop/403489,/shop/462494,,,,,,0.444672,0.743166,"T: 出售四件套卡盾，出售正规实名制手机卡，一手靠谱货源，保质 | D: 质量绝对有保障,安全可靠，每一张卡保额5W人民币 ，司法冻结不保，正常的风控问题需要收取总额度的百分之30 [说明] 拍下后会尽快安排发货 出售正规手机卡联通电信移动，实名制，500一张，5张起发，有需要的直接下单，留言需要什么手机卡 || 请根据需求拍下 标准四件套：银行卡+身份证正反面照片+实名预留手机卡+U盾或者密码器 价格：5000元/套 需实名注册微信加800 实名注册支付宝加800 实名注册交易平台加1000 手机(安卓)加800 请根据需要拍下 | C: 四件套号卡 | Contact: telegram:jinzi31",T: 出售 纯四件套 | D: 15美金=100人民币，1份=100人民币，请根据需求拍下 纯四件套：价格：3500元/套 需实名注册微信加500 实名注册支付宝加500 实名注册交易平台加500 带手机加800 60天质保期内出现挂失.销户等情况，由卖家进行补发，如卡内有资金导致买家损失，由卖家进行全权负责追回，并赔偿损失 || TG:MZ121230 诚信出售四件套卡盾，可实名制注册微信支付宝，交易所等，诚信出售正规实名制手机卡，一手靠谱货源，保质 两个月，快递包装，绝对安全 | C: 实物 | Contact: telegram:mz121230,reviewed,negative,codex_step5_v3_corrected_cleanup_20260420,"Corrected Step 5 v3 cleanup: calibrated-BGE anchor-plus-expansion edge outside the protected /shop/444654 <-> /shop/459141 shared-Telegram anchor. The queued edge has no shared contact/PGP and is supported by distinct seller Telegram anchors plus reusable four-piece copy, so treat it as seller-distinct template reuse.",cluster3_anchor_plus_expansion,step11_calibrated_bge_cluster3_v3|anchor_plus_expansion_rereview,3,zh_target_strict_core_calibrated_bge_m3_thr_0500000_c0003,0.592568,0.5,core_calibrated_bge_m3,uncertain_candidate,medium,active_review_queue,pending,,,,review_existing_pending_queue_row
32,semantic_structural,market_item.xlsx|茶马古道|seller_raw:/shop/459141||market_item.xlsx|茶马古道|seller_raw:/shop/462494,sockpuppet_primary,high,step11_calibrated_bge_cluster3_v3|anchor_plus_expansion_rereview,0.58015,different_alias,true,茶马古道,茶马古道,/shop/459141,/shop/462494,,,,profile_category_jaccard=1.0,,0.722959,0.996227,"T: 出售诚信四件套 | D: 15美金=100人民币，1份=100人民币，银行卡U盾，身份证正反面照片复印件，实名预留手机卡， 价格：2000元/套,需实名注册微信加500,实名注册支付宝加500, 实名注册交易平台加500,带手机加800 || 客户签收开始起30天质保期内出现挂失.销户等情况，由卖家进行补发，如卡内有资金导致买家损失，由卖家进行全权负责追回，并赔偿损失 | C: 实物 | Contact: telegram:fz12120",T: 出售 纯四件套 | D: 15美金=100人民币，1份=100人民币，请根据需求拍下 纯四件套：价格：3500元/套 需实名注册微信加500 实名注册支付宝加500 实名注册交易平台加500 带手机加800 60天质保期内出现挂失.销户等情况，由卖家进行补发，如卡内有资金导致买家损失，由卖家进行全权负责追回，并赔偿损失 || TG:MZ121230 诚信出售四件套卡盾，可实名制注册微信支付宝，交易所等，诚信出售正规实名制手机卡，一手靠谱货源，保质 两个月，快递包装，绝对安全 | C: 实物 | Contact: telegram:mz121230,reviewed,negative,codex_step5_v3_corrected_cleanup_20260420,"Corrected Step 5 v3 cleanup: calibrated-BGE anchor-plus-expansion edge outside the protected /shop/444654 <-> /shop/459141 shared-Telegram anchor. The queued edge has no shared contact/PGP and is supported by distinct seller Telegram anchors plus reusable four-piece copy, so treat it as seller-distinct template reuse.",cluster3_anchor_plus_expansion,step11_calibrated_bge_cluster3_v3|anchor_plus_expansion_rereview,3,zh_target_strict_core_calibrated_bge_m3_thr_0500000_c0003,0.58015,0.5,core_calibrated_bge_m3,uncertain_candidate,medium,active_frozen_labels,reviewed,positive,codex_manual_v2_20260326,"Same-market four-piece-set listing repeats the same pricing grid, guarantee terms, and compensation wording.",rereview_existing_frozen_label
33,text_clone_primary,market_item.xlsx|中文暗网交易市场|seller_raw:238938||market_item.xlsx|中文暗网交易市场|seller_raw:331162,sockpuppet_primary,high,step11_calibrated_bge_cluster34_v3|fourpiece_template_clique_b,0.562745,different_alias,true,中文暗网交易市场,中文暗网交易市场,238938,331162,,,shared_description_count_capped=1,profile_category_jaccard=1.0,,0.0,0.867849,"T: 1800 四件套。洗钱专业黑卡，一手开卡渠道，开卡源可控，无条件售后两个月 || 专业团队代办四件套,为你解决一切安全隐患和后顾之忧。 | D: 1.标准四件套：银行卡+身份证正反面照片+实名预留手机卡+U盾或者密码器 价格：普通四件套1800元/套 （拍18件商品） 2.需要认证支付宝或微信的每样加200（加拍2件商品） 3.需要高级火币网认证加300（加拍3样商品） 4.开通国际漫游的加100 （加拍1件商品） 5.微信加一件商品加100（加拍一件商品） [售后] 1.所有出售的商品售后服务期为60天 || 或者 密码器一个 价格说明： -1800元 一套，购买请拍18份数. 火币号加3份，300一个 支付宝加2份，200一个 微信加2份， 200... | C: 实体物品",T: 1500R出最稳四件套，一手开卡 各种定制！！！！！保质期两个月！ | D: 2.银行可以指定(指定银行暂只支持 中，农，建，工，邮政，信用社，交通，中信)，实名手机卡也可以指定运营商 || [商品] 银行卡一张+身份证正反面照片+实名手机卡一张+U盾或者密码器 [价格] 1500元 一套，购买请拍15份 | C: 实体物品,reviewed,uncertain,codex_step5_v3_corrected_cleanup_20260420,"Corrected Step 5 v3 cleanup: calibrated-BGE four-piece template hard case with no shared contact or PGP anchor. The copy is consistent with public template reuse, but the evidence is still insufficient to assert either same-controller or seller-distinct supervision.",cluster4_fourpiece_template_clique_b,step11_calibrated_bge_cluster34_v3|fourpiece_template_clique_b,34,zh_target_strict_core_calibrated_bge_m3_thr_0500000_c0034,0.562745,0.5,core_calibrated_bge_m3,negative_candidate,medium,active_review_queue,pending,,,,review_existing_pending_queue_row
34,text_clone_primary,market_item.xlsx|中文暗网交易市场|seller_raw:238938||market_item.xlsx|茶马古道|seller_raw:/shop/2417,sockpuppet_primary,high,step11_calibrated_bge_cluster34_v3|fourpiece_template_clique_b,0.562745,different_alias,false,中文暗网交易市场,茶马古道,238938,/shop/2417,,,shared_description_count_capped=2,,,0.0,0.491503,"T: 1800 四件套。洗钱专业黑卡，一手开卡渠道，开卡源可控，无条件售后两个月 || 专业团队代办四件套,为你解决一切安全隐患和后顾之忧。 | D: 1.标准四件套：银行卡+身份证正反面照片+实名预留手机卡+U盾或者密码器 价格：普通四件套1800元/套 （拍18件商品） 2.需要认证支付宝或微信的每样加200（加拍2件商品） 3.需要高级火币网认证加300（加拍3样商品） 4.开通国际漫游的加100 （加拍1件商品） 5.微信加一件商品加100（加拍一件商品） [售后] 1.所有出售的商品售后服务期为60天 || 或者 密码器一个 价格说明： -1800元 一套，购买请拍18份数. 火币号加3份，300一个 支付宝加2份，200一个 微信加2份， 200... | C: 实体物品",T: 900RMB出银行卡四件套绝对一手货源质保60天可定制 || 900最后一批，银行卡四件套，一手货源，大量现货 | D: 商品包括：银行卡+身份证正反面照片+实名手机卡一张+U盾或者密码器 价格900RMB 如需开通国际漫游 可以指定银行开卡(指定银行暂只支持中，农，建，工，交通，中信、招商)，实名手机卡也可以指定运营商 银行卡质保60天，60天内保手机卡，银行卡不会出现挂失，本人亲自带队开卡，开完卡身份证全部我保存，而且开卡人都是工厂里的工人，都能找到本人，所以卡内资金无需担心 || 用途：方便客户匿名身份，洗黑.洗白.取现，加强隐蔽， 方便走账，过账，做生意，汇款/外汇，送礼各种商业用途，保护自己的隐私 | C: 四件套号卡,reviewed,uncertain,codex_step5_v3_corrected_cleanup_20260420,"Corrected Step 5 v3 cleanup: calibrated-BGE four-piece template hard case with no shared contact or PGP anchor. The copy is consistent with public template reuse, but the evidence is still insufficient to assert either same-controller or seller-distinct supervision.",cluster4_fourpiece_template_clique_b,step11_calibrated_bge_cluster34_v3|fourpiece_template_clique_b,34,zh_target_strict_core_calibrated_bge_m3_thr_0500000_c0034,0.562745,0.5,core_calibrated_bge_m3,negative_candidate,medium,active_frozen_labels,reviewed,uncertain,codex_step5_v3_cleanup_20260416,"Step 5 v3 targeted cleanup: dense four-piece template-copy clique with no shared contact or PGP anchor. Public template reuse is plausible, but the edge is not reliable enough to freeze as either positive or negative supervision.",rereview_existing_frozen_label
35,text_clone_primary,market_item.xlsx|中文暗网交易市场|seller_raw:331162||market_item.xlsx|茶马古道|seller_raw:/shop/2417,sockpuppet_primary,high,step11_calibrated_bge_cluster34_v3|fourpiece_template_clique_b,0.562745,different_alias,false,中文暗网交易市场,茶马古道,331162,/shop/2417,,,shared_description_count_capped=1,,,0.173256,0.367557,T: 1500R出最稳四件套，一手开卡 各种定制！！！！！保质期两个月！ | D: 2.银行可以指定(指定银行暂只支持 中，农，建，工，邮政，信用社，交通，中信)，实名手机卡也可以指定运营商 || [商品] 银行卡一张+身份证正反面照片+实名手机卡一张+U盾或者密码器 [价格] 1500元 一套，购买请拍15份 | C: 实体物品,T: 900RMB出银行卡四件套绝对一手货源质保60天可定制 || 900最后一批，银行卡四件套，一手货源，大量现货 | D: 商品包括：银行卡+身份证正反面照片+实名手机卡一张+U盾或者密码器 价格900RMB 如需开通国际漫游 可以指定银行开卡(指定银行暂只支持中，农，建，工，交通，中信、招商)，实名手机卡也可以指定运营商 银行卡质保60天，60天内保手机卡，银行卡不会出现挂失，本人亲自带队开卡，开完卡身份证全部我保存，而且开卡人都是工厂里的工人，都能找到本人，所以卡内资金无需担心 || 用途：方便客户匿名身份，洗黑.洗白.取现，加强隐蔽， 方便走账，过账，做生意，汇款/外汇，送礼各种商业用途，保护自己的隐私 | C: 四件套号卡,reviewed,uncertain,codex_step5_v3_corrected_cleanup_20260420,"Corrected Step 5 v3 cleanup: calibrated-BGE four-piece template hard case with no shared contact or PGP anchor. The copy is consistent with public template reuse, but the evidence is still insufficient to assert either same-controller or seller-distinct supervision.",cluster4_fourpiece_template_clique_b,step11_calibrated_bge_cluster34_v3|fourpiece_template_clique_b,34,zh_target_strict_core_calibrated_bge_m3_thr_0500000_c0034,0.562745,0.5,core_calibrated_bge_m3,negative_candidate,medium,active_frozen_labels,reviewed,uncertain,codex_step5_v3_cleanup_20260416,"Step 5 v3 targeted cleanup: dense four-piece template-copy clique with no shared contact or PGP anchor. Public template reuse is plausible, but the edge is not reliable enough to freeze as either positive or negative supervision.",rereview_existing_frozen_label
36,text_clone_primary,market_item.xlsx|中文暗网交易市场|seller_raw:50649||market_item.xlsx|茶马古道|seller_raw:/shop/2417,sockpuppet_primary,high,step11_calibrated_bge_cluster34_v3|fourpiece_template_clique_b,0.548382,different_alias,false,中文暗网交易市场,茶马古道,50649,/shop/2417,,,shared_description_count_capped=1,,,0.0,0.367719,T: 支付宝 微信账号 已实名 已过人脸 出货急速 || 洗钱 洗币 收款套餐 火币网+支付宝+微信 || 1600￥ 四件套/本人亲自带队(可定制各种服务） | D: 【火币账号价格】450元/个，高级认证账号，过人脸 【支付宝号价格】450元/个，实名过人脸 【微信号号价格】450元/个，实名过人脸 【套餐1价格】1000元，火币号+支付宝号，两号实名相同 【套餐2价格】1000元，火币号+微信账号，两号实名相同 【套餐3价格】1500元，火币号+支付宝号+微信号，三号实名相同（大力推荐） 标价一美金，为方便客户直接购买 || 一套包含如下内容： - 1张身份证正反照片（复印件，扫描件均可） 注：不备注，默认发复印件 - 1张银行卡，可指定开通哪家银行 - 1张手机卡，可... | C: 虚拟物品 || 实体物品,T: 900RMB出银行卡四件套绝对一手货源质保60天可定制 || 900最后一批，银行卡四件套，一手货源，大量现货 | D: 商品包括：银行卡+身份证正反面照片+实名手机卡一张+U盾或者密码器 价格900RMB 如需开通国际漫游 可以指定银行开卡(指定银行暂只支持中，农，建，工，交通，中信、招商)，实名手机卡也可以指定运营商 银行卡质保60天，60天内保手机卡，银行卡不会出现挂失，本人亲自带队开卡，开完卡身份证全部我保存，而且开卡人都是工厂里的工人，都能找到本人，所以卡内资金无需担心 || 用途：方便客户匿名身份，洗黑.洗白.取现，加强隐蔽， 方便走账，过账，做生意，汇款/外汇，送礼各种商业用途，保护自己的隐私 | C: 四件套号卡,reviewed,uncertain,codex_step5_v3_corrected_cleanup_20260420,"Corrected Step 5 v3 cleanup: calibrated-BGE four-piece template hard case with no shared contact or PGP anchor. The copy is consistent with public template reuse, but the evidence is still insufficient to assert either same-controller or seller-distinct supervision.",cluster4_fourpiece_template_clique_b,step11_calibrated_bge_cluster34_v3|fourpiece_template_clique_b,34,zh_target_strict_core_calibrated_bge_m3_thr_0500000_c0034,0.548382,0.5,core_calibrated_bge_m3,negative_candidate,medium,active_frozen_labels,reviewed,uncertain,codex_step5_v3_cleanup_20260416,"Step 5 v3 targeted cleanup: dense four-piece template-copy clique with no shared contact or PGP anchor. Public template reuse is plausible, but the edge is not reliable enough to freeze as either positive or negative supervision.",rereview_existing_frozen_label
37,text_clone_primary,market_item.xlsx|中文暗网交易市场|seller_raw:238938||market_item.xlsx|中文暗网交易市场|seller_raw:50649,sockpuppet_primary,high,step11_calibrated_bge_cluster34_v3|fourpiece_template_clique_b,0.51815,different_alias,true,中文暗网交易市场,中文暗网交易市场,238938,50649,,,shared_description_count_capped=2,profile_category_jaccard=0.5,,0.0,0.516403,"T: 1800 四件套。洗钱专业黑卡，一手开卡渠道，开卡源可控，无条件售后两个月 || 专业团队代办四件套,为你解决一切安全隐患和后顾之忧。 | D: 1.标准四件套：银行卡+身份证正反面照片+实名预留手机卡+U盾或者密码器 价格：普通四件套1800元/套 （拍18件商品） 2.需要认证支付宝或微信的每样加200（加拍2件商品） 3.需要高级火币网认证加300（加拍3样商品） 4.开通国际漫游的加100 （加拍1件商品） 5.微信加一件商品加100（加拍一件商品） [售后] 1.所有出售的商品售后服务期为60天 || 或者 密码器一个 价格说明： -1800元 一套，购买请拍18份数. 火币号加3份，300一个 支付宝加2份，200一个 微信加2份， 200... | C: 实体物品",T: 支付宝 微信账号 已实名 已过人脸 出货急速 || 洗钱 洗币 收款套餐 火币网+支付宝+微信 || 1600￥ 四件套/本人亲自带队(可定制各种服务） | D: 【火币账号价格】450元/个，高级认证账号，过人脸 【支付宝号价格】450元/个，实名过人脸 【微信号号价格】450元/个，实名过人脸 【套餐1价格】1000元，火币号+支付宝号，两号实名相同 【套餐2价格】1000元，火币号+微信账号，两号实名相同 【套餐3价格】1500元，火币号+支付宝号+微信号，三号实名相同（大力推荐） 标价一美金，为方便客户直接购买 || 一套包含如下内容： - 1张身份证正反照片（复印件，扫描件均可） 注：不备注，默认发复印件 - 1张银行卡，可指定开通哪家银行 - 1张手机卡，可... | C: 虚拟物品 || 实体物品,reviewed,uncertain,codex_step5_v3_corrected_cleanup_20260420,"Corrected Step 5 v3 cleanup: calibrated-BGE four-piece template hard case with no shared contact or PGP anchor. The copy is consistent with public template reuse, but the evidence is still insufficient to assert either same-controller or seller-distinct supervision.",cluster4_fourpiece_template_clique_b,step11_calibrated_bge_cluster34_v3|fourpiece_template_clique_b,34,zh_target_strict_core_calibrated_bge_m3_thr_0500000_c0034,0.51815,0.5,core_calibrated_bge_m3,negative_candidate,medium,active_review_queue,pending,,,,review_existing_pending_queue_row
