pair_uid,review_label,identity_label,evidence_type,evidence_type_confident,identity_training_eligible,step15_pool,split_name,synthetic_train_only,usable_for_supervision,usable_for_core_transfer,core_transfer_eligible,training_sample_weight,mixup_parent_left_pair_uid,mixup_parent_right_pair_uid,mixup_parent_left_pool,mixup_parent_right_pool,mixup_parent_left_evidence_type,mixup_parent_right_evidence_type,mixup_parent_left_training_sample_weight,mixup_parent_right_training_sample_weight,mixup_lambda_right
synthetic_positive_mixup::0,positive,same_controller,synthetic_train_only,0,1,en_content_train_pool,train,1,1,1,1,1.0,market_item.xlsx|Lime|seller_raw:USADRUGLORD||market_item.xlsx|agartha market|seller_raw:willson99,market_item.xlsx|Lime|seller_raw:Cityshop||market_item.xlsx|agartha market|seller_raw:chrisstore24,en_content_train_pool,en_content_train_pool,same_controller_direct_identifier,same_controller_direct_identifier,1.0,1.0,0.40146165
synthetic_positive_mixup::1,positive,same_controller,synthetic_train_only,0,1,en_content_train_pool,train,1,1,1,1,1.0,market_item.xlsx|Lime|seller_raw:BossAmerica||market_item.xlsx|agartha market|seller_raw:Bestplug,market_item.xlsx|agartha market|seller_raw:PHARMAHOUSE||market_item.xlsx|agartha market|seller_raw:fortunemaker,en_content_train_pool,en_content_train_pool,same_controller_direct_identifier,same_controller_direct_identifier,1.0,1.0,0.77664567
synthetic_positive_mixup::2,positive,same_controller,synthetic_train_only,0,1,zh_target_strict,train,1,1,1,1,0.55,market_item.xlsx|中文暗网交易市场|seller_raw:462585||market_item.xlsx|中文暗网交易市场|seller_raw:466000,market_item.xlsx|中文暗网交易市场|seller_raw:534628||market_item.xlsx|中文暗网交易市场|seller_raw:562478,zh_target_strict,zh_target_strict,same_controller_direct_identifier,same_controller_direct_identifier,0.55,0.55,0.34464036
synthetic_positive_mixup::3,positive,same_controller,synthetic_train_only,0,1,en_content_train_pool,train,1,1,1,1,1.0,market_item.xlsx|apollon market|seller_raw:DrogenTeamDE (100%)||market_item.xlsx|apollon market|seller_raw:SuperDrugs (100%),market_item.xlsx|silk road 3.1|seller_raw:Dickscloud||market_item.xlsx|silk road 3.1|seller_raw:DicksonCloud,en_content_train_pool,en_content_train_pool,same_controller_style_structural_soft,same_controller_style_structural_soft,1.0,1.0,0.98523524
synthetic_positive_mixup::4,positive,same_controller,synthetic_train_only,0,1,en_content_train_pool,train,1,1,1,1,1.0,market_item.xlsx|agartha market|seller_raw:Rodrigomendez||market_item.xlsx|agartha market|seller_raw:truu00,market_item.xlsx|agartha market|seller_raw:USADruglord||market_item.xlsx|agartha market|seller_raw:medicalfarmer,en_content_train_pool,en_content_train_pool,same_controller_direct_identifier,same_controller_direct_identifier,1.0,1.0,0.02445796
synthetic_positive_mixup::5,positive,same_controller,synthetic_train_only,0,1,en_content_train_pool,train,1,1,1,1,1.0,market_item.xlsx|Lime|seller_raw:grandmaster||market_item.xlsx|Lime|seller_raw:ketplug,market_item.xlsx|agartha market|seller_raw:PHARMAHOUSE||market_item.xlsx|agartha market|seller_raw:drugload90,en_content_train_pool,en_content_train_pool,same_controller_direct_identifier,same_controller_direct_identifier,1.0,1.0,0.93065929
synthetic_positive_mixup::6,positive,same_controller,synthetic_train_only,0,1,en_content_train_pool,train,1,1,1,1,1.0,market_item.xlsx|agartha market|seller_raw:WEEDKING01||market_item.xlsx|agartha market|seller_raw:truu00,market_item.xlsx|agartha market|seller_raw:CannaCare||market_item.xlsx|agartha market|seller_raw:tonyplug,en_content_train_pool,en_content_train_pool,same_controller_direct_identifier,same_controller_direct_identifier,1.0,1.0,0.07125853
synthetic_positive_mixup::7,positive,same_controller,synthetic_train_only,0,1,en_content_train_pool,train,1,1,1,1,1.0,market_item.xlsx|Lime|seller_raw:methking||market_item.xlsx|agartha market|seller_raw:dreamboss,market_item.xlsx|Lime|seller_raw:michaeldean||market_item.xlsx|agartha market|seller_raw:makershop,en_content_train_pool,en_content_train_pool,same_controller_direct_identifier,same_controller_direct_identifier,1.0,1.0,0.46058502
synthetic_positive_mixup::8,positive,same_controller,synthetic_train_only,0,1,en_content_train_pool,train,1,1,1,1,1.0,market_item.xlsx|agartha market|seller_raw:legitsupply||market_item.xlsx|agartha market|seller_raw:master,market_item.xlsx|agartha market|seller_raw:dozy1992||market_item.xlsx|agartha market|seller_raw:kaiserplug,en_content_train_pool,en_content_train_pool,same_controller_direct_identifier,same_controller_direct_identifier,1.0,1.0,0.99965752
synthetic_positive_mixup::9,positive,same_controller,synthetic_train_only,0,1,en_content_train_pool,train,1,1,1,1,1.0,market_item.xlsx|apollon market|seller_raw:the-plutus (97%)||market_item.xlsx|darkfox market|seller_raw:plutus,market_item.xlsx|dark0de|seller_raw:gmailz||market_item.xlsx|vice city|seller_raw:Gmail,en_content_train_pool,en_content_train_pool,same_controller_style_structural_soft,same_controller_style_structural_soft,1.0,1.0,0.00283115
synthetic_positive_mixup::10,positive,same_controller,synthetic_train_only,0,1,zh_target_strict,train,1,1,1,1,0.55,market_item.xlsx|中文暗网交易市场|seller_raw:149940||market_item.xlsx|中文暗网交易市场|seller_raw:157835,market_item.xlsx|中文暗网交易市场|seller_raw:157835||market_item.xlsx|中文暗网交易市场|seller_raw:596096,zh_target_strict,zh_target_strict,same_controller_direct_identifier,same_controller_direct_identifier,0.55,0.55,0.86979957
synthetic_positive_mixup::11,positive,same_controller,synthetic_train_only,0,1,en_content_train_pool,train,1,1,1,1,1.0,market_item.xlsx|agartha market|seller_raw:Daha2020||market_item.xlsx|agartha market|seller_raw:wolfhon66,market_item.xlsx|agartha market|seller_raw:Rodrigomendez||market_item.xlsx|agartha market|seller_raw:truu00,en_content_train_pool,en_content_train_pool,same_controller_direct_identifier,same_controller_direct_identifier,1.0,1.0,0.2654738
synthetic_positive_mixup::12,positive,same_controller,synthetic_train_only,0,1,en_content_train_pool,train,1,1,1,1,1.0,market_item.xlsx|dark0de|seller_raw:cosmiccannabispnw||market_item.xlsx|darkfox market|seller_raw:CosmicCannabis,market_item.xlsx|darkfox market|seller_raw:procarder2||market_item.xlsx|silk road 3.1|seller_raw:procarder7,en_content_train_pool,en_content_train_pool,same_controller_style_structural_soft,same_controller_style_structural_soft,1.0,1.0,0.26290265
synthetic_positive_mixup::13,positive,same_controller,synthetic_train_only,0,1,en_content_train_pool,train,1,1,1,1,1.0,market_item.xlsx|Lime|seller_raw:ketplug||market_item.xlsx|agartha market|seller_raw:Lordpharma,market_item.xlsx|Lime|seller_raw:michaeldean||market_item.xlsx|agartha market|seller_raw:dozy1992,en_content_train_pool,en_content_train_pool,same_controller_direct_identifier,same_controller_direct_identifier,1.0,1.0,0.62246515
synthetic_positive_mixup::14,positive,same_controller,synthetic_train_only,0,1,en_content_train_pool,train,1,1,1,1,1.0,market_item.xlsx|agartha market|seller_raw:kaiserplug||market_item.xlsx|agartha market|seller_raw:wolfhon66,market_item.xlsx|agartha market|seller_raw:CannaCare||market_item.xlsx|agartha market|seller_raw:kaiserplug,en_content_train_pool,en_content_train_pool,same_controller_direct_identifier,same_controller_direct_identifier,1.0,1.0,0.86318829
synthetic_positive_mixup::15,positive,same_controller,synthetic_train_only,0,1,en_content_train_pool,train,1,1,1,1,1.0,market_item.xlsx|silk road 3.1|seller_raw:L0RDXANAX||market_item.xlsx|silk road 3.1|seller_raw:RealLordXanax,market_item.xlsx|silk road 3.1|seller_raw:Gunnerman||market_item.xlsx|silk road 3.1|seller_raw:TheGunnerMan,en_content_train_pool,en_content_train_pool,same_controller_style_structural_soft,same_controller_style_structural_soft,1.0,1.0,0.86196422
synthetic_positive_mixup::16,positive,same_controller,synthetic_train_only,0,1,en_content_train_pool,train,1,1,1,1,1.0,market_item.xlsx|apollon market|seller_raw:JiffyBagBoys (100%)||market_item.xlsx|dark0de|seller_raw:jiffybagboystor,market_item.xlsx|darkfox market|seller_raw:ROCKO||market_item.xlsx|vice city|seller_raw:Rugrats,en_content_train_pool,en_content_train_pool,same_controller_style_structural_soft,same_controller_style_structural_soft,1.0,1.0,0.98970743
synthetic_positive_mixup::17,positive,same_controller,synthetic_train_only,0,1,zh_target_strict,train,1,1,1,1,0.55,market_item.xlsx|中文暗网交易市场|seller_raw:347899||market_item.xlsx|茶马古道|seller_raw:/shop/6242,market_item.xlsx|中文暗网交易市场|seller_raw:516000||market_item.xlsx|茶马古道|seller_raw:/shop/5524,zh_target_strict,zh_target_strict,same_controller_direct_identifier,same_controller_direct_identifier,0.55,0.55,0.22526275
synthetic_positive_mixup::18,positive,same_controller,synthetic_train_only,0,1,zh_target_strict,train,1,1,1,1,1.0,market_item.xlsx|中文暗网交易市场|seller_raw:43871||market_item.xlsx|中文暗网交易市场|seller_raw:68679,market_item.xlsx|中文暗网交易市场|seller_raw:352600||market_item.xlsx|中文暗网交易市场|seller_raw:605666,zh_target_strict,zh_target_strict,same_controller_style_structural_soft,same_controller_style_structural_soft,1.0,1.0,0.41919106
synthetic_positive_mixup::19,positive,same_controller,synthetic_train_only,0,1,en_content_train_pool,train,1,1,1,1,1.0,market_item.xlsx|Cartel|seller_raw:theword1||market_item.xlsx|dark0de|seller_raw:mensguru,market_item.xlsx|darkfox market|seller_raw:ROCKO||market_item.xlsx|vice city|seller_raw:Rugrats,en_content_train_pool,en_content_train_pool,same_controller_style_structural_soft,same_controller_style_structural_soft,1.0,1.0,0.26007226
synthetic_positive_mixup::20,positive,same_controller,synthetic_train_only,0,1,zh_target_strict,train,1,1,1,1,1.0,market_item.xlsx|中文暗网交易市场|seller_raw:39516||market_item.xlsx|中文暗网交易市场|seller_raw:64954,market_item.xlsx|中文暗网交易市场|seller_raw:443620||market_item.xlsx|茶马古道|seller_raw:/shop/824,zh_target_strict,zh_target_strict,same_controller_style_structural_soft,same_controller_style_structural_soft,1.0,1.0,0.97457531
synthetic_positive_mixup::21,positive,same_controller,synthetic_train_only,0,1,en_content_train_pool,train,1,1,1,1,1.0,market_item.xlsx|agartha market|seller_raw:Jamesrox||market_item.xlsx|agartha market|seller_raw:Walgreens,market_item.xlsx|agartha market|seller_raw:PHARMAHOUSE||market_item.xlsx|agartha market|seller_raw:medicalfarmer,en_content_train_pool,en_content_train_pool,same_controller_direct_identifier,same_controller_direct_identifier,1.0,1.0,0.00273485
synthetic_positive_mixup::22,positive,same_controller,synthetic_train_only,0,1,en_content_train_pool,train,1,1,1,1,1.0,market_item.xlsx|agartha market|seller_raw:Legitsales||market_item.xlsx|agartha market|seller_raw:kaiserplug,market_item.xlsx|agartha market|seller_raw:dozy1992||market_item.xlsx|agartha market|seller_raw:kaiserplug,en_content_train_pool,en_content_train_pool,same_controller_direct_identifier,same_controller_direct_identifier,1.0,1.0,0.9036905
synthetic_positive_mixup::23,positive,same_controller,synthetic_train_only,0,1,zh_target_strict,train,1,1,1,1,0.55,market_item.xlsx|中文暗网交易市场|seller_raw:636288||market_item.xlsx|中文暗网交易市场|seller_raw:636666,market_item.xlsx|中文暗网交易市场|seller_raw:361285||market_item.xlsx|中文暗网交易市场|seller_raw:502030,zh_target_strict,zh_target_strict,same_controller_direct_identifier,same_controller_direct_identifier,0.55,0.55,0.08136968
synthetic_positive_mixup::24,positive,same_controller,synthetic_train_only,0,1,en_content_train_pool,train,1,1,1,1,1.0,market_item.xlsx|silk road 3.1|seller_raw:OREIA||market_item.xlsx|silk road 3.1|seller_raw:oreiaa,market_item.xlsx|darkfox market|seller_raw:live4drugs||market_item.xlsx|tor2door market|seller_raw:Darkdrugs,en_content_train_pool,en_content_train_pool,same_controller_style_structural_soft,same_controller_style_structural_soft,1.0,1.0,0.60407942
synthetic_positive_mixup::25,positive,same_controller,synthetic_train_only,0,1,en_content_train_pool,train,1,1,1,1,1.0,market_item.xlsx|agartha market|seller_raw:USADruglord||market_item.xlsx|agartha market|seller_raw:medicalfarmer,market_item.xlsx|silk road 3.1|seller_raw:Danielrinehart||market_item.xlsx|silk road 3.1|seller_raw:dubypride,en_content_train_pool,en_content_train_pool,same_controller_direct_identifier,same_controller_direct_identifier,1.0,1.0,0.96155004
synthetic_positive_mixup::26,positive,same_controller,synthetic_train_only,0,1,en_content_train_pool,train,1,1,1,1,1.0,market_item.xlsx|agartha market|seller_raw:WEEDKING01||market_item.xlsx|agartha market|seller_raw:truu00,market_item.xlsx|agartha market|seller_raw:CannaCare||market_item.xlsx|agartha market|seller_raw:tonyplug,en_content_train_pool,en_content_train_pool,same_controller_direct_identifier,same_controller_direct_identifier,1.0,1.0,0.32811754
synthetic_positive_mixup::27,positive,same_controller,synthetic_train_only,0,1,en_content_train_pool,train,1,1,1,1,1.0,market_item.xlsx|agartha market|seller_raw:private||market_item.xlsx|agartha market|seller_raw:tonyplug,market_item.xlsx|agartha market|seller_raw:ProGlobalSam||market_item.xlsx|agartha market|seller_raw:vendor_men,en_content_train_pool,en_content_train_pool,same_controller_direct_identifier,same_controller_direct_identifier,1.0,1.0,0.02010229
synthetic_positive_mixup::28,positive,same_controller,synthetic_train_only,0,1,en_content_train_pool,train,1,1,1,1,1.0,market_item.xlsx|agartha market|seller_raw:GehLegit||market_item.xlsx|agartha market|seller_raw:legitsupply,market_item.xlsx|silk road 3.1|seller_raw:maryjohanna||market_item.xlsx|silk road 3.1|seller_raw:welcuredrugs,en_content_train_pool,en_content_train_pool,same_controller_direct_identifier,same_controller_direct_identifier,1.0,1.0,0.03698146
synthetic_positive_mixup::29,positive,same_controller,synthetic_train_only,0,1,en_content_train_pool,train,1,1,1,1,1.0,market_item.xlsx|Lime|seller_raw:ketplug||market_item.xlsx|agartha market|seller_raw:Lordpharma,market_item.xlsx|Lime|seller_raw:michaeldean||market_item.xlsx|agartha market|seller_raw:tonyplug,en_content_train_pool,en_content_train_pool,same_controller_direct_identifier,same_controller_direct_identifier,1.0,1.0,0.00050686
synthetic_positive_mixup::30,positive,same_controller,synthetic_train_only,0,1,en_content_train_pool,train,1,1,1,1,1.0,market_item.xlsx|silk road 3.1|seller_raw:Danielrinehart||market_item.xlsx|silk road 3.1|seller_raw:dubypride,market_item.xlsx|agartha market|seller_raw:USADruglord||market_item.xlsx|agartha market|seller_raw:medicalfarmer,en_content_train_pool,en_content_train_pool,same_controller_direct_identifier,same_controller_direct_identifier,1.0,1.0,0.83673121
synthetic_positive_mixup::31,positive,same_controller,synthetic_train_only,0,1,en_content_train_pool,train,1,1,1,1,1.0,market_item.xlsx|incognito|seller_raw:/vendor/jamesocean||market_item.xlsx|vice city|seller_raw:Jamesocean,market_item.xlsx|apollon market|seller_raw:AMSTERDAM-TRANSPORT (100%)||market_item.xlsx|apollon market|seller_raw:HollandOnline (95%),en_content_train_pool,en_content_train_pool,same_controller_style_structural_soft,same_controller_style_structural_soft,1.0,1.0,0.07124432
synthetic_positive_mixup::32,positive,same_controller,synthetic_train_only,0,1,zh_target_strict,train,1,1,1,1,0.55,market_item.xlsx|中文暗网交易市场|seller_raw:361068||market_item.xlsx|中文暗网交易市场|seller_raw:596304,market_item.xlsx|中文暗网交易市场|seller_raw:501102||market_item.xlsx|中文暗网交易市场|seller_raw:596304,zh_target_strict,zh_target_strict,same_controller_direct_identifier,same_controller_direct_identifier,0.55,0.55,0.99940756
synthetic_positive_mixup::33,positive,same_controller,synthetic_train_only,0,1,zh_target_strict,train,1,1,1,1,0.55,market_item.xlsx|中文暗网交易市场|seller_raw:121394||market_item.xlsx|中文暗网交易市场|seller_raw:95895,market_item.xlsx|中文暗网交易市场|seller_raw:361068||market_item.xlsx|中文暗网交易市场|seller_raw:70840,zh_target_strict,zh_target_strict,same_controller_direct_identifier,same_controller_direct_identifier,0.55,0.55,0.66507518
synthetic_positive_mixup::34,positive,same_controller,synthetic_train_only,0,1,en_content_train_pool,train,1,1,1,1,1.0,market_item.xlsx|apollon market|seller_raw:HotShop (100%)||market_item.xlsx|dark0de|seller_raw:hotshop100,market_item.xlsx|dark0de|seller_raw:gmailz||market_item.xlsx|vice city|seller_raw:Gmail,en_content_train_pool,en_content_train_pool,same_controller_style_structural_soft,same_controller_style_structural_soft,1.0,1.0,0.9101146
synthetic_positive_mixup::35,positive,same_controller,synthetic_train_only,0,1,en_content_train_pool,train,1,1,1,1,1.0,market_item.xlsx|Lime|seller_raw:Lordpharma||market_item.xlsx|agartha market|seller_raw:chrisstore24,market_item.xlsx|agartha market|seller_raw:bluesstore||market_item.xlsx|agartha market|seller_raw:dozy1992,en_content_train_pool,en_content_train_pool,same_controller_direct_identifier,same_controller_direct_identifier,1.0,1.0,0.8674282
synthetic_positive_mixup::36,positive,same_controller,synthetic_train_only,0,1,zh_target_strict,train,1,1,1,1,0.55,market_item.xlsx|中文暗网交易市场|seller_raw:32635||market_item.xlsx|中文暗网交易市场|seller_raw:81020,market_item.xlsx|中文暗网交易市场|seller_raw:149940||market_item.xlsx|中文暗网交易市场|seller_raw:157835,zh_target_strict,zh_target_strict,same_controller_direct_identifier,same_controller_direct_identifier,0.55,0.55,0.66352326
synthetic_positive_mixup::37,positive,same_controller,synthetic_train_only,0,1,zh_target_strict,train,1,1,1,1,0.55,market_item.xlsx|中文暗网交易市场|seller_raw:361068||market_item.xlsx|中文暗网交易市场|seller_raw:501102,market_item.xlsx|中文暗网交易市场|seller_raw:45068||market_item.xlsx|中文暗网交易市场|seller_raw:70840,zh_target_strict,zh_target_strict,same_controller_direct_identifier,same_controller_direct_identifier,0.55,0.55,0.00967205
synthetic_positive_mixup::38,positive,same_controller,synthetic_train_only,0,1,zh_target_strict,train,1,1,1,1,0.55,market_item.xlsx|中文暗网交易市场|seller_raw:312538||market_item.xlsx|中文暗网交易市场|seller_raw:606446,market_item.xlsx|中文暗网交易市场|seller_raw:433599||market_item.xlsx|中文暗网交易市场|seller_raw:435064,zh_target_strict,zh_target_strict,same_controller_direct_identifier,same_controller_direct_identifier,0.55,0.55,0.99905992
synthetic_positive_mixup::39,positive,same_controller,synthetic_train_only,0,1,zh_target_strict,train,1,1,1,1,0.55,market_item.xlsx|中文暗网交易市场|seller_raw:312538||market_item.xlsx|中文暗网交易市场|seller_raw:436422,market_item.xlsx|中文暗网交易市场|seller_raw:534628||market_item.xlsx|中文暗网交易市场|seller_raw:562478,zh_target_strict,zh_target_strict,same_controller_direct_identifier,same_controller_direct_identifier,0.55,0.55,0.94160852
synthetic_positive_mixup::40,positive,same_controller,synthetic_train_only,0,1,zh_target_strict,train,1,1,1,1,1.0,market_item.xlsx|中文暗网交易市场|seller_raw:43871||market_item.xlsx|中文暗网交易市场|seller_raw:68679,market_item.xlsx|中文暗网交易市场|seller_raw:43871||market_item.xlsx|中文暗网交易市场|seller_raw:46626,zh_target_strict,zh_target_strict,same_controller_style_structural_soft,same_controller_style_structural_soft,1.0,1.0,0.95176978
synthetic_positive_mixup::41,positive,same_controller,synthetic_train_only,0,1,en_content_train_pool,train,1,1,1,1,1.0,market_item.xlsx|agartha market|seller_raw:GehLegit||market_item.xlsx|agartha market|seller_raw:legitsupply,market_item.xlsx|agartha market|seller_raw:USADruglord||market_item.xlsx|agartha market|seller_raw:medicalfarmer,en_content_train_pool,en_content_train_pool,same_controller_direct_identifier,same_controller_direct_identifier,1.0,1.0,0.14595881
synthetic_positive_mixup::42,positive,same_controller,synthetic_train_only,0,1,en_content_train_pool,train,1,1,1,1,1.0,market_item.xlsx|agartha market|seller_raw:ProGlobalSam||market_item.xlsx|agartha market|seller_raw:dozy1992,market_item.xlsx|agartha market|seller_raw:PHARMAHOUSE||market_item.xlsx|agartha market|seller_raw:fortunemaker,en_content_train_pool,en_content_train_pool,same_controller_direct_identifier,same_controller_direct_identifier,1.0,1.0,0.70472092
synthetic_positive_mixup::43,positive,same_controller,synthetic_train_only,0,1,zh_target_strict,train,1,1,1,1,0.55,market_item.xlsx|中文暗网交易市场|seller_raw:361068||market_item.xlsx|中文暗网交易市场|seller_raw:537697,market_item.xlsx|中文暗网交易市场|seller_raw:157835||market_item.xlsx|中文暗网交易市场|seller_raw:435064,zh_target_strict,zh_target_strict,same_controller_direct_identifier,same_controller_direct_identifier,0.55,0.55,0.07318856
synthetic_positive_mixup::44,positive,same_controller,synthetic_train_only,0,1,en_content_train_pool,train,1,1,1,1,1.0,market_item.xlsx|darkfox market|seller_raw:live4drugs||market_item.xlsx|tor2door market|seller_raw:Darkdrugs,market_item.xlsx|darkfox market|seller_raw:originalgermed||market_item.xlsx|versus market|seller_raw:OriginalGerMeds,en_content_train_pool,en_content_train_pool,same_controller_style_structural_soft,same_controller_style_structural_soft,1.0,1.0,0.98550909
synthetic_positive_mixup::45,positive,same_controller,synthetic_train_only,0,1,en_content_train_pool,train,1,1,1,1,1.0,market_item.xlsx|Lime|seller_raw:michaeldean||market_item.xlsx|agartha market|seller_raw:kaiserplug,market_item.xlsx|Lime|seller_raw:zulvinapills||market_item.xlsx|agartha market|seller_raw:legitsupply,en_content_train_pool,en_content_train_pool,same_controller_direct_identifier,same_controller_direct_identifier,1.0,1.0,0.10138665
synthetic_positive_mixup::46,positive,same_controller,synthetic_train_only,0,1,en_content_train_pool,train,1,1,1,1,1.0,market_item.xlsx|Lime|seller_raw:Legithustle420||market_item.xlsx|agartha market|seller_raw:Ortegameds,market_item.xlsx|agartha market|seller_raw:Damason||market_item.xlsx|agartha market|seller_raw:caliscoties,en_content_train_pool,en_content_train_pool,same_controller_direct_identifier,same_controller_direct_identifier,1.0,1.0,0.91124723
synthetic_positive_mixup::47,positive,same_controller,synthetic_train_only,0,1,zh_target_strict,train,1,1,1,1,0.55,market_item.xlsx|中文暗网交易市场|seller_raw:361068||market_item.xlsx|中文暗网交易市场|seller_raw:45068,market_item.xlsx|中文暗网交易市场|seller_raw:45068||market_item.xlsx|中文暗网交易市场|seller_raw:70840,zh_target_strict,zh_target_strict,same_controller_direct_identifier,same_controller_direct_identifier,0.55,0.55,0.55116323
synthetic_positive_mixup::48,positive,same_controller,synthetic_train_only,0,1,en_content_train_pool,train,1,1,1,1,1.0,market_item.xlsx|vice city|seller_raw:Crazysupplies||market_item.xlsx|vice city|seller_raw:Rudeman,market_item.xlsx|silk road 3.1|seller_raw:maryjohanna||market_item.xlsx|silk road 3.1|seller_raw:welcuredrugs,en_content_train_pool,en_content_train_pool,same_controller_direct_identifier,same_controller_direct_identifier,1.0,1.0,0.9953934
synthetic_positive_mixup::49,positive,same_controller,synthetic_train_only,0,1,en_content_train_pool,train,1,1,1,1,1.0,market_item.xlsx|Lime|seller_raw:Legithustle420||market_item.xlsx|agartha market|seller_raw:ProGlobalSam,market_item.xlsx|Lime|seller_raw:ketplug||market_item.xlsx|agartha market|seller_raw:Lordpharma,en_content_train_pool,en_content_train_pool,same_controller_direct_identifier,same_controller_direct_identifier,1.0,1.0,0.99774167
synthetic_positive_mixup::50,positive,same_controller,synthetic_train_only,0,1,zh_target_strict,train,1,1,1,1,0.55,market_item.xlsx|中文暗网交易市场|seller_raw:361068||market_item.xlsx|中文暗网交易市场|seller_raw:45068,market_item.xlsx|中文暗网交易市场|seller_raw:361068||market_item.xlsx|中文暗网交易市场|seller_raw:501102,zh_target_strict,zh_target_strict,same_controller_direct_identifier,same_controller_direct_identifier,0.55,0.55,0.97951184
synthetic_positive_mixup::51,positive,same_controller,synthetic_train_only,0,1,en_content_train_pool,train,1,1,1,1,1.0,market_item.xlsx|apollon market|seller_raw:Drugsterminator (91%)||market_item.xlsx|apollon market|seller_raw:Partydrug-NL (100%),market_item.xlsx|silk road 3.1|seller_raw:L0RDXANAX||market_item.xlsx|silk road 3.1|seller_raw:RealLordXanax,en_content_train_pool,en_content_train_pool,same_controller_style_structural_soft,same_controller_style_structural_soft,1.0,1.0,0.99822829
synthetic_positive_mixup::52,positive,same_controller,synthetic_train_only,0,1,en_content_train_pool,train,1,1,1,1,1.0,market_item.xlsx|Lime|seller_raw:Lordpharma||market_item.xlsx|agartha market|seller_raw:chrisstore24,market_item.xlsx|Lime|seller_raw:michaeldean||market_item.xlsx|agartha market|seller_raw:makershop,en_content_train_pool,en_content_train_pool,same_controller_direct_identifier,same_controller_direct_identifier,1.0,1.0,0.99960954
synthetic_positive_mixup::53,positive,same_controller,synthetic_train_only,0,1,en_content_train_pool,train,1,1,1,1,1.0,market_item.xlsx|silk road 3.1|seller_raw:OREIA||market_item.xlsx|silk road 3.1|seller_raw:oreiaa,market_item.xlsx|darkfox market|seller_raw:live4drugs||market_item.xlsx|tor2door market|seller_raw:Darkdrugs,en_content_train_pool,en_content_train_pool,same_controller_style_structural_soft,same_controller_style_structural_soft,1.0,1.0,0.79198272
synthetic_positive_mixup::54,positive,same_controller,synthetic_train_only,0,1,en_content_train_pool,train,1,1,1,1,1.0,market_item.xlsx|apollon market|seller_raw:ProfessorsEmporium (100%)||market_item.xlsx|apollon market|seller_raw:PsylocybeFanaticus (100%),market_item.xlsx|cannazon market|seller_raw:EiffelCartel||market_item.xlsx|dark0de|seller_raw:frenchycaneloni,en_content_train_pool,en_content_train_pool,same_controller_style_structural_soft,same_controller_style_structural_soft,1.0,1.0,0.61633508
synthetic_positive_mixup::55,positive,same_controller,synthetic_train_only,0,1,zh_target_strict,train,1,1,1,1,0.55,market_item.xlsx|中文暗网交易市场|seller_raw:312538||market_item.xlsx|中文暗网交易市场|seller_raw:436422,market_item.xlsx|中文暗网交易市场|seller_raw:534628||market_item.xlsx|中文暗网交易市场|seller_raw:562478,zh_target_strict,zh_target_strict,same_controller_direct_identifier,same_controller_direct_identifier,0.55,0.55,0.23322804
synthetic_positive_mixup::56,positive,same_controller,synthetic_train_only,0,1,en_content_train_pool,train,1,1,1,1,1.0,market_item.xlsx|agartha market|seller_raw:Walgreens||market_item.xlsx|agartha market|seller_raw:kaiserplug,market_item.xlsx|agartha market|seller_raw:CannaCare||market_item.xlsx|agartha market|seller_raw:kaiserplug,en_content_train_pool,en_content_train_pool,same_controller_direct_identifier,same_controller_direct_identifier,1.0,1.0,0.22647536
synthetic_positive_mixup::57,positive,same_controller,synthetic_train_only,0,1,zh_target_strict,train,1,1,1,1,1.0,market_item.xlsx|中文暗网交易市场|seller_raw:39516||market_item.xlsx|中文暗网交易市场|seller_raw:64954,market_item.xlsx|中文暗网交易市场|seller_raw:17352||market_item.xlsx|中文暗网交易市场|seller_raw:34364,zh_target_strict,zh_target_strict,same_controller_style_structural_soft,same_controller_style_structural_soft,1.0,1.0,0.00809294
synthetic_positive_mixup::58,positive,same_controller,synthetic_train_only,0,1,zh_target_strict,train,1,1,1,1,0.55,market_item.xlsx|中文暗网交易市场|seller_raw:465763||market_item.xlsx|中文暗网交易市场|seller_raw:596304,market_item.xlsx|中文暗网交易市场|seller_raw:465763||market_item.xlsx|中文暗网交易市场|seller_raw:537697,zh_target_strict,zh_target_strict,same_controller_direct_identifier,same_controller_direct_identifier,0.55,0.55,0.00927361
synthetic_positive_mixup::59,positive,same_controller,synthetic_train_only,0,1,en_content_train_pool,train,1,1,1,1,1.0,market_item.xlsx|silk road 3.1|seller_raw:L0RDXANAX||market_item.xlsx|silk road 3.1|seller_raw:RealLordXanax,market_item.xlsx|apollon market|seller_raw:cocaineuk1 (98%)||market_item.xlsx|apollon market|seller_raw:ukcocaine (100%),en_content_train_pool,en_content_train_pool,same_controller_style_structural_soft,same_controller_style_structural_soft,1.0,1.0,0.97965722
synthetic_positive_mixup::60,positive,same_controller,synthetic_train_only,0,1,zh_target_strict,train,1,1,1,1,0.55,market_item.xlsx|中文暗网交易市场|seller_raw:361068||market_item.xlsx|中文暗网交易市场|seller_raw:70840,market_item.xlsx|中文暗网交易市场|seller_raw:361068||market_item.xlsx|中文暗网交易市场|seller_raw:45068,zh_target_strict,zh_target_strict,same_controller_direct_identifier,same_controller_direct_identifier,0.55,0.55,0.80406919
synthetic_positive_mixup::61,positive,same_controller,synthetic_train_only,0,1,en_content_train_pool,train,1,1,1,1,1.0,market_item.xlsx|darkfox market|seller_raw:HappyShopOrigi||market_item.xlsx|vice city|seller_raw:HappyShop,market_item.xlsx|apollon market|seller_raw:AMSTERDAM-TRANSPORT (100%)||market_item.xlsx|apollon market|seller_raw:HollandOnline (95%),en_content_train_pool,en_content_train_pool,same_controller_style_structural_soft,same_controller_style_structural_soft,1.0,1.0,0.96382798
synthetic_positive_mixup::62,positive,same_controller,synthetic_train_only,0,1,zh_target_strict,train,1,1,1,1,0.55,market_item.xlsx|中文暗网交易市场|seller_raw:502030||market_item.xlsx|中文暗网交易市场|seller_raw:53014,market_item.xlsx|中文暗网交易市场|seller_raw:250715||market_item.xlsx|中文暗网交易市场|seller_raw:465763,zh_target_strict,zh_target_strict,same_controller_direct_identifier,same_controller_direct_identifier,0.55,0.55,0.30688344
synthetic_positive_mixup::63,positive,same_controller,synthetic_train_only,0,1,en_content_train_pool,train,1,1,1,1,1.0,market_item.xlsx|dark0de|seller_raw:gmailz||market_item.xlsx|vice city|seller_raw:Gmail,market_item.xlsx|darkfox market|seller_raw:ROCKO||market_item.xlsx|vice city|seller_raw:Rugrats,en_content_train_pool,en_content_train_pool,same_controller_style_structural_soft,same_controller_style_structural_soft,1.0,1.0,0.92996035
synthetic_positive_mixup::64,positive,same_controller,synthetic_train_only,0,1,en_content_train_pool,train,1,1,1,1,1.0,market_item.xlsx|agartha market|seller_raw:deathrow2||market_item.xlsx|agartha market|seller_raw:kaiserplug,market_item.xlsx|agartha market|seller_raw:kaiserplug||market_item.xlsx|agartha market|seller_raw:wolfhon66,en_content_train_pool,en_content_train_pool,same_controller_direct_identifier,same_controller_direct_identifier,1.0,1.0,0.2051511
synthetic_positive_mixup::65,positive,same_controller,synthetic_train_only,0,1,zh_target_strict,train,1,1,1,1,0.55,market_item.xlsx|中文暗网交易市场|seller_raw:45068||market_item.xlsx|中文暗网交易市场|seller_raw:70840,market_item.xlsx|中文暗网交易市场|seller_raw:361068||market_item.xlsx|中文暗网交易市场|seller_raw:70840,zh_target_strict,zh_target_strict,same_controller_direct_identifier,same_controller_direct_identifier,0.55,0.55,0.00492823
synthetic_positive_mixup::66,positive,same_controller,synthetic_train_only,0,1,en_content_train_pool,train,1,1,1,1,1.0,market_item.xlsx|silk road 3.1|seller_raw:SUPPERFLY||market_item.xlsx|vice city|seller_raw:Jackwilldogs,market_item.xlsx|agartha market|seller_raw:PHARMAHOUSE||market_item.xlsx|agartha market|seller_raw:medicalfarmer,en_content_train_pool,en_content_train_pool,same_controller_direct_identifier,same_controller_direct_identifier,1.0,1.0,0.75417233
synthetic_positive_mixup::67,positive,same_controller,synthetic_train_only,0,1,en_content_train_pool,train,1,1,1,1,1.0,market_item.xlsx|agartha market|seller_raw:CannaCare||market_item.xlsx|agartha market|seller_raw:tonyplug,market_item.xlsx|agartha market|seller_raw:WEEDKING01||market_item.xlsx|agartha market|seller_raw:truu00,en_content_train_pool,en_content_train_pool,same_controller_direct_identifier,same_controller_direct_identifier,1.0,1.0,0.50858589
synthetic_positive_mixup::68,positive,same_controller,synthetic_train_only,0,1,en_content_train_pool,train,1,1,1,1,1.0,market_item.xlsx|versus market|seller_raw:TheBodyShops||market_item.xlsx|vice city|seller_raw:TheBodyShop,market_item.xlsx|apollon market|seller_raw:Bestbars (100%)||market_item.xlsx|apollon market|seller_raw:keranvends (100%),en_content_train_pool,en_content_train_pool,same_controller_direct_identifier,same_controller_direct_identifier,1.0,1.0,0.94310681
synthetic_positive_mixup::69,positive,same_controller,synthetic_train_only,0,1,zh_target_strict,train,1,1,1,1,0.55,market_item.xlsx|中文暗网交易市场|seller_raw:465763||market_item.xlsx|中文暗网交易市场|seller_raw:537697,market_item.xlsx|茶马古道|seller_raw:/shop/395006||market_item.xlsx|茶马古道|seller_raw:/shop/446570,zh_target_strict,zh_target_strict,same_controller_direct_identifier,same_controller_direct_identifier,0.55,0.55,0.12900621
synthetic_positive_mixup::70,positive,same_controller,synthetic_train_only,0,1,en_content_train_pool,train,1,1,1,1,1.0,market_item.xlsx|dark0de|seller_raw:gmailz||market_item.xlsx|vice city|seller_raw:Gmail,market_item.xlsx|incognito|seller_raw:/vendor/jamesocean||market_item.xlsx|vice city|seller_raw:Jamesocean,en_content_train_pool,en_content_train_pool,same_controller_style_structural_soft,same_controller_style_structural_soft,1.0,1.0,0.96305672
synthetic_positive_mixup::71,positive,same_controller,synthetic_train_only,0,1,en_content_train_pool,train,1,1,1,1,1.0,market_item.xlsx|dark0de|seller_raw:cosmiccannabispnw||market_item.xlsx|darkfox market|seller_raw:CosmicCannabis,market_item.xlsx|darkfox market|seller_raw:procarder2||market_item.xlsx|silk road 3.1|seller_raw:procarder7,en_content_train_pool,en_content_train_pool,same_controller_style_structural_soft,same_controller_style_structural_soft,1.0,1.0,0.30801796
synthetic_positive_mixup::72,positive,same_controller,synthetic_train_only,0,1,en_content_train_pool,train,1,1,1,1,1.0,market_item.xlsx|silk road 3.1|seller_raw:cheapconnect||market_item.xlsx|silk road 3.1|seller_raw:darkwebpartners,market_item.xlsx|agartha market|seller_raw:Billsbarons420||market_item.xlsx|agartha market|seller_raw:PHARMAHOUSE,en_content_train_pool,en_content_train_pool,same_controller_direct_identifier,same_controller_direct_identifier,1.0,1.0,0.4019814
synthetic_positive_mixup::73,positive,same_controller,synthetic_train_only,0,1,zh_target_strict,train,1,1,1,1,0.55,market_item.xlsx|中文暗网交易市场|seller_raw:121394||market_item.xlsx|中文暗网交易市场|seller_raw:95895,market_item.xlsx|中文暗网交易市场|seller_raw:465763||market_item.xlsx|中文暗网交易市场|seller_raw:501102,zh_target_strict,zh_target_strict,same_controller_direct_identifier,same_controller_direct_identifier,0.55,0.55,3.61e-06
synthetic_positive_mixup::74,positive,same_controller,synthetic_train_only,0,1,en_content_train_pool,train,1,1,1,1,1.0,market_item.xlsx|agartha market|seller_raw:Legitsales||market_item.xlsx|agartha market|seller_raw:tonyplug,market_item.xlsx|agartha market|seller_raw:GehLegit||market_item.xlsx|agartha market|seller_raw:legitsupply,en_content_train_pool,en_content_train_pool,same_controller_direct_identifier,same_controller_direct_identifier,1.0,1.0,0.95069045
synthetic_positive_mixup::75,positive,same_controller,synthetic_train_only,0,1,zh_target_strict,train,1,1,1,1,0.55,market_item.xlsx|中文暗网交易市场|seller_raw:361068||market_item.xlsx|中文暗网交易市场|seller_raw:501102,market_item.xlsx|中文暗网交易市场|seller_raw:121394||market_item.xlsx|中文暗网交易市场|seller_raw:95895,zh_target_strict,zh_target_strict,same_controller_direct_identifier,same_controller_direct_identifier,0.55,0.55,0.99983111
synthetic_positive_mixup::76,positive,same_controller,synthetic_train_only,0,1,zh_target_strict,train,1,1,1,1,0.55,market_item.xlsx|中文暗网交易市场|seller_raw:312538||market_item.xlsx|中文暗网交易市场|seller_raw:436422,market_item.xlsx|中文暗网交易市场|seller_raw:250715||market_item.xlsx|中文暗网交易市场|seller_raw:465763,zh_target_strict,zh_target_strict,same_controller_direct_identifier,same_controller_direct_identifier,0.55,0.55,0.01516032
synthetic_positive_mixup::77,positive,same_controller,synthetic_train_only,0,1,en_content_train_pool,train,1,1,1,1,1.0,market_item.xlsx|Lime|seller_raw:Cityshop||market_item.xlsx|agartha market|seller_raw:CITYSHOP92,market_item.xlsx|Lime|seller_raw:USADRUGLORD||market_item.xlsx|agartha market|seller_raw:willson99,en_content_train_pool,en_content_train_pool,same_controller_direct_identifier,same_controller_direct_identifier,1.0,1.0,0.8992475
synthetic_positive_mixup::78,positive,same_controller,synthetic_train_only,0,1,en_content_train_pool,train,1,1,1,1,1.0,market_item.xlsx|agartha market|seller_raw:Legitsales||market_item.xlsx|agartha market|seller_raw:tonyplug,market_item.xlsx|agartha market|seller_raw:drugload90||market_item.xlsx|agartha market|seller_raw:medicalfarmer,en_content_train_pool,en_content_train_pool,same_controller_direct_identifier,same_controller_direct_identifier,1.0,1.0,0.94245508
synthetic_positive_mixup::79,positive,same_controller,synthetic_train_only,0,1,en_content_train_pool,train,1,1,1,1,1.0,market_item.xlsx|agartha market|seller_raw:dozy1992||market_item.xlsx|agartha market|seller_raw:tonyplug,market_item.xlsx|agartha market|seller_raw:PHARMAHOUSE||market_item.xlsx|agartha market|seller_raw:dozy1992,en_content_train_pool,en_content_train_pool,same_controller_direct_identifier,same_controller_direct_identifier,1.0,1.0,0.80611226
synthetic_positive_mixup::80,positive,same_controller,synthetic_train_only,0,1,en_content_train_pool,train,1,1,1,1,1.0,market_item.xlsx|Lime|seller_raw:BossAmerica||market_item.xlsx|agartha market|seller_raw:Bestplug,market_item.xlsx|agartha market|seller_raw:PHARMAHOUSE||market_item.xlsx|agartha market|seller_raw:fortunemaker,en_content_train_pool,en_content_train_pool,same_controller_direct_identifier,same_controller_direct_identifier,1.0,1.0,0.97661634
synthetic_positive_mixup::81,positive,same_controller,synthetic_train_only,0,1,en_content_train_pool,train,1,1,1,1,1.0,market_item.xlsx|apollon market|seller_raw:HotShop (100%)||market_item.xlsx|dark0de|seller_raw:hotshop100,market_item.xlsx|apollon market|seller_raw:the-plutus (97%)||market_item.xlsx|darkfox market|seller_raw:plutus,en_content_train_pool,en_content_train_pool,same_controller_style_structural_soft,same_controller_style_structural_soft,1.0,1.0,0.96877585
synthetic_positive_mixup::82,positive,same_controller,synthetic_train_only,0,1,zh_target_strict,train,1,1,1,1,0.55,market_item.xlsx|中文暗网交易市场|seller_raw:361068||market_item.xlsx|中文暗网交易市场|seller_raw:501102,market_item.xlsx|中文暗网交易市场|seller_raw:465763||market_item.xlsx|中文暗网交易市场|seller_raw:501102,zh_target_strict,zh_target_strict,same_controller_direct_identifier,same_controller_direct_identifier,0.55,0.55,0.98744853
synthetic_positive_mixup::83,positive,same_controller,synthetic_train_only,0,1,en_content_train_pool,train,1,1,1,1,1.0,market_item.xlsx|agartha market|seller_raw:ProGlobalSam||market_item.xlsx|agartha market|seller_raw:vendor_men,market_item.xlsx|agartha market|seller_raw:PHARMAHOUSE||market_item.xlsx|agartha market|seller_raw:medicalfarmer,en_content_train_pool,en_content_train_pool,same_controller_direct_identifier,same_controller_direct_identifier,1.0,1.0,0.01223669
synthetic_positive_mixup::84,positive,same_controller,synthetic_train_only,0,1,en_content_train_pool,train,1,1,1,1,1.0,market_item.xlsx|apollon market|seller_raw:the-plutus (97%)||market_item.xlsx|darkfox market|seller_raw:plutus,market_item.xlsx|apollon market|seller_raw:JiffyBagBoys (100%)||market_item.xlsx|dark0de|seller_raw:jiffybagboystor,en_content_train_pool,en_content_train_pool,same_controller_style_structural_soft,same_controller_style_structural_soft,1.0,1.0,0.58106452
synthetic_positive_mixup::85,positive,same_controller,synthetic_train_only,0,1,en_content_train_pool,train,1,1,1,1,1.0,market_item.xlsx|agartha market|seller_raw:ProGlobalSam||market_item.xlsx|agartha market|seller_raw:vendor_men,market_item.xlsx|agartha market|seller_raw:dozy1992||market_item.xlsx|agartha market|seller_raw:tonyplug,en_content_train_pool,en_content_train_pool,same_controller_direct_identifier,same_controller_direct_identifier,1.0,1.0,0.11893622
synthetic_positive_mixup::86,positive,same_controller,synthetic_train_only,0,1,en_content_train_pool,train,1,1,1,1,1.0,market_item.xlsx|agartha market|seller_raw:dozy1992||market_item.xlsx|agartha market|seller_raw:tonyplug,market_item.xlsx|agartha market|seller_raw:PHARMAHOUSE||market_item.xlsx|agartha market|seller_raw:dozy1992,en_content_train_pool,en_content_train_pool,same_controller_direct_identifier,same_controller_direct_identifier,1.0,1.0,0.80736542
synthetic_positive_mixup::87,positive,same_controller,synthetic_train_only,0,1,en_content_train_pool,train,1,1,1,1,1.0,market_item.xlsx|agartha market|seller_raw:ProGlobalSam||market_item.xlsx|agartha market|seller_raw:vendor_men,market_item.xlsx|agartha market|seller_raw:Piposhop||market_item.xlsx|agartha market|seller_raw:medicalfarmer,en_content_train_pool,en_content_train_pool,same_controller_direct_identifier,same_controller_direct_identifier,1.0,1.0,0.80196822
synthetic_positive_mixup::88,positive,same_controller,synthetic_train_only,0,1,zh_target_strict,train,1,1,1,1,0.55,market_item.xlsx|中文暗网交易市场|seller_raw:149940||market_item.xlsx|中文暗网交易市场|seller_raw:157835,market_item.xlsx|中文暗网交易市场|seller_raw:501102||market_item.xlsx|中文暗网交易市场|seller_raw:566697,zh_target_strict,zh_target_strict,same_controller_direct_identifier,same_controller_direct_identifier,0.55,0.55,0.94700927
synthetic_positive_mixup::89,positive,same_controller,synthetic_train_only,0,1,en_content_train_pool,train,1,1,1,1,1.0,2017-12-05-philipjames11-darknetmarketplacedataagora20142015.xlsx|agora|seller_raw:JeanClochard||2017-12-05-philipjames11-darknetmarketplacedataagora20142015.xlsx|agora|seller_raw:MoneySell,market_item.xlsx|apollon market|seller_raw:cocaineuk1 (98%)||market_item.xlsx|apollon market|seller_raw:ukcocaine (100%),en_content_train_pool,en_content_train_pool,same_controller_style_structural_soft,same_controller_style_structural_soft,1.0,1.0,0.01246184
synthetic_positive_mixup::90,positive,same_controller,synthetic_train_only,0,1,zh_target_strict,train,1,1,1,1,0.55,market_item.xlsx|中文暗网交易市场|seller_raw:501102||market_item.xlsx|中文暗网交易市场|seller_raw:566697,market_item.xlsx|中文暗网交易市场|seller_raw:462585||market_item.xlsx|中文暗网交易市场|seller_raw:466000,zh_target_strict,zh_target_strict,same_controller_direct_identifier,same_controller_direct_identifier,0.55,0.55,0.48049153
synthetic_positive_mixup::91,positive,same_controller,synthetic_train_only,0,1,en_content_train_pool,train,1,1,1,1,1.0,market_item.xlsx|agartha market|seller_raw:deathrow2||market_item.xlsx|agartha market|seller_raw:kaiserplug,market_item.xlsx|agartha market|seller_raw:kaiserplug||market_item.xlsx|agartha market|seller_raw:makershop,en_content_train_pool,en_content_train_pool,same_controller_direct_identifier,same_controller_direct_identifier,1.0,1.0,0.99738783
synthetic_positive_mixup::92,positive,same_controller,synthetic_train_only,0,1,en_content_train_pool,train,1,1,1,1,1.0,market_item.xlsx|agartha market|seller_raw:Piposhop||market_item.xlsx|agartha market|seller_raw:medicalfarmer,market_item.xlsx|agartha market|seller_raw:ProGlobalSam||market_item.xlsx|agartha market|seller_raw:drugload90,en_content_train_pool,en_content_train_pool,same_controller_direct_identifier,same_controller_direct_identifier,1.0,1.0,0.17479355
synthetic_positive_mixup::93,positive,same_controller,synthetic_train_only,0,1,en_content_train_pool,train,1,1,1,1,1.0,market_item.xlsx|silk road 3.1|seller_raw:1SRRR1||market_item.xlsx|silk road 3.1|seller_raw:SRRR,market_item.xlsx|silk road 3.1|seller_raw:Vend1ngMach1ne||market_item.xlsx|silk road 3.1|seller_raw:VendingMach1n3,en_content_train_pool,en_content_train_pool,same_controller_style_structural_soft,same_controller_style_structural_soft,1.0,1.0,0.92738377
synthetic_positive_mixup::94,positive,same_controller,synthetic_train_only,0,1,en_content_train_pool,train,1,1,1,1,1.0,market_item.xlsx|Lime|seller_raw:michaeldean||market_item.xlsx|agartha market|seller_raw:CannaCare,market_item.xlsx|agartha market|seller_raw:Billsbarons420||market_item.xlsx|agartha market|seller_raw:ProGlobalSam,en_content_train_pool,en_content_train_pool,same_controller_direct_identifier,same_controller_direct_identifier,1.0,1.0,0.82163588
synthetic_positive_mixup::95,positive,same_controller,synthetic_train_only,0,1,en_content_train_pool,train,1,1,1,1,1.0,market_item.xlsx|agartha market|seller_raw:PHARMAHOUSE||market_item.xlsx|agartha market|seller_raw:medicalfarmer,market_item.xlsx|agartha market|seller_raw:ProGlobalSam||market_item.xlsx|agartha market|seller_raw:vendor_men,en_content_train_pool,en_content_train_pool,same_controller_direct_identifier,same_controller_direct_identifier,1.0,1.0,0.580321
synthetic_positive_mixup::96,positive,same_controller,synthetic_train_only,0,1,zh_target_strict,train,1,1,1,1,0.55,market_item.xlsx|中文暗网交易市场|seller_raw:51470||market_item.xlsx|中文暗网交易市场|seller_raw:54210,market_item.xlsx|茶马古道|seller_raw:/shop/449035||market_item.xlsx|茶马古道|seller_raw:/shop/458155,zh_target_strict,zh_target_strict,same_controller_direct_identifier,same_controller_direct_identifier,0.55,0.55,0.13012919
synthetic_positive_mixup::97,positive,same_controller,synthetic_train_only,0,1,zh_target_strict,train,1,1,1,1,0.55,market_item.xlsx|中文暗网交易市场|seller_raw:534628||market_item.xlsx|中文暗网交易市场|seller_raw:605663,market_item.xlsx|中文暗网交易市场|seller_raw:446965||market_item.xlsx|中文暗网交易市场|seller_raw:45068,zh_target_strict,zh_target_strict,same_controller_direct_identifier,same_controller_direct_identifier,0.55,0.55,0.17440108
synthetic_positive_mixup::98,positive,same_controller,synthetic_train_only,0,1,en_content_train_pool,train,1,1,1,1,1.0,market_item.xlsx|agartha market|seller_raw:PHARMAHOUSE||market_item.xlsx|agartha market|seller_raw:fortunemaker,market_item.xlsx|agartha market|seller_raw:PHARMAHOUSE||market_item.xlsx|agartha market|seller_raw:medicalfarmer,en_content_train_pool,en_content_train_pool,same_controller_direct_identifier,same_controller_direct_identifier,1.0,1.0,0.00031554
synthetic_positive_mixup::99,positive,same_controller,synthetic_train_only,0,1,en_content_train_pool,train,1,1,1,1,1.0,market_item.xlsx|agartha market|seller_raw:Billsbarons420||market_item.xlsx|agartha market|seller_raw:ProGlobalSam,market_item.xlsx|agartha market|seller_raw:makershop||market_item.xlsx|agartha market|seller_raw:tonyplug,en_content_train_pool,en_content_train_pool,same_controller_direct_identifier,same_controller_direct_identifier,1.0,1.0,0.99998482
synthetic_positive_mixup::100,positive,same_controller,synthetic_train_only,0,1,zh_target_strict,train,1,1,1,1,0.55,market_item.xlsx|中文暗网交易市场|seller_raw:365949||market_item.xlsx|中文暗网交易市场|seller_raw:370168,market_item.xlsx|中文暗网交易市场|seller_raw:45068||market_item.xlsx|中文暗网交易市场|seller_raw:70840,zh_target_strict,zh_target_strict,same_controller_direct_identifier,same_controller_direct_identifier,0.55,0.55,0.49615675
synthetic_positive_mixup::101,positive,same_controller,synthetic_train_only,0,1,en_content_train_pool,train,1,1,1,1,1.0,market_item.xlsx|agartha market|seller_raw:makershop||market_item.xlsx|agartha market|seller_raw:tonyplug,market_item.xlsx|agartha market|seller_raw:PHARMAHOUSE||market_item.xlsx|agartha market|seller_raw:dozy1992,en_content_train_pool,en_content_train_pool,same_controller_direct_identifier,same_controller_direct_identifier,1.0,1.0,0.94935858
synthetic_positive_mixup::102,positive,same_controller,synthetic_train_only,0,1,en_content_train_pool,train,1,1,1,1,1.0,market_item.xlsx|agartha market|seller_raw:PHARMAHOUSE||market_item.xlsx|agartha market|seller_raw:fortunemaker,market_item.xlsx|agartha market|seller_raw:Piposhop||market_item.xlsx|agartha market|seller_raw:medicalfarmer,en_content_train_pool,en_content_train_pool,same_controller_direct_identifier,same_controller_direct_identifier,1.0,1.0,0.99649726
synthetic_positive_mixup::103,positive,same_controller,synthetic_train_only,0,1,zh_target_strict,train,1,1,1,1,0.55,market_item.xlsx|中文暗网交易市场|seller_raw:465763||market_item.xlsx|中文暗网交易市场|seller_raw:501102,market_item.xlsx|中文暗网交易市场|seller_raw:361068||market_item.xlsx|中文暗网交易市场|seller_raw:501102,zh_target_strict,zh_target_strict,same_controller_direct_identifier,same_controller_direct_identifier,0.55,0.55,0.93156336
synthetic_positive_mixup::104,positive,same_controller,synthetic_train_only,0,1,en_content_train_pool,train,1,1,1,1,1.0,market_item.xlsx|vice city|seller_raw:Crazysupplies||market_item.xlsx|vice city|seller_raw:Rudeman,market_item.xlsx|Lime|seller_raw:ketplug||market_item.xlsx|agartha market|seller_raw:CITYSHOP92,en_content_train_pool,en_content_train_pool,same_controller_direct_identifier,same_controller_direct_identifier,1.0,1.0,0.00420965
synthetic_positive_mixup::105,positive,same_controller,synthetic_train_only,0,1,en_content_train_pool,train,1,1,1,1,1.0,market_item.xlsx|agartha market|seller_raw:kaiserplug||market_item.xlsx|agartha market|seller_raw:private,market_item.xlsx|agartha market|seller_raw:kaiserplug||market_item.xlsx|agartha market|seller_raw:makershop,en_content_train_pool,en_content_train_pool,same_controller_direct_identifier,same_controller_direct_identifier,1.0,1.0,0.53801771
synthetic_positive_mixup::106,positive,same_controller,synthetic_train_only,0,1,en_content_train_pool,train,1,1,1,1,1.0,market_item.xlsx|agartha market|seller_raw:ProGlobalSam||market_item.xlsx|agartha market|seller_raw:vendor_men,market_item.xlsx|agartha market|seller_raw:dozy1992||market_item.xlsx|agartha market|seller_raw:tonyplug,en_content_train_pool,en_content_train_pool,same_controller_direct_identifier,same_controller_direct_identifier,1.0,1.0,0.47622316
synthetic_positive_mixup::107,positive,same_controller,synthetic_train_only,0,1,zh_target_strict,train,1,1,1,1,0.55,market_item.xlsx|中文暗网交易市场|seller_raw:121394||market_item.xlsx|中文暗网交易市场|seller_raw:436422,market_item.xlsx|中文暗网交易市场|seller_raw:433599||market_item.xlsx|中文暗网交易市场|seller_raw:435064,zh_target_strict,zh_target_strict,same_controller_direct_identifier,same_controller_direct_identifier,0.55,0.55,0.55962361
synthetic_positive_mixup::108,positive,same_controller,synthetic_train_only,0,1,zh_target_strict,train,1,1,1,1,1.0,market_item.xlsx|中文暗网交易市场|seller_raw:39516||market_item.xlsx|中文暗网交易市场|seller_raw:64954,market_item.xlsx|中文暗网交易市场|seller_raw:26383||market_item.xlsx|茶马古道|seller_raw:/shop/404544,zh_target_strict,zh_target_strict,same_controller_style_structural_soft,same_controller_style_structural_soft,1.0,1.0,0.00174157
synthetic_positive_mixup::109,positive,same_controller,synthetic_train_only,0,1,en_content_train_pool,train,1,1,1,1,1.0,market_item.xlsx|Lime|seller_raw:methking||market_item.xlsx|agartha market|seller_raw:dreamboss,market_item.xlsx|Lime|seller_raw:maxmann||market_item.xlsx|darkfox market|seller_raw:opportunity,en_content_train_pool,en_content_train_pool,same_controller_direct_identifier,same_controller_direct_identifier,1.0,1.0,0.28365323
synthetic_positive_mixup::110,positive,same_controller,synthetic_train_only,0,1,zh_target_strict,train,1,1,1,1,1.0,market_item.xlsx|中文暗网交易市场|seller_raw:19692||market_item.xlsx|中文暗网交易市场|seller_raw:357141,market_item.xlsx|中文暗网交易市场|seller_raw:342077||market_item.xlsx|茶马古道|seller_raw:/shop/449476,zh_target_strict,zh_target_strict,same_controller_style_structural_soft,same_controller_style_structural_soft,1.0,1.0,0.45583023
synthetic_positive_mixup::111,positive,same_controller,synthetic_train_only,0,1,zh_target_strict,train,1,1,1,1,1.0,market_item.xlsx|中文暗网交易市场|seller_raw:43871||market_item.xlsx|中文暗网交易市场|seller_raw:46626,market_item.xlsx|中文暗网交易市场|seller_raw:43871||market_item.xlsx|中文暗网交易市场|seller_raw:68679,zh_target_strict,zh_target_strict,same_controller_style_structural_soft,same_controller_style_structural_soft,1.0,1.0,2e-08
synthetic_positive_mixup::112,positive,same_controller,synthetic_train_only,0,1,zh_target_strict,train,1,1,1,1,0.55,market_item.xlsx|中文暗网交易市场|seller_raw:149940||market_item.xlsx|中文暗网交易市场|seller_raw:157835,market_item.xlsx|中文暗网交易市场|seller_raw:157835||market_item.xlsx|中文暗网交易市场|seller_raw:435064,zh_target_strict,zh_target_strict,same_controller_direct_identifier,same_controller_direct_identifier,0.55,0.55,0.00219332
synthetic_positive_mixup::113,positive,same_controller,synthetic_train_only,0,1,en_content_train_pool,train,1,1,1,1,1.0,market_item.xlsx|silk road 3.1|seller_raw:Vend1ngMach1ne||market_item.xlsx|silk road 3.1|seller_raw:VendingMach1n3,market_item.xlsx|apollon market|seller_raw:Drugsterminator (91%)||market_item.xlsx|apollon market|seller_raw:Partydrug-NL (100%),en_content_train_pool,en_content_train_pool,same_controller_style_structural_soft,same_controller_style_structural_soft,1.0,1.0,0.1084547
synthetic_positive_mixup::114,positive,same_controller,synthetic_train_only,0,1,zh_target_strict,train,1,1,1,1,0.55,market_item.xlsx|中文暗网交易市场|seller_raw:121394||market_item.xlsx|中文暗网交易市场|seller_raw:436422,market_item.xlsx|茶马古道|seller_raw:/shop/395006||market_item.xlsx|茶马古道|seller_raw:/shop/446570,zh_target_strict,zh_target_strict,same_controller_direct_identifier,same_controller_direct_identifier,0.55,0.55,0.9578475
synthetic_positive_mixup::115,positive,same_controller,synthetic_train_only,0,1,en_content_train_pool,train,1,1,1,1,1.0,market_item.xlsx|agartha market|seller_raw:kaiserplug||market_item.xlsx|agartha market|seller_raw:wolfhon66,market_item.xlsx|agartha market|seller_raw:Billsbarons420||market_item.xlsx|agartha market|seller_raw:ProGlobalSam,en_content_train_pool,en_content_train_pool,same_controller_direct_identifier,same_controller_direct_identifier,1.0,1.0,0.80740122
synthetic_positive_mixup::116,positive,same_controller,synthetic_train_only,0,1,en_content_train_pool,train,1,1,1,1,1.0,market_item.xlsx|agartha market|seller_raw:kaiserplug||market_item.xlsx|agartha market|seller_raw:private,market_item.xlsx|agartha market|seller_raw:kaiserplug||market_item.xlsx|agartha market|seller_raw:tonyplug,en_content_train_pool,en_content_train_pool,same_controller_direct_identifier,same_controller_direct_identifier,1.0,1.0,0.84170006
synthetic_positive_mixup::117,positive,same_controller,synthetic_train_only,0,1,zh_target_strict,train,1,1,1,1,1.0,market_item.xlsx|中文暗网交易市场|seller_raw:39516||market_item.xlsx|中文暗网交易市场|seller_raw:64954,market_item.xlsx|中文暗网交易市场|seller_raw:26383||market_item.xlsx|茶马古道|seller_raw:/shop/404544,zh_target_strict,zh_target_strict,same_controller_style_structural_soft,same_controller_style_structural_soft,1.0,1.0,0.16228516
synthetic_positive_mixup::118,positive,same_controller,synthetic_train_only,0,1,en_content_train_pool,train,1,1,1,1,1.0,market_item.xlsx|agartha market|seller_raw:dozy1992||market_item.xlsx|agartha market|seller_raw:makershop,market_item.xlsx|silk road 3.1|seller_raw:Danielrinehart||market_item.xlsx|silk road 3.1|seller_raw:dubypride,en_content_train_pool,en_content_train_pool,same_controller_direct_identifier,same_controller_direct_identifier,1.0,1.0,0.99869497
synthetic_positive_mixup::119,positive,same_controller,synthetic_train_only,0,1,zh_target_strict,train,1,1,1,1,0.55,market_item.xlsx|中文暗网交易市场|seller_raw:121394||market_item.xlsx|中文暗网交易市场|seller_raw:435064,market_item.xlsx|中文暗网交易市场|seller_raw:312538||market_item.xlsx|中文暗网交易市场|seller_raw:436422,zh_target_strict,zh_target_strict,same_controller_direct_identifier,same_controller_direct_identifier,0.55,0.55,0.72083899
synthetic_positive_mixup::120,positive,same_controller,synthetic_train_only,0,1,zh_target_strict,train,1,1,1,1,0.55,market_item.xlsx|中文暗网交易市场|seller_raw:347899||market_item.xlsx|茶马古道|seller_raw:/shop/6242,market_item.xlsx|中文暗网交易市场|seller_raw:54210||market_item.xlsx|茶马古道|seller_raw:/shop/400997,zh_target_strict,zh_target_strict,same_controller_direct_identifier,same_controller_direct_identifier,0.55,0.55,0.72538513
synthetic_positive_mixup::121,positive,same_controller,synthetic_train_only,0,1,en_content_train_pool,train,1,1,1,1,1.0,market_item.xlsx|agartha market|seller_raw:CannaCare||market_item.xlsx|agartha market|seller_raw:private,market_item.xlsx|agartha market|seller_raw:CannaCare||market_item.xlsx|agartha market|seller_raw:tonyplug,en_content_train_pool,en_content_train_pool,same_controller_direct_identifier,same_controller_direct_identifier,1.0,1.0,0.35661571
synthetic_positive_mixup::122,positive,same_controller,synthetic_train_only,0,1,en_content_train_pool,train,1,1,1,1,1.0,market_item.xlsx|versus market|seller_raw:TheBodyShops||market_item.xlsx|vice city|seller_raw:TheBodyShop,market_item.xlsx|agartha market|seller_raw:dozy1992||market_item.xlsx|agartha market|seller_raw:makershop,en_content_train_pool,en_content_train_pool,same_controller_direct_identifier,same_controller_direct_identifier,1.0,1.0,0.84979293
synthetic_positive_mixup::123,positive,same_controller,synthetic_train_only,0,1,en_content_train_pool,train,1,1,1,1,1.0,market_item.xlsx|agartha market|seller_raw:Damason||market_item.xlsx|agartha market|seller_raw:Jamesrox,market_item.xlsx|agartha market|seller_raw:PHARMAHOUSE||market_item.xlsx|agartha market|seller_raw:dozy1992,en_content_train_pool,en_content_train_pool,same_controller_direct_identifier,same_controller_direct_identifier,1.0,1.0,0.2149894
synthetic_positive_mixup::124,positive,same_controller,synthetic_train_only,0,1,en_content_train_pool,train,1,1,1,1,1.0,market_item.xlsx|vice city|seller_raw:Crazysupplies||market_item.xlsx|vice city|seller_raw:Rudeman,market_item.xlsx|agartha market|seller_raw:USADruglord||market_item.xlsx|agartha market|seller_raw:medicalfarmer,en_content_train_pool,en_content_train_pool,same_controller_direct_identifier,same_controller_direct_identifier,1.0,1.0,0.25795217
synthetic_positive_mixup::125,positive,same_controller,synthetic_train_only,0,1,zh_target_strict,train,1,1,1,1,1.0,market_item.xlsx|中文暗网交易市场|seller_raw:352600||market_item.xlsx|中文暗网交易市场|seller_raw:605666,market_item.xlsx|中文暗网交易市场|seller_raw:333110||market_item.xlsx|中文暗网交易市场|seller_raw:375149,zh_target_strict,zh_target_strict,same_controller_style_structural_soft,same_controller_style_structural_soft,1.0,1.0,0.7042271
synthetic_positive_mixup::126,positive,same_controller,synthetic_train_only,0,1,zh_target_strict,train,1,1,1,1,0.55,market_item.xlsx|中文暗网交易市场|seller_raw:501102||market_item.xlsx|中文暗网交易市场|seller_raw:566697,market_item.xlsx|中文暗网交易市场|seller_raw:462585||market_item.xlsx|中文暗网交易市场|seller_raw:466000,zh_target_strict,zh_target_strict,same_controller_direct_identifier,same_controller_direct_identifier,0.55,0.55,0.25403343
synthetic_positive_mixup::127,positive,same_controller,synthetic_train_only,0,1,en_content_train_pool,train,1,1,1,1,1.0,market_item.xlsx|agartha market|seller_raw:Walgreens||market_item.xlsx|agartha market|seller_raw:caliscoties,market_item.xlsx|agartha market|seller_raw:PHARMAHOUSE||market_item.xlsx|agartha market|seller_raw:medicalfarmer,en_content_train_pool,en_content_train_pool,same_controller_direct_identifier,same_controller_direct_identifier,1.0,1.0,0.99814567
synthetic_positive_mixup::128,positive,same_controller,synthetic_train_only,0,1,zh_target_strict,train,1,1,1,1,0.55,market_item.xlsx|中文暗网交易市场|seller_raw:121394||market_item.xlsx|中文暗网交易市场|seller_raw:435064,market_item.xlsx|中文暗网交易市场|seller_raw:121394||market_item.xlsx|中文暗网交易市场|seller_raw:312538,zh_target_strict,zh_target_strict,same_controller_direct_identifier,same_controller_direct_identifier,0.55,0.55,0.22319416
synthetic_positive_mixup::129,positive,same_controller,synthetic_train_only,0,1,zh_target_strict,train,1,1,1,1,1.0,market_item.xlsx|中文暗网交易市场|seller_raw:19692||market_item.xlsx|中文暗网交易市场|seller_raw:357141,market_item.xlsx|中文暗网交易市场|seller_raw:342077||market_item.xlsx|茶马古道|seller_raw:/shop/449476,zh_target_strict,zh_target_strict,same_controller_style_structural_soft,same_controller_style_structural_soft,1.0,1.0,0.56998417
synthetic_positive_mixup::130,positive,same_controller,synthetic_train_only,0,1,en_content_train_pool,train,1,1,1,1,1.0,market_item.xlsx|silk road 3.1|seller_raw:Gunnerman||market_item.xlsx|silk road 3.1|seller_raw:TheGunnerMan,market_item.xlsx|versus market|seller_raw:sluts1||market_item.xlsx|vice city|seller_raw:Sluts,en_content_train_pool,en_content_train_pool,same_controller_style_structural_soft,same_controller_style_structural_soft,1.0,1.0,0.02457615
synthetic_positive_mixup::131,positive,same_controller,synthetic_train_only,0,1,zh_target_strict,train,1,1,1,1,1.0,market_item.xlsx|中文暗网交易市场|seller_raw:333110||market_item.xlsx|中文暗网交易市场|seller_raw:375149,market_item.xlsx|中文暗网交易市场|seller_raw:352600||market_item.xlsx|中文暗网交易市场|seller_raw:605666,zh_target_strict,zh_target_strict,same_controller_style_structural_soft,same_controller_style_structural_soft,1.0,1.0,0.47695789
synthetic_positive_mixup::132,positive,same_controller,synthetic_train_only,0,1,en_content_train_pool,train,1,1,1,1,1.0,market_item.xlsx|agartha market|seller_raw:Damason||market_item.xlsx|agartha market|seller_raw:caliscoties,market_item.xlsx|Lime|seller_raw:methking||market_item.xlsx|agartha market|seller_raw:dreamboss,en_content_train_pool,en_content_train_pool,same_controller_direct_identifier,same_controller_direct_identifier,1.0,1.0,0.05643962
synthetic_positive_mixup::133,positive,same_controller,synthetic_train_only,0,1,en_content_train_pool,train,1,1,1,1,1.0,market_item.xlsx|Lime|seller_raw:Cityshop||market_item.xlsx|agartha market|seller_raw:chrisstore24,market_item.xlsx|Lime|seller_raw:USADRUGLORD||market_item.xlsx|agartha market|seller_raw:willson99,en_content_train_pool,en_content_train_pool,same_controller_direct_identifier,same_controller_direct_identifier,1.0,1.0,0.00802361
synthetic_positive_mixup::134,positive,same_controller,synthetic_train_only,0,1,zh_target_strict,train,1,1,1,1,0.55,market_item.xlsx|中文暗网交易市场|seller_raw:157835||market_item.xlsx|中文暗网交易市场|seller_raw:312538,market_item.xlsx|中文暗网交易市场|seller_raw:157835||market_item.xlsx|中文暗网交易市场|seller_raw:435064,zh_target_strict,zh_target_strict,same_controller_direct_identifier,same_controller_direct_identifier,0.55,0.55,0.77562932
synthetic_positive_mixup::135,positive,same_controller,synthetic_train_only,0,1,zh_target_strict,train,1,1,1,1,1.0,market_item.xlsx|中文暗网交易市场|seller_raw:342077||market_item.xlsx|茶马古道|seller_raw:/shop/449476,market_item.xlsx|中文暗网交易市场|seller_raw:17352||market_item.xlsx|中文暗网交易市场|seller_raw:34364,zh_target_strict,zh_target_strict,same_controller_style_structural_soft,same_controller_style_structural_soft,1.0,1.0,0.12820177
synthetic_positive_mixup::136,positive,same_controller,synthetic_train_only,0,1,zh_target_strict,train,1,1,1,1,0.55,market_item.xlsx|中文暗网交易市场|seller_raw:121394||market_item.xlsx|中文暗网交易市场|seller_raw:95895,market_item.xlsx|中文暗网交易市场|seller_raw:361068||market_item.xlsx|中文暗网交易市场|seller_raw:501102,zh_target_strict,zh_target_strict,same_controller_direct_identifier,same_controller_direct_identifier,0.55,0.55,0.91896597
synthetic_positive_mixup::137,positive,same_controller,synthetic_train_only,0,1,en_content_train_pool,train,1,1,1,1,1.0,market_item.xlsx|agartha market|seller_raw:CannaCare||market_item.xlsx|agartha market|seller_raw:kaiserplug,market_item.xlsx|agartha market|seller_raw:dozy1992||market_item.xlsx|agartha market|seller_raw:kaiserplug,en_content_train_pool,en_content_train_pool,same_controller_direct_identifier,same_controller_direct_identifier,1.0,1.0,0.96335401
synthetic_positive_mixup::138,positive,same_controller,synthetic_train_only,0,1,en_content_train_pool,train,1,1,1,1,1.0,market_item.xlsx|Lime|seller_raw:methking||market_item.xlsx|agartha market|seller_raw:dreamboss,market_item.xlsx|Lime|seller_raw:Legithustle420||market_item.xlsx|agartha market|seller_raw:Ortegameds,en_content_train_pool,en_content_train_pool,same_controller_direct_identifier,same_controller_direct_identifier,1.0,1.0,0.00054596
synthetic_positive_mixup::139,positive,same_controller,synthetic_train_only,0,1,zh_target_strict,train,1,1,1,1,0.55,market_item.xlsx|中文暗网交易市场|seller_raw:465763||market_item.xlsx|中文暗网交易市场|seller_raw:537697,market_item.xlsx|中文暗网交易市场|seller_raw:365949||market_item.xlsx|中文暗网交易市场|seller_raw:370168,zh_target_strict,zh_target_strict,same_controller_direct_identifier,same_controller_direct_identifier,0.55,0.55,0.495397
synthetic_positive_mixup::140,positive,same_controller,synthetic_train_only,0,1,en_content_train_pool,train,1,1,1,1,1.0,market_item.xlsx|agartha market|seller_raw:Walgreens||market_item.xlsx|agartha market|seller_raw:kaiserplug,market_item.xlsx|agartha market|seller_raw:makershop||market_item.xlsx|agartha market|seller_raw:tonyplug,en_content_train_pool,en_content_train_pool,same_controller_direct_identifier,same_controller_direct_identifier,1.0,1.0,0.95812023
synthetic_positive_mixup::141,positive,same_controller,synthetic_train_only,0,1,en_content_train_pool,train,1,1,1,1,1.0,market_item.xlsx|agartha market|seller_raw:ProGlobalSam||market_item.xlsx|agartha market|seller_raw:dozy1992,market_item.xlsx|Lime|seller_raw:michaeldean||market_item.xlsx|agartha market|seller_raw:dozy1992,en_content_train_pool,en_content_train_pool,same_controller_direct_identifier,same_controller_direct_identifier,1.0,1.0,0.98530895
synthetic_positive_mixup::142,positive,same_controller,synthetic_train_only,0,1,en_content_train_pool,train,1,1,1,1,1.0,market_item.xlsx|agartha market|seller_raw:makershop||market_item.xlsx|agartha market|seller_raw:tonyplug,market_item.xlsx|agartha market|seller_raw:dozy1992||market_item.xlsx|agartha market|seller_raw:tonyplug,en_content_train_pool,en_content_train_pool,same_controller_direct_identifier,same_controller_direct_identifier,1.0,1.0,0.35761826
synthetic_positive_mixup::143,positive,same_controller,synthetic_train_only,0,1,en_content_train_pool,train,1,1,1,1,1.0,market_item.xlsx|agartha market|seller_raw:PHARMAHOUSE||market_item.xlsx|agartha market|seller_raw:dozy1992,market_item.xlsx|agartha market|seller_raw:PHARMAHOUSE||market_item.xlsx|agartha market|seller_raw:fortunemaker,en_content_train_pool,en_content_train_pool,same_controller_direct_identifier,same_controller_direct_identifier,1.0,1.0,0.05525717
synthetic_positive_mixup::144,positive,same_controller,synthetic_train_only,0,1,en_content_train_pool,train,1,1,1,1,1.0,2017-12-05-philipjames11-darknetmarketplacedataagora20142015.xlsx|agora|seller_raw:JeanClochard||2017-12-05-philipjames11-darknetmarketplacedataagora20142015.xlsx|agora|seller_raw:MoneySell,market_item.xlsx|apollon market|seller_raw:ProfessorsEmporium (100%)||market_item.xlsx|apollon market|seller_raw:PsylocybeFanaticus (100%),en_content_train_pool,en_content_train_pool,same_controller_style_structural_soft,same_controller_style_structural_soft,1.0,1.0,0.98808814
synthetic_positive_mixup::145,positive,same_controller,synthetic_train_only,0,1,zh_target_strict,train,1,1,1,1,0.55,market_item.xlsx|茶马古道|seller_raw:/shop/449035||market_item.xlsx|茶马古道|seller_raw:/shop/458155,market_item.xlsx|中文暗网交易市场|seller_raw:465763||market_item.xlsx|中文暗网交易市场|seller_raw:501102,zh_target_strict,zh_target_strict,same_controller_direct_identifier,same_controller_direct_identifier,0.55,0.55,0.49935244
synthetic_positive_mixup::146,positive,same_controller,synthetic_train_only,0,1,en_content_train_pool,train,1,1,1,1,1.0,market_item.xlsx|vice city|seller_raw:Crazysupplies||market_item.xlsx|vice city|seller_raw:Rudeman,market_item.xlsx|Lime|seller_raw:ketplug||market_item.xlsx|agartha market|seller_raw:CITYSHOP92,en_content_train_pool,en_content_train_pool,same_controller_direct_identifier,same_controller_direct_identifier,1.0,1.0,0.03266651
synthetic_positive_mixup::147,positive,same_controller,synthetic_train_only,0,1,en_content_train_pool,train,1,1,1,1,1.0,market_item.xlsx|darkfox market|seller_raw:ROCKO||market_item.xlsx|vice city|seller_raw:Rugrats,market_item.xlsx|apollon market|seller_raw:JiffyBagBoys (100%)||market_item.xlsx|dark0de|seller_raw:jiffybagboystor,en_content_train_pool,en_content_train_pool,same_controller_style_structural_soft,same_controller_style_structural_soft,1.0,1.0,0.35467715
synthetic_positive_mixup::148,positive,same_controller,synthetic_train_only,0,1,zh_target_strict,train,1,1,1,1,0.55,market_item.xlsx|中文暗网交易市场|seller_raw:435064||market_item.xlsx|中文暗网交易市场|seller_raw:606446,market_item.xlsx|中文暗网交易市场|seller_raw:361068||market_item.xlsx|中文暗网交易市场|seller_raw:537697,zh_target_strict,zh_target_strict,same_controller_direct_identifier,same_controller_direct_identifier,0.55,0.55,0.4406634
synthetic_positive_mixup::149,positive,same_controller,synthetic_train_only,0,1,en_content_train_pool,train,1,1,1,1,1.0,market_item.xlsx|darkfox market|seller_raw:live4drugs||market_item.xlsx|tor2door market|seller_raw:Darkdrugs,market_item.xlsx|versus market|seller_raw:sluts1||market_item.xlsx|vice city|seller_raw:Sluts,en_content_train_pool,en_content_train_pool,same_controller_style_structural_soft,same_controller_style_structural_soft,1.0,1.0,0.47536275
synthetic_positive_mixup::150,positive,same_controller,synthetic_train_only,0,1,en_content_train_pool,train,1,1,1,1,1.0,market_item.xlsx|silk road 3.1|seller_raw:salsid||market_item.xlsx|silk road 3.1|seller_raw:sulcud,market_item.xlsx|versus market|seller_raw:sluts1||market_item.xlsx|vice city|seller_raw:Sluts,en_content_train_pool,en_content_train_pool,same_controller_style_structural_soft,same_controller_style_structural_soft,1.0,1.0,0.99828267
synthetic_positive_mixup::151,positive,same_controller,synthetic_train_only,0,1,zh_target_strict,train,1,1,1,1,0.55,market_item.xlsx|中文暗网交易市场|seller_raw:157835||market_item.xlsx|中文暗网交易市场|seller_raw:95895,market_item.xlsx|中文暗网交易市场|seller_raw:361068||market_item.xlsx|中文暗网交易市场|seller_raw:70840,zh_target_strict,zh_target_strict,same_controller_direct_identifier,same_controller_direct_identifier,0.55,0.55,0.87551327
synthetic_positive_mixup::152,positive,same_controller,synthetic_train_only,0,1,en_content_train_pool,train,1,1,1,1,1.0,market_item.xlsx|versus market|seller_raw:sluts1||market_item.xlsx|vice city|seller_raw:Sluts,market_item.xlsx|dark0de|seller_raw:sluts||market_item.xlsx|versus market|seller_raw:sluts1,en_content_train_pool,en_content_train_pool,same_controller_style_structural_soft,same_controller_style_structural_soft,1.0,1.0,0.33071683
synthetic_positive_mixup::153,positive,same_controller,synthetic_train_only,0,1,en_content_train_pool,train,1,1,1,1,1.0,market_item.xlsx|silk road 3.1|seller_raw:Stokiebuyer||market_item.xlsx|silk road 3.1|seller_raw:stokeontrent,market_item.xlsx|agartha market|seller_raw:Legitsales||market_item.xlsx|agartha market|seller_raw:tonyplug,en_content_train_pool,en_content_train_pool,same_controller_direct_identifier,same_controller_direct_identifier,1.0,1.0,0.96522566
synthetic_positive_mixup::154,positive,same_controller,synthetic_train_only,0,1,en_content_train_pool,train,1,1,1,1,1.0,market_item.xlsx|Lime|seller_raw:michaeldean||market_item.xlsx|agartha market|seller_raw:dozy1992,market_item.xlsx|Lime|seller_raw:michaeldean||market_item.xlsx|agartha market|seller_raw:tonyplug,en_content_train_pool,en_content_train_pool,same_controller_direct_identifier,same_controller_direct_identifier,1.0,1.0,0.16975251
synthetic_positive_mixup::155,positive,same_controller,synthetic_train_only,0,1,zh_target_strict,train,1,1,1,1,0.55,market_item.xlsx|茶马古道|seller_raw:/shop/449035||market_item.xlsx|茶马古道|seller_raw:/shop/461222,market_item.xlsx|中文暗网交易市场|seller_raw:365949||market_item.xlsx|中文暗网交易市场|seller_raw:370168,zh_target_strict,zh_target_strict,same_controller_direct_identifier,same_controller_direct_identifier,1.0,0.55,0.00014419
synthetic_positive_mixup::156,positive,same_controller,synthetic_train_only,0,1,zh_target_strict,train,1,1,1,1,0.55,market_item.xlsx|中文暗网交易市场|seller_raw:121394||market_item.xlsx|中文暗网交易市场|seller_raw:312538,market_item.xlsx|中文暗网交易市场|seller_raw:435064||market_item.xlsx|中文暗网交易市场|seller_raw:95895,zh_target_strict,zh_target_strict,same_controller_direct_identifier,same_controller_direct_identifier,0.55,0.55,0.12171663
synthetic_positive_mixup::157,positive,same_controller,synthetic_train_only,0,1,zh_target_strict,train,1,1,1,1,0.55,market_item.xlsx|中文暗网交易市场|seller_raw:121394||market_item.xlsx|中文暗网交易市场|seller_raw:157835,market_item.xlsx|中文暗网交易市场|seller_raw:121394||market_item.xlsx|中文暗网交易市场|seller_raw:149940,zh_target_strict,zh_target_strict,same_controller_direct_identifier,same_controller_direct_identifier,0.55,0.55,0.0056699
synthetic_positive_mixup::158,positive,same_controller,synthetic_train_only,0,1,en_content_train_pool,train,1,1,1,1,1.0,market_item.xlsx|versus market|seller_raw:TheBodyShops||market_item.xlsx|vice city|seller_raw:TheBodyShop,market_item.xlsx|apollon market|seller_raw:Bestbars (100%)||market_item.xlsx|apollon market|seller_raw:keranvends (100%),en_content_train_pool,en_content_train_pool,same_controller_direct_identifier,same_controller_direct_identifier,1.0,1.0,0.10262729
synthetic_positive_mixup::159,positive,same_controller,synthetic_train_only,0,1,en_content_train_pool,train,1,1,1,1,1.0,market_item.xlsx|agartha market|seller_raw:Billsbarons420||market_item.xlsx|agartha market|seller_raw:drugload90,market_item.xlsx|agartha market|seller_raw:medicalfarmer||market_item.xlsx|agartha market|seller_raw:vendor_men,en_content_train_pool,en_content_train_pool,same_controller_direct_identifier,same_controller_direct_identifier,1.0,1.0,0.97388354
synthetic_positive_mixup::160,positive,same_controller,synthetic_train_only,0,1,en_content_train_pool,train,1,1,1,1,1.0,market_item.xlsx|agartha market|seller_raw:kaiserplug||market_item.xlsx|agartha market|seller_raw:medicalfarmer,market_item.xlsx|agartha market|seller_raw:dozy1992||market_item.xlsx|agartha market|seller_raw:kaiserplug,en_content_train_pool,en_content_train_pool,same_controller_direct_identifier,same_controller_direct_identifier,1.0,1.0,0.83491895
synthetic_positive_mixup::161,positive,same_controller,synthetic_train_only,0,1,zh_target_strict,train,1,1,1,1,1.0,market_item.xlsx|茶马古道|seller_raw:/shop/440200||market_item.xlsx|茶马古道|seller_raw:/shop/450020,market_item.xlsx|中文暗网交易市场|seller_raw:43871||market_item.xlsx|中文暗网交易市场|seller_raw:46626,zh_target_strict,zh_target_strict,same_controller_style_structural_soft,same_controller_style_structural_soft,1.0,1.0,0.91870252
synthetic_positive_mixup::162,positive,same_controller,synthetic_train_only,0,1,zh_target_strict,train,1,1,1,1,0.55,market_item.xlsx|中文暗网交易市场|seller_raw:636666||market_item.xlsx|中文暗网交易市场|seller_raw:65706,market_item.xlsx|中文暗网交易市场|seller_raw:501102||market_item.xlsx|中文暗网交易市场|seller_raw:537697,zh_target_strict,zh_target_strict,same_controller_direct_identifier,same_controller_direct_identifier,0.55,0.55,0.19868909
synthetic_positive_mixup::163,positive,same_controller,synthetic_train_only,0,1,zh_target_strict,train,1,1,1,1,0.55,market_item.xlsx|中文暗网交易市场|seller_raw:435064||market_item.xlsx|中文暗网交易市场|seller_raw:606446,market_item.xlsx|中文暗网交易市场|seller_raw:465763||market_item.xlsx|中文暗网交易市场|seller_raw:596304,zh_target_strict,zh_target_strict,same_controller_direct_identifier,same_controller_direct_identifier,0.55,0.55,0.97144201
synthetic_positive_mixup::164,positive,same_controller,synthetic_train_only,0,1,en_content_train_pool,train,1,1,1,1,1.0,market_item.xlsx|dark0de|seller_raw:gmailz||market_item.xlsx|vice city|seller_raw:Gmail,market_item.xlsx|apollon market|seller_raw:AMSTERDAM-TRANSPORT (100%)||market_item.xlsx|apollon market|seller_raw:HollandOnline (95%),en_content_train_pool,en_content_train_pool,same_controller_style_structural_soft,same_controller_style_structural_soft,1.0,1.0,0.03251689
synthetic_positive_mixup::165,positive,same_controller,synthetic_train_only,0,1,en_content_train_pool,train,1,1,1,1,1.0,market_item.xlsx|silk road 3.1|seller_raw:L0RDXANAX||market_item.xlsx|silk road 3.1|seller_raw:RealLordXanax,market_item.xlsx|apollon market|seller_raw:cocaineuk1 (98%)||market_item.xlsx|apollon market|seller_raw:ukcocaine (100%),en_content_train_pool,en_content_train_pool,same_controller_style_structural_soft,same_controller_style_structural_soft,1.0,1.0,0.54331089
synthetic_positive_mixup::166,positive,same_controller,synthetic_train_only,0,1,en_content_train_pool,train,1,1,1,1,1.0,market_item.xlsx|Lime|seller_raw:Legithustle420||market_item.xlsx|agartha market|seller_raw:Ortegameds,market_item.xlsx|Lime|seller_raw:michaeldean||market_item.xlsx|agartha market|seller_raw:CannaCare,en_content_train_pool,en_content_train_pool,same_controller_direct_identifier,same_controller_direct_identifier,1.0,1.0,0.85582088
synthetic_positive_mixup::167,positive,same_controller,synthetic_train_only,0,1,en_content_train_pool,train,1,1,1,1,1.0,market_item.xlsx|dark0de|seller_raw:gmailz||market_item.xlsx|vice city|seller_raw:Gmail,market_item.xlsx|apollon market|seller_raw:JiffyBagBoys (100%)||market_item.xlsx|dark0de|seller_raw:jiffybagboystor,en_content_train_pool,en_content_train_pool,same_controller_style_structural_soft,same_controller_style_structural_soft,1.0,1.0,0.99685895
synthetic_positive_mixup::168,positive,same_controller,synthetic_train_only,0,1,en_content_train_pool,train,1,1,1,1,1.0,market_item.xlsx|Lime|seller_raw:methking||market_item.xlsx|agartha market|seller_raw:dreamboss,market_item.xlsx|Lime|seller_raw:Legithustle420||market_item.xlsx|agartha market|seller_raw:Ortegameds,en_content_train_pool,en_content_train_pool,same_controller_direct_identifier,same_controller_direct_identifier,1.0,1.0,0.44723829
synthetic_positive_mixup::169,positive,same_controller,synthetic_train_only,0,1,zh_target_strict,train,1,1,1,1,1.0,market_item.xlsx|中文暗网交易市场|seller_raw:26383||market_item.xlsx|茶马古道|seller_raw:/shop/404544,market_item.xlsx|中文暗网交易市场|seller_raw:443620||market_item.xlsx|茶马古道|seller_raw:/shop/824,zh_target_strict,zh_target_strict,same_controller_style_structural_soft,same_controller_style_structural_soft,1.0,1.0,0.0462808
synthetic_positive_mixup::170,positive,same_controller,synthetic_train_only,0,1,zh_target_strict,train,1,1,1,1,0.55,market_item.xlsx|中文暗网交易市场|seller_raw:121394||market_item.xlsx|中文暗网交易市场|seller_raw:157835,market_item.xlsx|中文暗网交易市场|seller_raw:534628||market_item.xlsx|中文暗网交易市场|seller_raw:562478,zh_target_strict,zh_target_strict,same_controller_direct_identifier,same_controller_direct_identifier,0.55,0.55,0.98669047
synthetic_positive_mixup::171,positive,same_controller,synthetic_train_only,0,1,en_content_train_pool,train,1,1,1,1,1.0,market_item.xlsx|silk road 3.1|seller_raw:Vend1ngMach1ne||market_item.xlsx|silk road 3.1|seller_raw:VendingMach1n3,market_item.xlsx|apollon market|seller_raw:cocaineuk1 (98%)||market_item.xlsx|apollon market|seller_raw:ukcocaine (100%),en_content_train_pool,en_content_train_pool,same_controller_style_structural_soft,same_controller_style_structural_soft,1.0,1.0,0.74037263
synthetic_positive_mixup::172,positive,same_controller,synthetic_train_only,0,1,en_content_train_pool,train,1,1,1,1,1.0,market_item.xlsx|agartha market|seller_raw:makershop||market_item.xlsx|agartha market|seller_raw:tonyplug,market_item.xlsx|agartha market|seller_raw:dozy1992||market_item.xlsx|agartha market|seller_raw:tonyplug,en_content_train_pool,en_content_train_pool,same_controller_direct_identifier,same_controller_direct_identifier,1.0,1.0,0.00231704
synthetic_positive_mixup::173,positive,same_controller,synthetic_train_only,0,1,en_content_train_pool,train,1,1,1,1,1.0,market_item.xlsx|Cartel|seller_raw:theword1||market_item.xlsx|dark0de|seller_raw:mensguru,market_item.xlsx|apollon market|seller_raw:StealthPharmacy (100%)||market_item.xlsx|versus market|seller_raw:Diazeman,en_content_train_pool,en_content_train_pool,same_controller_style_structural_soft,same_controller_style_structural_soft,1.0,1.0,0.24355795
synthetic_positive_mixup::174,positive,same_controller,synthetic_train_only,0,1,en_content_train_pool,train,1,1,1,1,1.0,market_item.xlsx|apollon market|seller_raw:HotShop (100%)||market_item.xlsx|dark0de|seller_raw:hotshop100,market_item.xlsx|apollon market|seller_raw:JiffyBagBoys (100%)||market_item.xlsx|dark0de|seller_raw:jiffybagboystor,en_content_train_pool,en_content_train_pool,same_controller_style_structural_soft,same_controller_style_structural_soft,1.0,1.0,0.79059292
synthetic_positive_mixup::175,positive,same_controller,synthetic_train_only,0,1,zh_target_strict,train,1,1,1,1,0.55,market_item.xlsx|中文暗网交易市场|seller_raw:361068||market_item.xlsx|中文暗网交易市场|seller_raw:45068,market_item.xlsx|中文暗网交易市场|seller_raw:501102||market_item.xlsx|中文暗网交易市场|seller_raw:537697,zh_target_strict,zh_target_strict,same_controller_direct_identifier,same_controller_direct_identifier,0.55,0.55,0.01565695
synthetic_positive_mixup::176,positive,same_controller,synthetic_train_only,0,1,en_content_train_pool,train,1,1,1,1,1.0,market_item.xlsx|agartha market|seller_raw:Billsbarons420||market_item.xlsx|agartha market|seller_raw:drugload90,market_item.xlsx|agartha market|seller_raw:Billsbarons420||market_item.xlsx|agartha market|seller_raw:PHARMAHOUSE,en_content_train_pool,en_content_train_pool,same_controller_direct_identifier,same_controller_direct_identifier,1.0,1.0,0.96266491
synthetic_positive_mixup::177,positive,same_controller,synthetic_train_only,0,1,zh_target_strict,train,1,1,1,1,0.55,market_item.xlsx|茶马古道|seller_raw:/shop/449035||market_item.xlsx|茶马古道|seller_raw:/shop/458155,market_item.xlsx|中文暗网交易市场|seller_raw:361068||market_item.xlsx|中文暗网交易市场|seller_raw:45068,zh_target_strict,zh_target_strict,same_controller_direct_identifier,same_controller_direct_identifier,0.55,0.55,0.76574896
synthetic_positive_mixup::178,positive,same_controller,synthetic_train_only,0,1,en_content_train_pool,train,1,1,1,1,1.0,market_item.xlsx|Lime|seller_raw:Cityshop||market_item.xlsx|agartha market|seller_raw:chrisstore24,market_item.xlsx|Lime|seller_raw:USADRUGLORD||market_item.xlsx|agartha market|seller_raw:willson99,en_content_train_pool,en_content_train_pool,same_controller_direct_identifier,same_controller_direct_identifier,1.0,1.0,0.02315218
synthetic_positive_mixup::179,positive,same_controller,synthetic_train_only,0,1,zh_target_strict,train,1,1,1,1,0.55,market_item.xlsx|中文暗网交易市场|seller_raw:516000||market_item.xlsx|茶马古道|seller_raw:/shop/5524,market_item.xlsx|中文暗网交易市场|seller_raw:54210||market_item.xlsx|茶马古道|seller_raw:/shop/400997,zh_target_strict,zh_target_strict,same_controller_direct_identifier,same_controller_direct_identifier,0.55,0.55,0.52680887
synthetic_positive_mixup::180,positive,same_controller,synthetic_train_only,0,1,en_content_train_pool,train,1,1,1,1,1.0,market_item.xlsx|silk road 3.1|seller_raw:OREIA||market_item.xlsx|silk road 3.1|seller_raw:oreiaa,market_item.xlsx|versus market|seller_raw:sluts1||market_item.xlsx|vice city|seller_raw:Sluts,en_content_train_pool,en_content_train_pool,same_controller_style_structural_soft,same_controller_style_structural_soft,1.0,1.0,0.99339502
synthetic_positive_mixup::181,positive,same_controller,synthetic_train_only,0,1,en_content_train_pool,train,1,1,1,1,1.0,market_item.xlsx|Lime|seller_raw:Legithustle420||market_item.xlsx|agartha market|seller_raw:ProGlobalSam,market_item.xlsx|Lime|seller_raw:ketplug||market_item.xlsx|agartha market|seller_raw:Lordpharma,en_content_train_pool,en_content_train_pool,same_controller_direct_identifier,same_controller_direct_identifier,1.0,1.0,0.0423924
synthetic_positive_mixup::182,positive,same_controller,synthetic_train_only,0,1,zh_target_strict,train,1,1,1,1,0.55,market_item.xlsx|中文暗网交易市场|seller_raw:312538||market_item.xlsx|中文暗网交易市场|seller_raw:606446,market_item.xlsx|中文暗网交易市场|seller_raw:433599||market_item.xlsx|中文暗网交易市场|seller_raw:435064,zh_target_strict,zh_target_strict,same_controller_direct_identifier,same_controller_direct_identifier,0.55,0.55,0.51492184
synthetic_positive_mixup::183,positive,same_controller,synthetic_train_only,0,1,en_content_train_pool,train,1,1,1,1,1.0,market_item.xlsx|Lime|seller_raw:Legithustle420||market_item.xlsx|agartha market|seller_raw:ProGlobalSam,market_item.xlsx|agartha market|seller_raw:bluesstore||market_item.xlsx|agartha market|seller_raw:dozy1992,en_content_train_pool,en_content_train_pool,same_controller_direct_identifier,same_controller_direct_identifier,1.0,1.0,0.12449382
synthetic_positive_mixup::184,positive,same_controller,synthetic_train_only,0,1,en_content_train_pool,train,1,1,1,1,1.0,market_item.xlsx|Lime|seller_raw:Legithustle420||market_item.xlsx|agartha market|seller_raw:ProGlobalSam,market_item.xlsx|Lime|seller_raw:ketplug||market_item.xlsx|agartha market|seller_raw:Lordpharma,en_content_train_pool,en_content_train_pool,same_controller_direct_identifier,same_controller_direct_identifier,1.0,1.0,0.99641185
synthetic_positive_mixup::185,positive,same_controller,synthetic_train_only,0,1,zh_target_strict,train,1,1,1,1,0.55,market_item.xlsx|中文暗网交易市场|seller_raw:462296||market_item.xlsx|中文暗网交易市场|seller_raw:562478,market_item.xlsx|中文暗网交易市场|seller_raw:534628||market_item.xlsx|中文暗网交易市场|seller_raw:562478,zh_target_strict,zh_target_strict,same_controller_direct_identifier,same_controller_direct_identifier,0.55,0.55,0.32116327
synthetic_positive_mixup::186,positive,same_controller,synthetic_train_only,0,1,en_content_train_pool,train,1,1,1,1,1.0,market_item.xlsx|agartha market|seller_raw:Billsbarons420||market_item.xlsx|agartha market|seller_raw:drugload90,market_item.xlsx|agartha market|seller_raw:Billsbarons420||market_item.xlsx|agartha market|seller_raw:PHARMAHOUSE,en_content_train_pool,en_content_train_pool,same_controller_direct_identifier,same_controller_direct_identifier,1.0,1.0,0.99171404
synthetic_positive_mixup::187,positive,same_controller,synthetic_train_only,0,1,en_content_train_pool,train,1,1,1,1,1.0,market_item.xlsx|agartha market|seller_raw:CannaCare||market_item.xlsx|agartha market|seller_raw:tonyplug,market_item.xlsx|agartha market|seller_raw:CannaCare||market_item.xlsx|agartha market|seller_raw:private,en_content_train_pool,en_content_train_pool,same_controller_direct_identifier,same_controller_direct_identifier,1.0,1.0,0.93802932
