pair_uid,track,matched_set_id,parent_pair_uid,review_label,seller_uid_left,seller_uid_right,split_name,component_id,fold,evidence_type,silver_train_only,training_sample_weight,seed,variant_index,transform,synthetic_train_only,benchmark_eligible,independent_real_sample,fabricated_identifier_count,fabricated_market_or_provenance
synthetic://step27/v1_1/duplication/silver_sensitivity/seed_20260325/silver_sensitivity_matched_000/negative/v00,silver_sensitivity,silver_sensitivity_matched_000,market_item.xlsx|中文暗网交易市场|seller_raw:494256||market_item.xlsx|茶马古道|seller_raw:/shop/433651,negative,market_item.xlsx|中文暗网交易市场|seller_raw:494256,market_item.xlsx|茶马古道|seller_raw:/shop/433651,train,zh_target_strict_cc_2e5c7caaf65dd8e0,0,template_clone_not_controller,1,0.060000000000,20260325,0,equal_effective_weight_duplication,1,0,0,0,0
synthetic://step27/v1_1/duplication/silver_sensitivity/seed_20260325/silver_sensitivity_matched_000/positive/v00,silver_sensitivity,silver_sensitivity_matched_000,market_item.xlsx|中文暗网交易市场|seller_raw:54210||market_item.xlsx|茶马古道|seller_raw:/shop/400997,positive,market_item.xlsx|中文暗网交易市场|seller_raw:54210,market_item.xlsx|茶马古道|seller_raw:/shop/400997,train,zh_target_strict_cc_f7f70f2184be4bbd,0,same_controller_direct_identifier,1,0.275000000000,20260325,0,equal_effective_weight_duplication,1,0,0,0,0
synthetic://step27/v1_1/duplication/silver_sensitivity/seed_20260325/silver_sensitivity_matched_001/negative/v00,silver_sensitivity,silver_sensitivity_matched_001,market_item.xlsx|中文暗网交易市场|seller_raw:36073||market_item.xlsx|茶马古道|seller_raw:/shop/6101,negative,market_item.xlsx|中文暗网交易市场|seller_raw:36073,market_item.xlsx|茶马古道|seller_raw:/shop/6101,train,zh_target_strict_cc_50c6ef9245347923,3,template_clone_not_controller,1,0.060000000000,20260325,0,equal_effective_weight_duplication,1,0,0,0,0
synthetic://step27/v1_1/duplication/silver_sensitivity/seed_20260325/silver_sensitivity_matched_001/positive/v00,silver_sensitivity,silver_sensitivity_matched_001,market_item.xlsx|中文暗网交易市场|seller_raw:121394||market_item.xlsx|中文暗网交易市场|seller_raw:157835,positive,market_item.xlsx|中文暗网交易市场|seller_raw:121394,market_item.xlsx|中文暗网交易市场|seller_raw:157835,train,zh_target_strict_cc_8d579273f8d400c6,3,same_controller_direct_identifier,1,0.275000000000,20260325,0,equal_effective_weight_duplication,1,0,0,0,0
synthetic://step27/v1_1/duplication/silver_sensitivity/seed_20260325/silver_sensitivity_matched_002/negative/v00,silver_sensitivity,silver_sensitivity_matched_002,market_item.xlsx|中文暗网交易市场|seller_raw:603220||market_item.xlsx|茶马古道|seller_raw:/shop/396767,negative,market_item.xlsx|中文暗网交易市场|seller_raw:603220,market_item.xlsx|茶马古道|seller_raw:/shop/396767,train,zh_target_strict_cc_ccff1905755794ed,2,template_clone_not_controller,1,0.060000000000,20260325,0,equal_effective_weight_duplication,1,0,0,0,0
synthetic://step27/v1_1/duplication/silver_sensitivity/seed_20260325/silver_sensitivity_matched_002/positive/v00,silver_sensitivity,silver_sensitivity_matched_002,market_item.xlsx|中文暗网交易市场|seller_raw:361068||market_item.xlsx|中文暗网交易市场|seller_raw:45068,positive,market_item.xlsx|中文暗网交易市场|seller_raw:361068,market_item.xlsx|中文暗网交易市场|seller_raw:45068,train,zh_target_strict_cc_540db623f3f9599c,2,same_controller_direct_identifier,1,0.275000000000,20260325,0,equal_effective_weight_duplication,1,0,0,0,0
synthetic://step27/v1_1/duplication/silver_sensitivity/seed_20260325/silver_sensitivity_matched_003/negative/v00,silver_sensitivity,silver_sensitivity_matched_003,market_item.xlsx|中文暗网交易市场|seller_raw:546317||market_item.xlsx|茶马古道|seller_raw:/shop/404772,negative,market_item.xlsx|中文暗网交易市场|seller_raw:546317,market_item.xlsx|茶马古道|seller_raw:/shop/404772,train,zh_target_strict_cc_3b05f980bd46ca48,2,template_clone_not_controller,1,0.080000000000,20260325,0,equal_effective_weight_duplication,1,0,0,0,0
synthetic://step27/v1_1/duplication/silver_sensitivity/seed_20260325/silver_sensitivity_matched_003/positive/v00,silver_sensitivity,silver_sensitivity_matched_003,market_item.xlsx|中文暗网交易市场|seller_raw:361068||market_item.xlsx|中文暗网交易市场|seller_raw:596304,positive,market_item.xlsx|中文暗网交易市场|seller_raw:361068,market_item.xlsx|中文暗网交易市场|seller_raw:596304,train,zh_target_strict_cc_540db623f3f9599c,2,same_controller_direct_identifier,1,0.275000000000,20260325,0,equal_effective_weight_duplication,1,0,0,0,0
synthetic://step27/v1_1/duplication/silver_sensitivity/seed_20260325/silver_sensitivity_matched_004/negative/v00,silver_sensitivity,silver_sensitivity_matched_004,market_item.xlsx|中文暗网交易市场|seller_raw:593428||market_item.xlsx|茶马古道|seller_raw:/shop/433481,negative,market_item.xlsx|中文暗网交易市场|seller_raw:593428,market_item.xlsx|茶马古道|seller_raw:/shop/433481,train,zh_target_strict_cc_e01a2866bbaf02be,3,template_clone_not_controller,1,0.060000000000,20260325,0,equal_effective_weight_duplication,1,0,0,0,0
synthetic://step27/v1_1/duplication/silver_sensitivity/seed_20260325/silver_sensitivity_matched_004/positive/v00,silver_sensitivity,silver_sensitivity_matched_004,market_item.xlsx|中文暗网交易市场|seller_raw:157835||market_item.xlsx|中文暗网交易市场|seller_raw:435064,positive,market_item.xlsx|中文暗网交易市场|seller_raw:157835,market_item.xlsx|中文暗网交易市场|seller_raw:435064,train,zh_target_strict_cc_8d579273f8d400c6,3,same_controller_direct_identifier,1,0.275000000000,20260325,0,equal_effective_weight_duplication,1,0,0,0,0
synthetic://step27/v1_1/duplication/silver_sensitivity/seed_20260325/silver_sensitivity_matched_005/negative/v00,silver_sensitivity,silver_sensitivity_matched_005,market_item.xlsx|中文暗网交易市场|seller_raw:536790||market_item.xlsx|茶马古道|seller_raw:/shop/397527,negative,market_item.xlsx|中文暗网交易市场|seller_raw:536790,market_item.xlsx|茶马古道|seller_raw:/shop/397527,train,zh_target_strict_cc_5ccbcc47c3519a86,1,template_clone_not_controller,1,0.080000000000,20260325,0,equal_effective_weight_duplication,1,0,0,0,0
synthetic://step27/v1_1/duplication/silver_sensitivity/seed_20260325/silver_sensitivity_matched_005/positive/v00,silver_sensitivity,silver_sensitivity_matched_005,market_item.xlsx|茶马古道|seller_raw:/shop/403842||market_item.xlsx|茶马古道|seller_raw:/shop/433482,positive,market_item.xlsx|茶马古道|seller_raw:/shop/403842,market_item.xlsx|茶马古道|seller_raw:/shop/433482,train,zh_target_strict_cc_6127caefc2200ba7,1,same_controller_direct_identifier,1,0.275000000000,20260325,0,equal_effective_weight_duplication,1,0,0,0,0
synthetic://step27/v1_1/duplication/silver_sensitivity/seed_20260325/silver_sensitivity_matched_006/negative/v00,silver_sensitivity,silver_sensitivity_matched_006,market_item.xlsx|中文暗网交易市场|seller_raw:529346||market_item.xlsx|茶马古道|seller_raw:/shop/397675,negative,market_item.xlsx|中文暗网交易市场|seller_raw:529346,market_item.xlsx|茶马古道|seller_raw:/shop/397675,train,zh_target_strict_cc_9be23801b5ee90b0,2,template_clone_not_controller,1,0.080000000000,20260325,0,equal_effective_weight_duplication,1,0,0,0,0
synthetic://step27/v1_1/duplication/silver_sensitivity/seed_20260325/silver_sensitivity_matched_006/positive/v00,silver_sensitivity,silver_sensitivity_matched_006,market_item.xlsx|中文暗网交易市场|seller_raw:446965||market_item.xlsx|中文暗网交易市场|seller_raw:70840,positive,market_item.xlsx|中文暗网交易市场|seller_raw:446965,market_item.xlsx|中文暗网交易市场|seller_raw:70840,train,zh_target_strict_cc_540db623f3f9599c,2,same_controller_direct_identifier,1,0.275000000000,20260325,0,equal_effective_weight_duplication,1,0,0,0,0
synthetic://step27/v1_1/duplication/silver_sensitivity/seed_20260325/silver_sensitivity_matched_007/negative/v00,silver_sensitivity,silver_sensitivity_matched_007,market_item.xlsx|中文暗网交易市场|seller_raw:512567||market_item.xlsx|茶马古道|seller_raw:/shop/397778,negative,market_item.xlsx|中文暗网交易市场|seller_raw:512567,market_item.xlsx|茶马古道|seller_raw:/shop/397778,train,zh_target_strict_cc_1ace3a6450507803,3,template_clone_not_controller,1,0.060000000000,20260325,0,equal_effective_weight_duplication,1,0,0,0,0
synthetic://step27/v1_1/duplication/silver_sensitivity/seed_20260325/silver_sensitivity_matched_007/positive/v00,silver_sensitivity,silver_sensitivity_matched_007,market_item.xlsx|中文暗网交易市场|seller_raw:121394||market_item.xlsx|中文暗网交易市场|seller_raw:149940,positive,market_item.xlsx|中文暗网交易市场|seller_raw:121394,market_item.xlsx|中文暗网交易市场|seller_raw:149940,train,zh_target_strict_cc_8d579273f8d400c6,3,same_controller_direct_identifier,1,0.275000000000,20260325,0,equal_effective_weight_duplication,1,0,0,0,0
synthetic://step27/v1_1/duplication/silver_sensitivity/seed_20260325/silver_sensitivity_matched_008/negative/v00,silver_sensitivity,silver_sensitivity_matched_008,market_item.xlsx|茶马古道|seller_raw:/shop/2901||market_item.xlsx|茶马古道|seller_raw:/shop/841,negative,market_item.xlsx|茶马古道|seller_raw:/shop/2901,market_item.xlsx|茶马古道|seller_raw:/shop/841,train,zh_target_strict_cc_c625a925bf8e6ee0,1,semantic_topic_not_controller,1,0.075000000000,20260325,0,equal_effective_weight_duplication,1,0,0,0,0
synthetic://step27/v1_1/duplication/silver_sensitivity/seed_20260325/silver_sensitivity_matched_008/positive/v00,silver_sensitivity,silver_sensitivity_matched_008,market_item.xlsx|中文暗网交易市场|seller_raw:534628||market_item.xlsx|中文暗网交易市场|seller_raw:562478,positive,market_item.xlsx|中文暗网交易市场|seller_raw:534628,market_item.xlsx|中文暗网交易市场|seller_raw:562478,train,zh_target_strict_cc_290f4bfb9bba0476,1,same_controller_direct_identifier,1,0.275000000000,20260325,0,equal_effective_weight_duplication,1,0,0,0,0
synthetic://step27/v1_1/duplication/silver_sensitivity/seed_20260325/silver_sensitivity_matched_009/negative/v00,silver_sensitivity,silver_sensitivity_matched_009,market_item.xlsx|中文暗网交易市场|seller_raw:71807||market_item.xlsx|茶马古道|seller_raw:/shop/736,negative,market_item.xlsx|中文暗网交易市场|seller_raw:71807,market_item.xlsx|茶马古道|seller_raw:/shop/736,train,zh_target_strict_cc_52557091d1ce932e,3,template_clone_not_controller,1,0.080000000000,20260325,0,equal_effective_weight_duplication,1,0,0,0,0
synthetic://step27/v1_1/duplication/silver_sensitivity/seed_20260325/silver_sensitivity_matched_009/positive/v00,silver_sensitivity,silver_sensitivity_matched_009,market_item.xlsx|中文暗网交易市场|seller_raw:433599||market_item.xlsx|中文暗网交易市场|seller_raw:435064,positive,market_item.xlsx|中文暗网交易市场|seller_raw:433599,market_item.xlsx|中文暗网交易市场|seller_raw:435064,train,zh_target_strict_cc_8d579273f8d400c6,3,same_controller_direct_identifier,1,0.275000000000,20260325,0,equal_effective_weight_duplication,1,0,0,0,0
synthetic://step27/v1_1/duplication/silver_sensitivity/seed_20260325/silver_sensitivity_matched_010/negative/v00,silver_sensitivity,silver_sensitivity_matched_010,market_item.xlsx|中文暗网交易市场|seller_raw:459702||market_item.xlsx|茶马古道|seller_raw:/shop/2937,negative,market_item.xlsx|中文暗网交易市场|seller_raw:459702,market_item.xlsx|茶马古道|seller_raw:/shop/2937,train,zh_target_strict_cc_bda6d94a4056b6e4,3,template_clone_not_controller,1,0.080000000000,20260325,0,equal_effective_weight_duplication,1,0,0,0,0
synthetic://step27/v1_1/duplication/silver_sensitivity/seed_20260325/silver_sensitivity_matched_010/positive/v00,silver_sensitivity,silver_sensitivity_matched_010,market_item.xlsx|中文暗网交易市场|seller_raw:121394||market_item.xlsx|中文暗网交易市场|seller_raw:312538,positive,market_item.xlsx|中文暗网交易市场|seller_raw:121394,market_item.xlsx|中文暗网交易市场|seller_raw:312538,train,zh_target_strict_cc_8d579273f8d400c6,3,same_controller_direct_identifier,1,0.275000000000,20260325,0,equal_effective_weight_duplication,1,0,0,0,0
synthetic://step27/v1_1/duplication/silver_sensitivity/seed_20260325/silver_sensitivity_matched_011/negative/v00,silver_sensitivity,silver_sensitivity_matched_011,market_item.xlsx|茶马古道|seller_raw:/shop/429138||market_item.xlsx|茶马古道|seller_raw:/shop/435113,negative,market_item.xlsx|茶马古道|seller_raw:/shop/429138,market_item.xlsx|茶马古道|seller_raw:/shop/435113,train,zh_target_strict_cc_22709e967eba3940,3,template_clone_not_controller,1,0.090000000000,20260325,0,equal_effective_weight_duplication,1,0,0,0,0
synthetic://step27/v1_1/duplication/silver_sensitivity/seed_20260325/silver_sensitivity_matched_011/positive/v00,silver_sensitivity,silver_sensitivity_matched_011,market_item.xlsx|中文暗网交易市场|seller_raw:149940||market_item.xlsx|中文暗网交易市场|seller_raw:312538,positive,market_item.xlsx|中文暗网交易市场|seller_raw:149940,market_item.xlsx|中文暗网交易市场|seller_raw:312538,train,zh_target_strict_cc_8d579273f8d400c6,3,same_controller_direct_identifier,1,0.275000000000,20260325,0,equal_effective_weight_duplication,1,0,0,0,0
synthetic://step27/v1_1/duplication/silver_sensitivity/seed_20260325/silver_sensitivity_matched_012/negative/v00,silver_sensitivity,silver_sensitivity_matched_012,market_item.xlsx|中文暗网交易市场|seller_raw:518336||market_item.xlsx|茶马古道|seller_raw:/shop/397707,negative,market_item.xlsx|中文暗网交易市场|seller_raw:518336,market_item.xlsx|茶马古道|seller_raw:/shop/397707,train,zh_target_strict_cc_2e5c7caaf65dd8e0,0,template_clone_not_controller,1,0.080000000000,20260325,0,equal_effective_weight_duplication,1,0,0,0,0
synthetic://step27/v1_1/duplication/silver_sensitivity/seed_20260325/silver_sensitivity_matched_012/positive/v00,silver_sensitivity,silver_sensitivity_matched_012,market_item.xlsx|中文暗网交易市场|seller_raw:502030||market_item.xlsx|中文暗网交易市场|seller_raw:53014,positive,market_item.xlsx|中文暗网交易市场|seller_raw:502030,market_item.xlsx|中文暗网交易市场|seller_raw:53014,train,zh_target_strict_cc_f65cdcbf3ab490cb,0,same_controller_direct_identifier,1,0.275000000000,20260325,0,equal_effective_weight_duplication,1,0,0,0,0
synthetic://step27/v1_1/duplication/silver_sensitivity/seed_20260325/silver_sensitivity_matched_013/negative/v00,silver_sensitivity,silver_sensitivity_matched_013,market_item.xlsx|中文暗网交易市场|seller_raw:569984||market_item.xlsx|茶马古道|seller_raw:/shop/422565,negative,market_item.xlsx|中文暗网交易市场|seller_raw:569984,market_item.xlsx|茶马古道|seller_raw:/shop/422565,train,zh_target_strict_cc_c16a6406195c4f1c,2,template_clone_not_controller,1,0.080000000000,20260325,0,equal_effective_weight_duplication,1,0,0,0,0
synthetic://step27/v1_1/duplication/silver_sensitivity/seed_20260325/silver_sensitivity_matched_013/positive/v00,silver_sensitivity,silver_sensitivity_matched_013,market_item.xlsx|中文暗网交易市场|seller_raw:501102||market_item.xlsx|中文暗网交易市场|seller_raw:537697,positive,market_item.xlsx|中文暗网交易市场|seller_raw:501102,market_item.xlsx|中文暗网交易市场|seller_raw:537697,train,zh_target_strict_cc_540db623f3f9599c,2,same_controller_direct_identifier,1,0.275000000000,20260325,0,equal_effective_weight_duplication,1,0,0,0,0
synthetic://step27/v1_1/duplication/silver_sensitivity/seed_20260325/silver_sensitivity_matched_014/negative/v00,silver_sensitivity,silver_sensitivity_matched_014,market_item.xlsx|中文暗网交易市场|seller_raw:69573||market_item.xlsx|茶马古道|seller_raw:/shop/402851,negative,market_item.xlsx|中文暗网交易市场|seller_raw:69573,market_item.xlsx|茶马古道|seller_raw:/shop/402851,train,zh_target_strict_cc_0716f7d56fab2fe3,2,template_clone_not_controller,1,0.060000000000,20260325,0,equal_effective_weight_duplication,1,0,0,0,0
synthetic://step27/v1_1/duplication/silver_sensitivity/seed_20260325/silver_sensitivity_matched_014/positive/v00,silver_sensitivity,silver_sensitivity_matched_014,market_item.xlsx|中文暗网交易市场|seller_raw:365949||market_item.xlsx|中文暗网交易市场|seller_raw:370168,positive,market_item.xlsx|中文暗网交易市场|seller_raw:365949,market_item.xlsx|中文暗网交易市场|seller_raw:370168,train,zh_target_strict_cc_6d42501cee919350,2,same_controller_direct_identifier,1,0.275000000000,20260325,0,equal_effective_weight_duplication,1,0,0,0,0
synthetic://step27/v1_1/duplication/silver_sensitivity/seed_20260325/silver_sensitivity_matched_015/negative/v00,silver_sensitivity,silver_sensitivity_matched_015,market_item.xlsx|中文暗网交易市场|seller_raw:556969||market_item.xlsx|茶马古道|seller_raw:/shop/422733,negative,market_item.xlsx|中文暗网交易市场|seller_raw:556969,market_item.xlsx|茶马古道|seller_raw:/shop/422733,train,zh_target_strict_cc_0b81a8577b9ee929,1,template_clone_not_controller,1,0.060000000000,20260325,0,equal_effective_weight_duplication,1,0,0,0,0
synthetic://step27/v1_1/duplication/silver_sensitivity/seed_20260325/silver_sensitivity_matched_015/positive/v00,silver_sensitivity,silver_sensitivity_matched_015,market_item.xlsx|中文暗网交易市场|seller_raw:516000||market_item.xlsx|茶马古道|seller_raw:/shop/5524,positive,market_item.xlsx|中文暗网交易市场|seller_raw:516000,market_item.xlsx|茶马古道|seller_raw:/shop/5524,train,zh_target_strict_cc_5ab9a9542992a12d,1,same_controller_direct_identifier,1,0.275000000000,20260325,0,equal_effective_weight_duplication,1,0,0,0,0
synthetic://step27/v1_1/duplication/silver_sensitivity/seed_20260325/silver_sensitivity_matched_016/negative/v00,silver_sensitivity,silver_sensitivity_matched_016,market_item.xlsx|中文暗网交易市场|seller_raw:499031||market_item.xlsx|茶马古道|seller_raw:/shop/393847,negative,market_item.xlsx|中文暗网交易市场|seller_raw:499031,market_item.xlsx|茶马古道|seller_raw:/shop/393847,train,zh_target_strict_cc_9e435cf6bbaaa3e5,2,semantic_topic_not_controller,1,0.060000000000,20260325,0,equal_effective_weight_duplication,1,0,0,0,0
synthetic://step27/v1_1/duplication/silver_sensitivity/seed_20260325/silver_sensitivity_matched_016/positive/v00,silver_sensitivity,silver_sensitivity_matched_016,market_item.xlsx|中文暗网交易市场|seller_raw:465763||market_item.xlsx|中文暗网交易市场|seller_raw:555666,positive,market_item.xlsx|中文暗网交易市场|seller_raw:465763,market_item.xlsx|中文暗网交易市场|seller_raw:555666,train,zh_target_strict_cc_540db623f3f9599c,2,same_controller_direct_identifier,1,0.275000000000,20260325,0,equal_effective_weight_duplication,1,0,0,0,0
synthetic://step27/v1_1/duplication/silver_sensitivity/seed_20260325/silver_sensitivity_matched_017/negative/v00,silver_sensitivity,silver_sensitivity_matched_017,market_item.xlsx|中文暗网交易市场|seller_raw:569682||market_item.xlsx|茶马古道|seller_raw:/shop/407896,negative,market_item.xlsx|中文暗网交易市场|seller_raw:569682,market_item.xlsx|茶马古道|seller_raw:/shop/407896,train,zh_target_strict_cc_1234aba824302a63,2,template_clone_not_controller,1,0.060000000000,20260325,0,equal_effective_weight_duplication,1,0,0,0,0
synthetic://step27/v1_1/duplication/silver_sensitivity/seed_20260325/silver_sensitivity_matched_017/positive/v00,silver_sensitivity,silver_sensitivity_matched_017,market_item.xlsx|中文暗网交易市场|seller_raw:250715||market_item.xlsx|中文暗网交易市场|seller_raw:465763,positive,market_item.xlsx|中文暗网交易市场|seller_raw:250715,market_item.xlsx|中文暗网交易市场|seller_raw:465763,train,zh_target_strict_cc_540db623f3f9599c,2,same_controller_direct_identifier,1,0.275000000000,20260325,0,equal_effective_weight_duplication,1,0,0,0,0
synthetic://step27/v1_1/duplication/silver_sensitivity/seed_20260325/silver_sensitivity_matched_018/negative/v00,silver_sensitivity,silver_sensitivity_matched_018,market_item.xlsx|中文暗网交易市场|seller_raw:469144||market_item.xlsx|茶马古道|seller_raw:/shop/417610,negative,market_item.xlsx|中文暗网交易市场|seller_raw:469144,market_item.xlsx|茶马古道|seller_raw:/shop/417610,train,zh_target_strict_cc_a075d160d8e9bceb,3,template_clone_not_controller,1,0.060000000000,20260325,0,equal_effective_weight_duplication,1,0,0,0,0
synthetic://step27/v1_1/duplication/silver_sensitivity/seed_20260325/silver_sensitivity_matched_018/positive/v00,silver_sensitivity,silver_sensitivity_matched_018,market_item.xlsx|中文暗网交易市场|seller_raw:121394||market_item.xlsx|中文暗网交易市场|seller_raw:436422,positive,market_item.xlsx|中文暗网交易市场|seller_raw:121394,market_item.xlsx|中文暗网交易市场|seller_raw:436422,train,zh_target_strict_cc_8d579273f8d400c6,3,same_controller_direct_identifier,1,0.275000000000,20260325,0,equal_effective_weight_duplication,1,0,0,0,0
synthetic://step27/v1_1/duplication/silver_sensitivity/seed_20260325/silver_sensitivity_matched_019/negative/v00,silver_sensitivity,silver_sensitivity_matched_019,market_item.xlsx|中文暗网交易市场|seller_raw:528494||market_item.xlsx|茶马古道|seller_raw:/shop/399158,negative,market_item.xlsx|中文暗网交易市场|seller_raw:528494,market_item.xlsx|茶马古道|seller_raw:/shop/399158,train,zh_target_strict_cc_05570b72d05a6c3e,1,semantic_topic_not_controller,1,0.075000000000,20260325,0,equal_effective_weight_duplication,1,0,0,0,0
synthetic://step27/v1_1/duplication/silver_sensitivity/seed_20260325/silver_sensitivity_matched_019/positive/v00,silver_sensitivity,silver_sensitivity_matched_019,market_item.xlsx|中文暗网交易市场|seller_raw:534628||market_item.xlsx|中文暗网交易市场|seller_raw:605663,positive,market_item.xlsx|中文暗网交易市场|seller_raw:534628,market_item.xlsx|中文暗网交易市场|seller_raw:605663,train,zh_target_strict_cc_290f4bfb9bba0476,1,same_controller_direct_identifier,1,0.275000000000,20260325,0,equal_effective_weight_duplication,1,0,0,0,0
synthetic://step27/v1_1/duplication/silver_sensitivity/seed_20260325/silver_sensitivity_matched_020/negative/v00,silver_sensitivity,silver_sensitivity_matched_020,market_item.xlsx|中文暗网交易市场|seller_raw:99482||market_item.xlsx|茶马古道|seller_raw:/shop/406714,negative,market_item.xlsx|中文暗网交易市场|seller_raw:99482,market_item.xlsx|茶马古道|seller_raw:/shop/406714,train,zh_target_strict_cc_f01f31bc246f92c9,1,template_clone_not_controller,1,0.060000000000,20260325,0,equal_effective_weight_duplication,1,0,0,0,0
synthetic://step27/v1_1/duplication/silver_sensitivity/seed_20260325/silver_sensitivity_matched_020/positive/v00,silver_sensitivity,silver_sensitivity_matched_020,market_item.xlsx|中文暗网交易市场|seller_raw:443482||market_item.xlsx|中文暗网交易市场|seller_raw:455638,positive,market_item.xlsx|中文暗网交易市场|seller_raw:443482,market_item.xlsx|中文暗网交易市场|seller_raw:455638,train,zh_target_strict_cc_a4907cf1273476d7,1,same_controller_direct_identifier,1,0.275000000000,20260325,0,equal_effective_weight_duplication,1,0,0,0,0
synthetic://step27/v1_1/duplication/silver_sensitivity/seed_20260325/silver_sensitivity_matched_021/negative/v00,silver_sensitivity,silver_sensitivity_matched_021,market_item.xlsx|中文暗网交易市场|seller_raw:565482||market_item.xlsx|茶马古道|seller_raw:/shop/414257,negative,market_item.xlsx|中文暗网交易市场|seller_raw:565482,market_item.xlsx|茶马古道|seller_raw:/shop/414257,train,zh_target_strict_cc_367bf011d659e957,1,template_clone_not_controller,1,0.080000000000,20260325,0,equal_effective_weight_duplication,1,0,0,0,0
synthetic://step27/v1_1/duplication/silver_sensitivity/seed_20260325/silver_sensitivity_matched_021/positive/v00,silver_sensitivity,silver_sensitivity_matched_021,market_item.xlsx|中文暗网交易市场|seller_raw:32635||market_item.xlsx|中文暗网交易市场|seller_raw:81020,positive,market_item.xlsx|中文暗网交易市场|seller_raw:32635,market_item.xlsx|中文暗网交易市场|seller_raw:81020,train,zh_target_strict_cc_9ad2ae4ca9a83c6a,1,same_controller_direct_identifier,1,0.275000000000,20260325,0,equal_effective_weight_duplication,1,0,0,0,0
synthetic://step27/v1_1/duplication/silver_sensitivity/seed_20260325/silver_sensitivity_matched_022/negative/v00,silver_sensitivity,silver_sensitivity_matched_022,market_item.xlsx|中文暗网交易市场|seller_raw:541874||market_item.xlsx|茶马古道|seller_raw:/shop/408791,negative,market_item.xlsx|中文暗网交易市场|seller_raw:541874,market_item.xlsx|茶马古道|seller_raw:/shop/408791,train,zh_target_strict_cc_87624e44dbf173af,3,template_clone_not_controller,1,0.060000000000,20260325,0,equal_effective_weight_duplication,1,0,0,0,0
synthetic://step27/v1_1/duplication/silver_sensitivity/seed_20260325/silver_sensitivity_matched_022/positive/v00,silver_sensitivity,silver_sensitivity_matched_022,market_item.xlsx|中文暗网交易市场|seller_raw:435064||market_item.xlsx|中文暗网交易市场|seller_raw:606446,positive,market_item.xlsx|中文暗网交易市场|seller_raw:435064,market_item.xlsx|中文暗网交易市场|seller_raw:606446,train,zh_target_strict_cc_8d579273f8d400c6,3,same_controller_direct_identifier,1,0.275000000000,20260325,0,equal_effective_weight_duplication,1,0,0,0,0
synthetic://step27/v1_1/duplication/silver_sensitivity/seed_20260325/silver_sensitivity_matched_023/negative/v00,silver_sensitivity,silver_sensitivity_matched_023,market_item.xlsx|中文暗网交易市场|seller_raw:331749||market_item.xlsx|茶马古道|seller_raw:/shop/4694,negative,market_item.xlsx|中文暗网交易市场|seller_raw:331749,market_item.xlsx|茶马古道|seller_raw:/shop/4694,train,zh_target_strict_cc_e60bd09ea06f8cc8,2,template_clone_not_controller,1,0.060000000000,20260325,0,equal_effective_weight_duplication,1,0,0,0,0
synthetic://step27/v1_1/duplication/silver_sensitivity/seed_20260325/silver_sensitivity_matched_023/positive/v00,silver_sensitivity,silver_sensitivity_matched_023,market_item.xlsx|中文暗网交易市场|seller_raw:465763||market_item.xlsx|中文暗网交易市场|seller_raw:537697,positive,market_item.xlsx|中文暗网交易市场|seller_raw:465763,market_item.xlsx|中文暗网交易市场|seller_raw:537697,train,zh_target_strict_cc_540db623f3f9599c,2,same_controller_direct_identifier,1,0.275000000000,20260325,0,equal_effective_weight_duplication,1,0,0,0,0
synthetic://step27/v1_1/duplication/silver_sensitivity/seed_20260325/silver_sensitivity_matched_024/negative/v00,silver_sensitivity,silver_sensitivity_matched_024,market_item.xlsx|中文暗网交易市场|seller_raw:475252||market_item.xlsx|茶马古道|seller_raw:/shop/405740,negative,market_item.xlsx|中文暗网交易市场|seller_raw:475252,market_item.xlsx|茶马古道|seller_raw:/shop/405740,train,zh_target_strict_cc_dd6e633ee72cde4d,3,template_clone_not_controller,1,0.080000000000,20260325,0,equal_effective_weight_duplication,1,0,0,0,0
synthetic://step27/v1_1/duplication/silver_sensitivity/seed_20260325/silver_sensitivity_matched_024/positive/v00,silver_sensitivity,silver_sensitivity_matched_024,market_item.xlsx|中文暗网交易市场|seller_raw:157835||market_item.xlsx|中文暗网交易市场|seller_raw:95895,positive,market_item.xlsx|中文暗网交易市场|seller_raw:157835,market_item.xlsx|中文暗网交易市场|seller_raw:95895,train,zh_target_strict_cc_8d579273f8d400c6,3,same_controller_direct_identifier,1,0.275000000000,20260325,0,equal_effective_weight_duplication,1,0,0,0,0
synthetic://step27/v1_1/duplication/silver_sensitivity/seed_20260325/silver_sensitivity_matched_025/negative/v00,silver_sensitivity,silver_sensitivity_matched_025,market_item.xlsx|中文暗网交易市场|seller_raw:394858||market_item.xlsx|茶马古道|seller_raw:/shop/445990,negative,market_item.xlsx|中文暗网交易市场|seller_raw:394858,market_item.xlsx|茶马古道|seller_raw:/shop/445990,train,zh_target_strict_cc_b9be85f5e430bc45,1,semantic_topic_not_controller,1,0.060000000000,20260325,0,equal_effective_weight_duplication,1,0,0,0,0
synthetic://step27/v1_1/duplication/silver_sensitivity/seed_20260325/silver_sensitivity_matched_025/positive/v00,silver_sensitivity,silver_sensitivity_matched_025,market_item.xlsx|中文暗网交易市场|seller_raw:462296||market_item.xlsx|中文暗网交易市场|seller_raw:562478,positive,market_item.xlsx|中文暗网交易市场|seller_raw:462296,market_item.xlsx|中文暗网交易市场|seller_raw:562478,train,zh_target_strict_cc_290f4bfb9bba0476,1,same_controller_direct_identifier,1,0.275000000000,20260325,0,equal_effective_weight_duplication,1,0,0,0,0
synthetic://step27/v1_1/duplication/silver_sensitivity/seed_20260325/silver_sensitivity_matched_026/negative/v00,silver_sensitivity,silver_sensitivity_matched_026,market_item.xlsx|中文暗网交易市场|seller_raw:533176||market_item.xlsx|茶马古道|seller_raw:/shop/397407,negative,market_item.xlsx|中文暗网交易市场|seller_raw:533176,market_item.xlsx|茶马古道|seller_raw:/shop/397407,train,zh_target_strict_cc_0fcff25a0c3bd050,2,template_clone_not_controller,1,0.060000000000,20260325,0,equal_effective_weight_duplication,1,0,0,0,0
synthetic://step27/v1_1/duplication/silver_sensitivity/seed_20260325/silver_sensitivity_matched_026/positive/v00,silver_sensitivity,silver_sensitivity_matched_026,market_item.xlsx|中文暗网交易市场|seller_raw:501102||market_item.xlsx|中文暗网交易市场|seller_raw:596304,positive,market_item.xlsx|中文暗网交易市场|seller_raw:501102,market_item.xlsx|中文暗网交易市场|seller_raw:596304,train,zh_target_strict_cc_540db623f3f9599c,2,same_controller_direct_identifier,1,0.275000000000,20260325,0,equal_effective_weight_duplication,1,0,0,0,0
synthetic://step27/v1_1/duplication/silver_sensitivity/seed_20260325/silver_sensitivity_matched_027/negative/v00,silver_sensitivity,silver_sensitivity_matched_027,market_item.xlsx|中文暗网交易市场|seller_raw:528850||market_item.xlsx|茶马古道|seller_raw:/shop/395629,negative,market_item.xlsx|中文暗网交易市场|seller_raw:528850,market_item.xlsx|茶马古道|seller_raw:/shop/395629,train,zh_target_strict_cc_8d59425a6c8933a2,3,template_clone_not_controller,1,0.060000000000,20260325,0,equal_effective_weight_duplication,1,0,0,0,0
synthetic://step27/v1_1/duplication/silver_sensitivity/seed_20260325/silver_sensitivity_matched_027/positive/v00,silver_sensitivity,silver_sensitivity_matched_027,market_item.xlsx|中文暗网交易市场|seller_raw:149940||market_item.xlsx|中文暗网交易市场|seller_raw:436422,positive,market_item.xlsx|中文暗网交易市场|seller_raw:149940,market_item.xlsx|中文暗网交易市场|seller_raw:436422,train,zh_target_strict_cc_8d579273f8d400c6,3,same_controller_direct_identifier,1,0.275000000000,20260325,0,equal_effective_weight_duplication,1,0,0,0,0
synthetic://step27/v1_1/duplication/silver_sensitivity/seed_20260325/silver_sensitivity_matched_028/negative/v00,silver_sensitivity,silver_sensitivity_matched_028,market_item.xlsx|中文暗网交易市场|seller_raw:591680||market_item.xlsx|茶马古道|seller_raw:/shop/432473,negative,market_item.xlsx|中文暗网交易市场|seller_raw:591680,market_item.xlsx|茶马古道|seller_raw:/shop/432473,train,zh_target_strict_cc_2e5c7caaf65dd8e0,0,semantic_topic_not_controller,1,0.075000000000,20260325,0,equal_effective_weight_duplication,1,0,0,0,0
synthetic://step27/v1_1/duplication/silver_sensitivity/seed_20260325/silver_sensitivity_matched_028/positive/v00,silver_sensitivity,silver_sensitivity_matched_028,market_item.xlsx|中文暗网交易市场|seller_raw:462585||market_item.xlsx|中文暗网交易市场|seller_raw:466000,positive,market_item.xlsx|中文暗网交易市场|seller_raw:462585,market_item.xlsx|中文暗网交易市场|seller_raw:466000,train,zh_target_strict_cc_1d6517872128664d,0,same_controller_direct_identifier,1,0.275000000000,20260325,0,equal_effective_weight_duplication,1,0,0,0,0
synthetic://step27/v1_1/duplication/silver_sensitivity/seed_20260325/silver_sensitivity_matched_029/negative/v00,silver_sensitivity,silver_sensitivity_matched_029,market_item.xlsx|中文暗网交易市场|seller_raw:575281||market_item.xlsx|茶马古道|seller_raw:/shop/394471,negative,market_item.xlsx|中文暗网交易市场|seller_raw:575281,market_item.xlsx|茶马古道|seller_raw:/shop/394471,train,zh_target_strict_cc_efca46e72d966ee9,2,template_clone_not_controller,1,0.060000000000,20260325,0,equal_effective_weight_duplication,1,0,0,0,0
synthetic://step27/v1_1/duplication/silver_sensitivity/seed_20260325/silver_sensitivity_matched_029/positive/v00,silver_sensitivity,silver_sensitivity_matched_029,market_item.xlsx|中文暗网交易市场|seller_raw:636288||market_item.xlsx|中文暗网交易市场|seller_raw:636666,positive,market_item.xlsx|中文暗网交易市场|seller_raw:636288,market_item.xlsx|中文暗网交易市场|seller_raw:636666,train,zh_target_strict_cc_91bfa095c1c39ade,2,same_controller_direct_identifier,1,0.275000000000,20260325,0,equal_effective_weight_duplication,1,0,0,0,0
synthetic://step27/v1_1/duplication/silver_sensitivity/seed_20260325/silver_sensitivity_matched_030/negative/v00,silver_sensitivity,silver_sensitivity_matched_030,market_item.xlsx|中文暗网交易市场|seller_raw:633752||market_item.xlsx|茶马古道|seller_raw:/shop/451995,negative,market_item.xlsx|中文暗网交易市场|seller_raw:633752,market_item.xlsx|茶马古道|seller_raw:/shop/451995,train,zh_target_strict_cc_0f6792626c843fb6,2,template_clone_not_controller,1,0.080000000000,20260325,0,equal_effective_weight_duplication,1,0,0,0,0
synthetic://step27/v1_1/duplication/silver_sensitivity/seed_20260325/silver_sensitivity_matched_030/positive/v00,silver_sensitivity,silver_sensitivity_matched_030,market_item.xlsx|中文暗网交易市场|seller_raw:636666||market_item.xlsx|中文暗网交易市场|seller_raw:65706,positive,market_item.xlsx|中文暗网交易市场|seller_raw:636666,market_item.xlsx|中文暗网交易市场|seller_raw:65706,train,zh_target_strict_cc_91bfa095c1c39ade,2,same_controller_direct_identifier,1,0.275000000000,20260325,0,equal_effective_weight_duplication,1,0,0,0,0
synthetic://step27/v1_1/duplication/silver_sensitivity/seed_20260325/silver_sensitivity_matched_031/negative/v00,silver_sensitivity,silver_sensitivity_matched_031,market_item.xlsx|茶马古道|seller_raw:/shop/413150||market_item.xlsx|茶马古道|seller_raw:/shop/415493,negative,market_item.xlsx|茶马古道|seller_raw:/shop/413150,market_item.xlsx|茶马古道|seller_raw:/shop/415493,train,zh_target_strict_cc_d30b8a7ef8b6700c,2,semantic_topic_not_controller,1,0.060000000000,20260325,0,equal_effective_weight_duplication,1,0,0,0,0
synthetic://step27/v1_1/duplication/silver_sensitivity/seed_20260325/silver_sensitivity_matched_031/positive/v00,silver_sensitivity,silver_sensitivity_matched_031,market_item.xlsx|中文暗网交易市场|seller_raw:465763||market_item.xlsx|中文暗网交易市场|seller_raw:501102,positive,market_item.xlsx|中文暗网交易市场|seller_raw:465763,market_item.xlsx|中文暗网交易市场|seller_raw:501102,train,zh_target_strict_cc_540db623f3f9599c,2,same_controller_direct_identifier,1,0.275000000000,20260325,0,equal_effective_weight_duplication,1,0,0,0,0
synthetic://step27/v1_1/duplication/silver_sensitivity/seed_20260325/silver_sensitivity_matched_032/negative/v00,silver_sensitivity,silver_sensitivity_matched_032,market_item.xlsx|中文暗网交易市场|seller_raw:546566||market_item.xlsx|茶马古道|seller_raw:/shop/8057,negative,market_item.xlsx|中文暗网交易市场|seller_raw:546566,market_item.xlsx|茶马古道|seller_raw:/shop/8057,train,zh_target_strict_cc_7c4e8e17f0966814,2,semantic_topic_not_controller,1,0.075000000000,20260325,0,equal_effective_weight_duplication,1,0,0,0,0
synthetic://step27/v1_1/duplication/silver_sensitivity/seed_20260325/silver_sensitivity_matched_032/positive/v00,silver_sensitivity,silver_sensitivity_matched_032,market_item.xlsx|中文暗网交易市场|seller_raw:361068||market_item.xlsx|中文暗网交易市场|seller_raw:70840,positive,market_item.xlsx|中文暗网交易市场|seller_raw:361068,market_item.xlsx|中文暗网交易市场|seller_raw:70840,train,zh_target_strict_cc_540db623f3f9599c,2,same_controller_direct_identifier,1,0.275000000000,20260325,0,equal_effective_weight_duplication,1,0,0,0,0
synthetic://step27/v1_1/duplication/silver_sensitivity/seed_20260325/silver_sensitivity_matched_033/negative/v00,silver_sensitivity,silver_sensitivity_matched_033,market_item.xlsx|中文暗网交易市场|seller_raw:553564||market_item.xlsx|茶马古道|seller_raw:/shop/429404,negative,market_item.xlsx|中文暗网交易市场|seller_raw:553564,market_item.xlsx|茶马古道|seller_raw:/shop/429404,train,zh_target_strict_cc_9ddda7715349ff55,3,template_clone_not_controller,1,0.080000000000,20260325,0,equal_effective_weight_duplication,1,0,0,0,0
synthetic://step27/v1_1/duplication/silver_sensitivity/seed_20260325/silver_sensitivity_matched_033/positive/v00,silver_sensitivity,silver_sensitivity_matched_033,market_item.xlsx|中文暗网交易市场|seller_raw:149940||market_item.xlsx|中文暗网交易市场|seller_raw:157835,positive,market_item.xlsx|中文暗网交易市场|seller_raw:149940,market_item.xlsx|中文暗网交易市场|seller_raw:157835,train,zh_target_strict_cc_8d579273f8d400c6,3,same_controller_direct_identifier,1,0.275000000000,20260325,0,equal_effective_weight_duplication,1,0,0,0,0
synthetic://step27/v1_1/duplication/silver_sensitivity/seed_20260325/silver_sensitivity_matched_034/negative/v00,silver_sensitivity,silver_sensitivity_matched_034,market_item.xlsx|中文暗网交易市场|seller_raw:499135||market_item.xlsx|茶马古道|seller_raw:/shop/419283,negative,market_item.xlsx|中文暗网交易市场|seller_raw:499135,market_item.xlsx|茶马古道|seller_raw:/shop/419283,train,zh_target_strict_cc_f186831a8ff4c7f7,3,template_clone_not_controller,1,0.090000000000,20260325,0,equal_effective_weight_duplication,1,0,0,0,0
synthetic://step27/v1_1/duplication/silver_sensitivity/seed_20260325/silver_sensitivity_matched_034/positive/v00,silver_sensitivity,silver_sensitivity_matched_034,market_item.xlsx|中文暗网交易市场|seller_raw:121394||market_item.xlsx|中文暗网交易市场|seller_raw:435064,positive,market_item.xlsx|中文暗网交易市场|seller_raw:121394,market_item.xlsx|中文暗网交易市场|seller_raw:435064,train,zh_target_strict_cc_8d579273f8d400c6,3,same_controller_direct_identifier,1,0.275000000000,20260325,0,equal_effective_weight_duplication,1,0,0,0,0
synthetic://step27/v1_1/duplication/silver_sensitivity/seed_20260325/silver_sensitivity_matched_035/negative/v00,silver_sensitivity,silver_sensitivity_matched_035,market_item.xlsx|茶马古道|seller_raw:/shop/407100||market_item.xlsx|茶马古道|seller_raw:/shop/8264,negative,market_item.xlsx|茶马古道|seller_raw:/shop/407100,market_item.xlsx|茶马古道|seller_raw:/shop/8264,train,zh_target_strict_cc_ec1dc6d5a557bca9,2,template_clone_not_controller,1,0.060000000000,20260325,0,equal_effective_weight_duplication,1,0,0,0,0
synthetic://step27/v1_1/duplication/silver_sensitivity/seed_20260325/silver_sensitivity_matched_035/positive/v00,silver_sensitivity,silver_sensitivity_matched_035,market_item.xlsx|中文暗网交易市场|seller_raw:45068||market_item.xlsx|中文暗网交易市场|seller_raw:70840,positive,market_item.xlsx|中文暗网交易市场|seller_raw:45068,market_item.xlsx|中文暗网交易市场|seller_raw:70840,train,zh_target_strict_cc_540db623f3f9599c,2,same_controller_direct_identifier,1,0.275000000000,20260325,0,equal_effective_weight_duplication,1,0,0,0,0
synthetic://step27/v1_1/duplication/silver_sensitivity/seed_20260325/silver_sensitivity_matched_036/negative/v00,silver_sensitivity,silver_sensitivity_matched_036,market_item.xlsx|中文暗网交易市场|seller_raw:508275||market_item.xlsx|茶马古道|seller_raw:/shop/439438,negative,market_item.xlsx|中文暗网交易市场|seller_raw:508275,market_item.xlsx|茶马古道|seller_raw:/shop/439438,train,zh_target_strict_cc_24468cf3d79f4986,3,template_clone_not_controller,1,0.060000000000,20260325,0,equal_effective_weight_duplication,1,0,0,0,0
synthetic://step27/v1_1/duplication/silver_sensitivity/seed_20260325/silver_sensitivity_matched_036/positive/v00,silver_sensitivity,silver_sensitivity_matched_036,market_item.xlsx|中文暗网交易市场|seller_raw:347899||market_item.xlsx|茶马古道|seller_raw:/shop/6242,positive,market_item.xlsx|中文暗网交易市场|seller_raw:347899,market_item.xlsx|茶马古道|seller_raw:/shop/6242,train,zh_target_strict_cc_bdbbd819a13285cb,3,same_controller_direct_identifier,1,0.275000000000,20260325,0,equal_effective_weight_duplication,1,0,0,0,0
synthetic://step27/v1_1/duplication/silver_sensitivity/seed_20260325/silver_sensitivity_matched_037/negative/v00,silver_sensitivity,silver_sensitivity_matched_037,market_item.xlsx|茶马古道|seller_raw:/shop/2343||market_item.xlsx|茶马古道|seller_raw:/shop/436019,negative,market_item.xlsx|茶马古道|seller_raw:/shop/2343,market_item.xlsx|茶马古道|seller_raw:/shop/436019,train,zh_target_strict_cc_738de69abc9fccc8,1,semantic_topic_not_controller,1,0.060000000000,20260325,0,equal_effective_weight_duplication,1,0,0,0,0
synthetic://step27/v1_1/duplication/silver_sensitivity/seed_20260325/silver_sensitivity_matched_037/positive/v00,silver_sensitivity,silver_sensitivity_matched_037,market_item.xlsx|中文暗网交易市场|seller_raw:562478||market_item.xlsx|中文暗网交易市场|seller_raw:605663,positive,market_item.xlsx|中文暗网交易市场|seller_raw:562478,market_item.xlsx|中文暗网交易市场|seller_raw:605663,train,zh_target_strict_cc_290f4bfb9bba0476,1,same_controller_direct_identifier,1,0.275000000000,20260325,0,equal_effective_weight_duplication,1,0,0,0,0
synthetic://step27/v1_1/duplication/silver_sensitivity/seed_20260325/silver_sensitivity_matched_038/negative/v00,silver_sensitivity,silver_sensitivity_matched_038,market_item.xlsx|茶马古道|seller_raw:/shop/425667||market_item.xlsx|茶马古道|seller_raw:/shop/450020,negative,market_item.xlsx|茶马古道|seller_raw:/shop/425667,market_item.xlsx|茶马古道|seller_raw:/shop/450020,train,zh_target_strict_cc_9991bf542ace4262,2,template_clone_not_controller,1,0.090000000000,20260325,0,equal_effective_weight_duplication,1,0,0,0,0
synthetic://step27/v1_1/duplication/silver_sensitivity/seed_20260325/silver_sensitivity_matched_038/positive/v00,silver_sensitivity,silver_sensitivity_matched_038,market_item.xlsx|中文暗网交易市场|seller_raw:361068||market_item.xlsx|中文暗网交易市场|seller_raw:501102,positive,market_item.xlsx|中文暗网交易市场|seller_raw:361068,market_item.xlsx|中文暗网交易市场|seller_raw:501102,train,zh_target_strict_cc_540db623f3f9599c,2,same_controller_direct_identifier,1,0.275000000000,20260325,0,equal_effective_weight_duplication,1,0,0,0,0
synthetic://step27/v1_1/duplication/silver_sensitivity/seed_20260325/silver_sensitivity_matched_039/negative/v00,silver_sensitivity,silver_sensitivity_matched_039,market_item.xlsx|中文暗网交易市场|seller_raw:566237||market_item.xlsx|茶马古道|seller_raw:/shop/411784,negative,market_item.xlsx|中文暗网交易市场|seller_raw:566237,market_item.xlsx|茶马古道|seller_raw:/shop/411784,train,zh_target_strict_cc_8d33c8afc8c62613,2,template_clone_not_controller,1,0.080000000000,20260325,0,equal_effective_weight_duplication,1,0,0,0,0
synthetic://step27/v1_1/duplication/silver_sensitivity/seed_20260325/silver_sensitivity_matched_039/positive/v00,silver_sensitivity,silver_sensitivity_matched_039,market_item.xlsx|中文暗网交易市场|seller_raw:361068||market_item.xlsx|中文暗网交易市场|seller_raw:537697,positive,market_item.xlsx|中文暗网交易市场|seller_raw:361068,market_item.xlsx|中文暗网交易市场|seller_raw:537697,train,zh_target_strict_cc_540db623f3f9599c,2,same_controller_direct_identifier,1,0.275000000000,20260325,0,equal_effective_weight_duplication,1,0,0,0,0
synthetic://step27/v1_1/duplication/silver_sensitivity/seed_20260325/silver_sensitivity_matched_040/negative/v00,silver_sensitivity,silver_sensitivity_matched_040,market_item.xlsx|中文暗网交易市场|seller_raw:69210||market_item.xlsx|茶马古道|seller_raw:/shop/8494,negative,market_item.xlsx|中文暗网交易市场|seller_raw:69210,market_item.xlsx|茶马古道|seller_raw:/shop/8494,train,zh_target_strict_cc_69a030ad6f93d0e3,3,semantic_topic_not_controller,1,0.075000000000,20260325,0,equal_effective_weight_duplication,1,0,0,0,0
synthetic://step27/v1_1/duplication/silver_sensitivity/seed_20260325/silver_sensitivity_matched_040/positive/v00,silver_sensitivity,silver_sensitivity_matched_040,market_item.xlsx|中文暗网交易市场|seller_raw:312538||market_item.xlsx|中文暗网交易市场|seller_raw:606446,positive,market_item.xlsx|中文暗网交易市场|seller_raw:312538,market_item.xlsx|中文暗网交易市场|seller_raw:606446,train,zh_target_strict_cc_8d579273f8d400c6,3,same_controller_direct_identifier,1,0.275000000000,20260325,0,equal_effective_weight_duplication,1,0,0,0,0
synthetic://step27/v1_1/duplication/silver_sensitivity/seed_20260325/silver_sensitivity_matched_041/negative/v00,silver_sensitivity,silver_sensitivity_matched_041,market_item.xlsx|中文暗网交易市场|seller_raw:541551||market_item.xlsx|茶马古道|seller_raw:/shop/399807,negative,market_item.xlsx|中文暗网交易市场|seller_raw:541551,market_item.xlsx|茶马古道|seller_raw:/shop/399807,train,zh_target_strict_cc_2e5c7caaf65dd8e0,0,template_clone_not_controller,1,0.080000000000,20260325,0,equal_effective_weight_duplication,1,0,0,0,0
synthetic://step27/v1_1/duplication/silver_sensitivity/seed_20260325/silver_sensitivity_matched_041/positive/v00,silver_sensitivity,silver_sensitivity_matched_041,market_item.xlsx|茶马古道|seller_raw:/shop/449035||market_item.xlsx|茶马古道|seller_raw:/shop/458155,positive,market_item.xlsx|茶马古道|seller_raw:/shop/449035,market_item.xlsx|茶马古道|seller_raw:/shop/458155,train,zh_target_strict_cc_2e5c7caaf65dd8e0,0,same_controller_direct_identifier,1,0.275000000000,20260325,0,equal_effective_weight_duplication,1,0,0,0,0
synthetic://step27/v1_1/duplication/silver_sensitivity/seed_20260325/silver_sensitivity_matched_042/negative/v00,silver_sensitivity,silver_sensitivity_matched_042,market_item.xlsx|中文暗网交易市场|seller_raw:526567||market_item.xlsx|茶马古道|seller_raw:/shop/397707,negative,market_item.xlsx|中文暗网交易市场|seller_raw:526567,market_item.xlsx|茶马古道|seller_raw:/shop/397707,train,zh_target_strict_cc_2e5c7caaf65dd8e0,0,template_clone_not_controller,1,0.080000000000,20260325,0,equal_effective_weight_duplication,1,0,0,0,0
synthetic://step27/v1_1/duplication/silver_sensitivity/seed_20260325/silver_sensitivity_matched_042/positive/v00,silver_sensitivity,silver_sensitivity_matched_042,market_item.xlsx|中文暗网交易市场|seller_raw:51470||market_item.xlsx|茶马古道|seller_raw:/shop/400997,positive,market_item.xlsx|中文暗网交易市场|seller_raw:51470,market_item.xlsx|茶马古道|seller_raw:/shop/400997,train,zh_target_strict_cc_f7f70f2184be4bbd,0,same_controller_direct_identifier,1,0.275000000000,20260325,0,equal_effective_weight_duplication,1,0,0,0,0
synthetic://step27/v1_1/duplication/silver_sensitivity/seed_20260325/silver_sensitivity_matched_043/negative/v00,silver_sensitivity,silver_sensitivity_matched_043,market_item.xlsx|中文暗网交易市场|seller_raw:44614||market_item.xlsx|茶马古道|seller_raw:/shop/9341,negative,market_item.xlsx|中文暗网交易市场|seller_raw:44614,market_item.xlsx|茶马古道|seller_raw:/shop/9341,train,zh_target_strict_cc_30308228dc245437,3,template_clone_not_controller,1,0.060000000000,20260325,0,equal_effective_weight_duplication,1,0,0,0,0
synthetic://step27/v1_1/duplication/silver_sensitivity/seed_20260325/silver_sensitivity_matched_043/positive/v00,silver_sensitivity,silver_sensitivity_matched_043,market_item.xlsx|中文暗网交易市场|seller_raw:157835||market_item.xlsx|中文暗网交易市场|seller_raw:596096,positive,market_item.xlsx|中文暗网交易市场|seller_raw:157835,market_item.xlsx|中文暗网交易市场|seller_raw:596096,train,zh_target_strict_cc_8d579273f8d400c6,3,same_controller_direct_identifier,1,0.275000000000,20260325,0,equal_effective_weight_duplication,1,0,0,0,0
synthetic://step27/v1_1/duplication/silver_sensitivity/seed_20260325/silver_sensitivity_matched_044/negative/v00,silver_sensitivity,silver_sensitivity_matched_044,market_item.xlsx|中文暗网交易市场|seller_raw:86288||market_item.xlsx|茶马古道|seller_raw:/shop/399905,negative,market_item.xlsx|中文暗网交易市场|seller_raw:86288,market_item.xlsx|茶马古道|seller_raw:/shop/399905,train,zh_target_strict_cc_7da9eb6e659ef940,3,template_clone_not_controller,1,0.060000000000,20260325,0,equal_effective_weight_duplication,1,0,0,0,0
synthetic://step27/v1_1/duplication/silver_sensitivity/seed_20260325/silver_sensitivity_matched_044/positive/v00,silver_sensitivity,silver_sensitivity_matched_044,market_item.xlsx|中文暗网交易市场|seller_raw:312538||market_item.xlsx|中文暗网交易市场|seller_raw:436422,positive,market_item.xlsx|中文暗网交易市场|seller_raw:312538,market_item.xlsx|中文暗网交易市场|seller_raw:436422,train,zh_target_strict_cc_8d579273f8d400c6,3,same_controller_direct_identifier,1,0.275000000000,20260325,0,equal_effective_weight_duplication,1,0,0,0,0
synthetic://step27/v1_1/duplication/silver_sensitivity/seed_20260325/silver_sensitivity_matched_045/negative/v00,silver_sensitivity,silver_sensitivity_matched_045,market_item.xlsx|中文暗网交易市场|seller_raw:44940||market_item.xlsx|茶马古道|seller_raw:/shop/666,negative,market_item.xlsx|中文暗网交易市场|seller_raw:44940,market_item.xlsx|茶马古道|seller_raw:/shop/666,train,zh_target_strict_cc_e21c6d7e9969daf0,2,semantic_topic_not_controller,1,0.075000000000,20260325,0,equal_effective_weight_duplication,1,0,0,0,0
synthetic://step27/v1_1/duplication/silver_sensitivity/seed_20260325/silver_sensitivity_matched_045/positive/v00,silver_sensitivity,silver_sensitivity_matched_045,market_item.xlsx|中文暗网交易市场|seller_raw:446965||market_item.xlsx|中文暗网交易市场|seller_raw:45068,positive,market_item.xlsx|中文暗网交易市场|seller_raw:446965,market_item.xlsx|中文暗网交易市场|seller_raw:45068,train,zh_target_strict_cc_540db623f3f9599c,2,same_controller_direct_identifier,1,0.275000000000,20260325,0,equal_effective_weight_duplication,1,0,0,0,0
synthetic://step27/v1_1/duplication/silver_sensitivity/seed_20260325/silver_sensitivity_matched_046/negative/v00,silver_sensitivity,silver_sensitivity_matched_046,market_item.xlsx|中文暗网交易市场|seller_raw:526321||market_item.xlsx|茶马古道|seller_raw:/shop/397707,negative,market_item.xlsx|中文暗网交易市场|seller_raw:526321,market_item.xlsx|茶马古道|seller_raw:/shop/397707,train,zh_target_strict_cc_2e5c7caaf65dd8e0,0,template_clone_not_controller,1,0.080000000000,20260325,0,equal_effective_weight_duplication,1,0,0,0,0
synthetic://step27/v1_1/duplication/silver_sensitivity/seed_20260325/silver_sensitivity_matched_046/positive/v00,silver_sensitivity,silver_sensitivity_matched_046,market_item.xlsx|中文暗网交易市场|seller_raw:361285||market_item.xlsx|中文暗网交易市场|seller_raw:502030,positive,market_item.xlsx|中文暗网交易市场|seller_raw:361285,market_item.xlsx|中文暗网交易市场|seller_raw:502030,train,zh_target_strict_cc_f65cdcbf3ab490cb,0,same_controller_direct_identifier,1,0.275000000000,20260325,0,equal_effective_weight_duplication,1,0,0,0,0
synthetic://step27/v1_1/duplication/silver_sensitivity/seed_20260325/silver_sensitivity_matched_047/negative/v00,silver_sensitivity,silver_sensitivity_matched_047,market_item.xlsx|中文暗网交易市场|seller_raw:504679||market_item.xlsx|茶马古道|seller_raw:/shop/422538,negative,market_item.xlsx|中文暗网交易市场|seller_raw:504679,market_item.xlsx|茶马古道|seller_raw:/shop/422538,train,zh_target_strict_cc_274e42e6b17c18b4,2,semantic_topic_not_controller,1,0.060000000000,20260325,0,equal_effective_weight_duplication,1,0,0,0,0
synthetic://step27/v1_1/duplication/silver_sensitivity/seed_20260325/silver_sensitivity_matched_047/positive/v00,silver_sensitivity,silver_sensitivity_matched_047,market_item.xlsx|中文暗网交易市场|seller_raw:432194||market_item.xlsx|中文暗网交易市场|seller_raw:605878,positive,market_item.xlsx|中文暗网交易市场|seller_raw:432194,market_item.xlsx|中文暗网交易市场|seller_raw:605878,train,zh_target_strict_cc_0b56a4186c660a7f,2,same_controller_direct_identifier,1,0.275000000000,20260325,0,equal_effective_weight_duplication,1,0,0,0,0
synthetic://step27/v1_1/duplication/silver_sensitivity/seed_20260325/silver_sensitivity_matched_048/negative/v00,silver_sensitivity,silver_sensitivity_matched_048,market_item.xlsx|中文暗网交易市场|seller_raw:399483||market_item.xlsx|茶马古道|seller_raw:/shop/394805,negative,market_item.xlsx|中文暗网交易市场|seller_raw:399483,market_item.xlsx|茶马古道|seller_raw:/shop/394805,train,zh_target_strict_cc_8143700a54ec0f46,3,template_clone_not_controller,1,0.080000000000,20260325,0,equal_effective_weight_duplication,1,0,0,0,0
synthetic://step27/v1_1/duplication/silver_sensitivity/seed_20260325/silver_sensitivity_matched_048/positive/v00,silver_sensitivity,silver_sensitivity_matched_048,market_item.xlsx|中文暗网交易市场|seller_raw:430378||market_item.xlsx|中文暗网交易市场|seller_raw:435064,positive,market_item.xlsx|中文暗网交易市场|seller_raw:430378,market_item.xlsx|中文暗网交易市场|seller_raw:435064,train,zh_target_strict_cc_8d579273f8d400c6,3,same_controller_direct_identifier,1,0.275000000000,20260325,0,equal_effective_weight_duplication,1,0,0,0,0
synthetic://step27/v1_1/duplication/silver_sensitivity/seed_20260325/silver_sensitivity_matched_049/negative/v00,silver_sensitivity,silver_sensitivity_matched_049,market_item.xlsx|中文暗网交易市场|seller_raw:68894||market_item.xlsx|茶马古道|seller_raw:/shop/431552,negative,market_item.xlsx|中文暗网交易市场|seller_raw:68894,market_item.xlsx|茶马古道|seller_raw:/shop/431552,train,zh_target_strict_cc_f5730b9a4f881954,2,semantic_topic_not_controller,1,0.075000000000,20260325,0,equal_effective_weight_duplication,1,0,0,0,0
synthetic://step27/v1_1/duplication/silver_sensitivity/seed_20260325/silver_sensitivity_matched_049/positive/v00,silver_sensitivity,silver_sensitivity_matched_049,market_item.xlsx|中文暗网交易市场|seller_raw:465763||market_item.xlsx|中文暗网交易市场|seller_raw:596304,positive,market_item.xlsx|中文暗网交易市场|seller_raw:465763,market_item.xlsx|中文暗网交易市场|seller_raw:596304,train,zh_target_strict_cc_540db623f3f9599c,2,same_controller_direct_identifier,1,0.275000000000,20260325,0,equal_effective_weight_duplication,1,0,0,0,0
synthetic://step27/v1_1/duplication/silver_sensitivity/seed_20260325/silver_sensitivity_matched_050/negative/v00,silver_sensitivity,silver_sensitivity_matched_050,market_item.xlsx|中文暗网交易市场|seller_raw:314792||market_item.xlsx|茶马古道|seller_raw:/shop/234,negative,market_item.xlsx|中文暗网交易市场|seller_raw:314792,market_item.xlsx|茶马古道|seller_raw:/shop/234,train,zh_target_strict_cc_d5a4b7e03a6c8450,3,template_clone_not_controller,1,0.060000000000,20260325,0,equal_effective_weight_duplication,1,0,0,0,0
synthetic://step27/v1_1/duplication/silver_sensitivity/seed_20260325/silver_sensitivity_matched_050/positive/v00,silver_sensitivity,silver_sensitivity_matched_050,market_item.xlsx|中文暗网交易市场|seller_raw:121394||market_item.xlsx|中文暗网交易市场|seller_raw:95895,positive,market_item.xlsx|中文暗网交易市场|seller_raw:121394,market_item.xlsx|中文暗网交易市场|seller_raw:95895,train,zh_target_strict_cc_8d579273f8d400c6,3,same_controller_direct_identifier,1,0.275000000000,20260325,0,equal_effective_weight_duplication,1,0,0,0,0
synthetic://step27/v1_1/duplication/silver_sensitivity/seed_20260325/silver_sensitivity_matched_051/negative/v00,silver_sensitivity,silver_sensitivity_matched_051,market_item.xlsx|中文暗网交易市场|seller_raw:45194||market_item.xlsx|茶马古道|seller_raw:/shop/409483,negative,market_item.xlsx|中文暗网交易市场|seller_raw:45194,market_item.xlsx|茶马古道|seller_raw:/shop/409483,train,zh_target_strict_cc_e7f110e0f3cbd929,2,semantic_topic_not_controller,1,0.060000000000,20260325,0,equal_effective_weight_duplication,1,0,0,0,0
synthetic://step27/v1_1/duplication/silver_sensitivity/seed_20260325/silver_sensitivity_matched_051/positive/v00,silver_sensitivity,silver_sensitivity_matched_051,market_item.xlsx|中文暗网交易市场|seller_raw:501102||market_item.xlsx|中文暗网交易市场|seller_raw:566697,positive,market_item.xlsx|中文暗网交易市场|seller_raw:501102,market_item.xlsx|中文暗网交易市场|seller_raw:566697,train,zh_target_strict_cc_540db623f3f9599c,2,same_controller_direct_identifier,1,0.275000000000,20260325,0,equal_effective_weight_duplication,1,0,0,0,0
synthetic://step27/v1_1/duplication/silver_sensitivity/seed_20260325/silver_sensitivity_matched_052/negative/v00,silver_sensitivity,silver_sensitivity_matched_052,market_item.xlsx|中文暗网交易市场|seller_raw:514820||market_item.xlsx|茶马古道|seller_raw:/shop/397707,negative,market_item.xlsx|中文暗网交易市场|seller_raw:514820,market_item.xlsx|茶马古道|seller_raw:/shop/397707,train,zh_target_strict_cc_2e5c7caaf65dd8e0,0,template_clone_not_controller,1,0.060000000000,20260325,0,equal_effective_weight_duplication,1,0,0,0,0
synthetic://step27/v1_1/duplication/silver_sensitivity/seed_20260325/silver_sensitivity_matched_052/positive/v00,silver_sensitivity,silver_sensitivity_matched_052,market_item.xlsx|中文暗网交易市场|seller_raw:51470||market_item.xlsx|中文暗网交易市场|seller_raw:54210,positive,market_item.xlsx|中文暗网交易市场|seller_raw:51470,market_item.xlsx|中文暗网交易市场|seller_raw:54210,train,zh_target_strict_cc_f7f70f2184be4bbd,0,same_controller_direct_identifier,1,0.275000000000,20260325,0,equal_effective_weight_duplication,1,0,0,0,0
synthetic://step27/v1_1/duplication/silver_sensitivity/seed_20260325/silver_sensitivity_matched_053/negative/v00,silver_sensitivity,silver_sensitivity_matched_053,market_item.xlsx|茶马古道|seller_raw:/shop/410709||market_item.xlsx|茶马古道|seller_raw:/shop/465512,negative,market_item.xlsx|茶马古道|seller_raw:/shop/410709,market_item.xlsx|茶马古道|seller_raw:/shop/465512,train,zh_target_strict_cc_6ee7573f2af2393f,2,semantic_topic_not_controller,1,0.060000000000,20260325,0,equal_effective_weight_duplication,1,0,0,0,0
synthetic://step27/v1_1/duplication/silver_sensitivity/seed_20260325/silver_sensitivity_matched_053/positive/v00,silver_sensitivity,silver_sensitivity_matched_053,market_item.xlsx|茶马古道|seller_raw:/shop/395006||market_item.xlsx|茶马古道|seller_raw:/shop/446570,positive,market_item.xlsx|茶马古道|seller_raw:/shop/395006,market_item.xlsx|茶马古道|seller_raw:/shop/446570,train,zh_target_strict_cc_0b56a4186c660a7f,2,same_controller_direct_identifier,1,0.275000000000,20260325,0,equal_effective_weight_duplication,1,0,0,0,0
synthetic://step27/v1_1/duplication/silver_sensitivity/seed_20260325/silver_sensitivity_matched_054/negative/v00,silver_sensitivity,silver_sensitivity_matched_054,market_item.xlsx|茶马古道|seller_raw:/shop/406204||market_item.xlsx|茶马古道|seller_raw:/shop/444891,negative,market_item.xlsx|茶马古道|seller_raw:/shop/406204,market_item.xlsx|茶马古道|seller_raw:/shop/444891,train,zh_target_strict_cc_f2284c6c25ecca95,3,template_clone_not_controller,1,0.060000000000,20260325,0,equal_effective_weight_duplication,1,0,0,0,0
synthetic://step27/v1_1/duplication/silver_sensitivity/seed_20260325/silver_sensitivity_matched_054/positive/v00,silver_sensitivity,silver_sensitivity_matched_054,market_item.xlsx|中文暗网交易市场|seller_raw:157835||market_item.xlsx|中文暗网交易市场|seller_raw:312538,positive,market_item.xlsx|中文暗网交易市场|seller_raw:157835,market_item.xlsx|中文暗网交易市场|seller_raw:312538,train,zh_target_strict_cc_8d579273f8d400c6,3,same_controller_direct_identifier,1,0.275000000000,20260325,0,equal_effective_weight_duplication,1,0,0,0,0
synthetic://step27/v1_1/duplication/silver_sensitivity/seed_20260325/silver_sensitivity_matched_055/negative/v00,silver_sensitivity,silver_sensitivity_matched_055,market_item.xlsx|中文暗网交易市场|seller_raw:99721||market_item.xlsx|茶马古道|seller_raw:/shop/418566,negative,market_item.xlsx|中文暗网交易市场|seller_raw:99721,market_item.xlsx|茶马古道|seller_raw:/shop/418566,train,zh_target_strict_cc_ca3af113ac817cad,3,template_clone_not_controller,1,0.060000000000,20260325,0,equal_effective_weight_duplication,1,0,0,0,0
synthetic://step27/v1_1/duplication/silver_sensitivity/seed_20260325/silver_sensitivity_matched_055/positive/v00,silver_sensitivity,silver_sensitivity_matched_055,market_item.xlsx|中文暗网交易市场|seller_raw:435064||market_item.xlsx|中文暗网交易市场|seller_raw:95895,positive,market_item.xlsx|中文暗网交易市场|seller_raw:435064,market_item.xlsx|中文暗网交易市场|seller_raw:95895,train,zh_target_strict_cc_8d579273f8d400c6,3,same_controller_direct_identifier,1,0.275000000000,20260325,0,equal_effective_weight_duplication,1,0,0,0,0
