synthetic_pair_uid,synthetic_train_only,mode,anchor_pair_uid,partner_pair_uid,domain,evidence_type,lambda_partner,augmentation_round,training_sample_weight
synthetic_train_only::latent_pair_embedding_mixup::00000,1,latent_pair_embedding_mixup,market_item.xlsx|中文暗网交易市场|seller_raw:361068||market_item.xlsx|中文暗网交易市场|seller_raw:537697,market_item.xlsx|中文暗网交易市场|seller_raw:157835||market_item.xlsx|中文暗网交易市场|seller_raw:596096,zh,same_controller_direct_identifier,0.999098886176,0,0.665954617546
synthetic_train_only::latent_pair_embedding_mixup::00001,1,latent_pair_embedding_mixup,market_item.xlsx|中文暗网交易市场|seller_raw:121394||market_item.xlsx|中文暗网交易市场|seller_raw:435064,market_item.xlsx|茶马古道|seller_raw:/shop/449035||market_item.xlsx|茶马古道|seller_raw:/shop/458155,zh,same_controller_direct_identifier,0.333630466406,0,0.264623531783
synthetic_train_only::latent_pair_embedding_mixup::00002,1,latent_pair_embedding_mixup,market_item.xlsx|中文暗网交易市场|seller_raw:157835||market_item.xlsx|中文暗网交易市场|seller_raw:596096,market_item.xlsx|中文暗网交易市场|seller_raw:361068||market_item.xlsx|中文暗网交易市场|seller_raw:537697,zh,same_controller_direct_identifier,0.948447826507,0,0.665954617546
synthetic_train_only::latent_pair_embedding_mixup::00003,1,latent_pair_embedding_mixup,market_item.xlsx|茶马古道|seller_raw:/shop/449035||market_item.xlsx|茶马古道|seller_raw:/shop/458155,market_item.xlsx|中文暗网交易市场|seller_raw:361068||market_item.xlsx|中文暗网交易市场|seller_raw:537697,zh,same_controller_direct_identifier,0.999999513581,0,0.264623531783
synthetic_train_only::latent_pair_embedding_mixup::00004,1,latent_pair_embedding_mixup,market_item.xlsx|茶马古道|seller_raw:/shop/449035||market_item.xlsx|茶马古道|seller_raw:/shop/458155,market_item.xlsx|中文暗网交易市场|seller_raw:361068||market_item.xlsx|中文暗网交易市场|seller_raw:537697,zh,same_controller_direct_identifier,0.412178179880,1,0.264623531783
synthetic_train_only::latent_pair_embedding_mixup::00005,1,latent_pair_embedding_mixup,market_item.xlsx|中文暗网交易市场|seller_raw:121394||market_item.xlsx|中文暗网交易市场|seller_raw:435064,market_item.xlsx|茶马古道|seller_raw:/shop/449035||market_item.xlsx|茶马古道|seller_raw:/shop/458155,zh,same_controller_direct_identifier,0.023443886821,1,0.264623531783
synthetic_train_only::latent_pair_embedding_mixup::00006,1,latent_pair_embedding_mixup,market_item.xlsx|中文暗网交易市场|seller_raw:157835||market_item.xlsx|中文暗网交易市场|seller_raw:596096,market_item.xlsx|中文暗网交易市场|seller_raw:361068||market_item.xlsx|中文暗网交易市场|seller_raw:537697,zh,same_controller_direct_identifier,0.998061022662,1,0.665954617546
synthetic_train_only::latent_pair_embedding_mixup::00007,1,latent_pair_embedding_mixup,market_item.xlsx|中文暗网交易市场|seller_raw:361068||market_item.xlsx|中文暗网交易市场|seller_raw:537697,market_item.xlsx|中文暗网交易市场|seller_raw:121394||market_item.xlsx|中文暗网交易市场|seller_raw:435064,zh,same_controller_direct_identifier,0.000032784797,1,0.665954617546
synthetic_train_only::latent_pair_embedding_mixup::00008,1,latent_pair_embedding_mixup,market_item.xlsx|茶马古道|seller_raw:/shop/449035||market_item.xlsx|茶马古道|seller_raw:/shop/458155,market_item.xlsx|中文暗网交易市场|seller_raw:157835||market_item.xlsx|中文暗网交易市场|seller_raw:596096,zh,same_controller_direct_identifier,0.896937465607,2,0.264623531783
synthetic_train_only::latent_pair_embedding_mixup::00009,1,latent_pair_embedding_mixup,market_item.xlsx|中文暗网交易市场|seller_raw:157835||market_item.xlsx|中文暗网交易市场|seller_raw:596096,market_item.xlsx|中文暗网交易市场|seller_raw:361068||market_item.xlsx|中文暗网交易市场|seller_raw:537697,zh,same_controller_direct_identifier,0.999448817056,2,0.665954617546
synthetic_train_only::latent_pair_embedding_mixup::00010,1,latent_pair_embedding_mixup,market_item.xlsx|中文暗网交易市场|seller_raw:121394||market_item.xlsx|中文暗网交易市场|seller_raw:435064,market_item.xlsx|中文暗网交易市场|seller_raw:361068||market_item.xlsx|中文暗网交易市场|seller_raw:537697,zh,same_controller_direct_identifier,0.000012340183,2,0.665954617546
synthetic_train_only::latent_pair_embedding_mixup::00011,1,latent_pair_embedding_mixup,market_item.xlsx|中文暗网交易市场|seller_raw:361068||market_item.xlsx|中文暗网交易市场|seller_raw:537697,market_item.xlsx|中文暗网交易市场|seller_raw:121394||market_item.xlsx|中文暗网交易市场|seller_raw:435064,zh,same_controller_direct_identifier,0.514055902587,2,0.665954617546
synthetic_train_only::latent_pair_embedding_mixup::00012,1,latent_pair_embedding_mixup,market_item.xlsx|茶马古道|seller_raw:/shop/449035||market_item.xlsx|茶马古道|seller_raw:/shop/458155,market_item.xlsx|中文暗网交易市场|seller_raw:121394||market_item.xlsx|中文暗网交易市场|seller_raw:435064,zh,same_controller_direct_identifier,0.036725866015,3,0.264623531783
synthetic_train_only::latent_pair_embedding_mixup::00013,1,latent_pair_embedding_mixup,market_item.xlsx|中文暗网交易市场|seller_raw:361068||market_item.xlsx|中文暗网交易市场|seller_raw:537697,market_item.xlsx|茶马古道|seller_raw:/shop/449035||market_item.xlsx|茶马古道|seller_raw:/shop/458155,zh,same_controller_direct_identifier,0.016472220521,3,0.264623531783
synthetic_train_only::latent_pair_embedding_mixup::00014,1,latent_pair_embedding_mixup,market_item.xlsx|中文暗网交易市场|seller_raw:157835||market_item.xlsx|中文暗网交易市场|seller_raw:596096,market_item.xlsx|中文暗网交易市场|seller_raw:121394||market_item.xlsx|中文暗网交易市场|seller_raw:435064,zh,same_controller_direct_identifier,0.405234481502,3,0.665954617546
synthetic_train_only::latent_pair_embedding_mixup::00015,1,latent_pair_embedding_mixup,market_item.xlsx|中文暗网交易市场|seller_raw:121394||market_item.xlsx|中文暗网交易市场|seller_raw:435064,market_item.xlsx|中文暗网交易市场|seller_raw:361068||market_item.xlsx|中文暗网交易市场|seller_raw:537697,zh,same_controller_direct_identifier,0.247477082649,3,0.665954617546
synthetic_train_only::latent_pair_embedding_mixup::00016,1,latent_pair_embedding_mixup,market_item.xlsx|茶马古道|seller_raw:/shop/449035||market_item.xlsx|茶马古道|seller_raw:/shop/458155,market_item.xlsx|中文暗网交易市场|seller_raw:361068||market_item.xlsx|中文暗网交易市场|seller_raw:537697,zh,same_controller_direct_identifier,0.333671148431,4,0.264623531783
synthetic_train_only::latent_pair_embedding_mixup::00017,1,latent_pair_embedding_mixup,market_item.xlsx|中文暗网交易市场|seller_raw:157835||market_item.xlsx|中文暗网交易市场|seller_raw:596096,market_item.xlsx|中文暗网交易市场|seller_raw:361068||market_item.xlsx|中文暗网交易市场|seller_raw:537697,zh,same_controller_direct_identifier,0.020318012959,4,0.356245381178
