synthetic_pair_uid,duplication_control_pair_uid,parent_pair_uid,parent_seller_uid_left,parent_seller_uid_right,component_id,fold,review_label,evidence_type,track,seed,variant_index,transform,left_profile_sha256,right_profile_sha256,parent_training_sample_weight,child_training_sample_weight,synthetic_train_only,benchmark_eligible
synthetic://step27/v1_1/primary/seed_20260325/primary_matched_000/negative/v00/left||synthetic://step27/v1_1/primary/seed_20260325/primary_matched_000/negative/v00/right,synthetic://step27/v1_1/duplication/primary/seed_20260325/primary_matched_000/negative/v00,market_item.xlsx|茶马古道|seller_raw:/shop/425704||market_item.xlsx|茶马古道|seller_raw:/shop/464140,market_item.xlsx|茶马古道|seller_raw:/shop/425704,market_item.xlsx|茶马古道|seller_raw:/shop/464140,zh_target_strict_cc_2e5c7caaf65dd8e0,0,negative,public_contact_or_url_noise,primary,20260325,0,section_order_rotation,00114d5973a6537ddce054fca53ce771609a816f67c7c2d97e1f955883896b81,2652a4cd36d94f67b6cc8ccffd0914e2feb711d8bb0e7f511c24da237dc9ce31,1.000000000000,0.250000000000,1,0
synthetic://step27/v1_1/primary/seed_20260325/primary_matched_000/positive/v00/left||synthetic://step27/v1_1/primary/seed_20260325/primary_matched_000/positive/v00/right,synthetic://step27/v1_1/duplication/primary/seed_20260325/primary_matched_000/positive/v00,market_item.xlsx|茶马古道|seller_raw:/shop/449035||market_item.xlsx|茶马古道|seller_raw:/shop/461222,market_item.xlsx|茶马古道|seller_raw:/shop/449035,market_item.xlsx|茶马古道|seller_raw:/shop/461222,zh_target_strict_cc_2e5c7caaf65dd8e0,0,positive,same_controller_direct_identifier,primary,20260325,0,section_order_rotation,453c91e27316c42b41b85f9399d0ce5e7799aeecae468c6846c3867c95573d11,dec9e70b4ddbb0f548c888e22012b150d7f7ab70a1828082abcd06e478a30bea,1.000000000000,0.250000000000,1,0
synthetic://step27/v1_1/primary/seed_20260325/primary_matched_000/negative/v01/left||synthetic://step27/v1_1/primary/seed_20260325/primary_matched_000/negative/v01/right,synthetic://step27/v1_1/duplication/primary/seed_20260325/primary_matched_000/negative/v01,market_item.xlsx|茶马古道|seller_raw:/shop/425704||market_item.xlsx|茶马古道|seller_raw:/shop/464140,market_item.xlsx|茶马古道|seller_raw:/shop/425704,market_item.xlsx|茶马古道|seller_raw:/shop/464140,zh_target_strict_cc_2e5c7caaf65dd8e0,0,negative,public_contact_or_url_noise,primary,20260325,1,segment_order_permutation_with_layout_normalization,d0c4dfc62ab23a3dd37a86cc8dee8b83483adaf021f97e50277fd1c9668a8f91,f39f586a851eb80a3a824aad1b3e9201d2297eba5234314356d0272b881ce062,1.000000000000,0.250000000000,1,0
synthetic://step27/v1_1/primary/seed_20260325/primary_matched_000/positive/v01/left||synthetic://step27/v1_1/primary/seed_20260325/primary_matched_000/positive/v01/right,synthetic://step27/v1_1/duplication/primary/seed_20260325/primary_matched_000/positive/v01,market_item.xlsx|茶马古道|seller_raw:/shop/449035||market_item.xlsx|茶马古道|seller_raw:/shop/461222,market_item.xlsx|茶马古道|seller_raw:/shop/449035,market_item.xlsx|茶马古道|seller_raw:/shop/461222,zh_target_strict_cc_2e5c7caaf65dd8e0,0,positive,same_controller_direct_identifier,primary,20260325,1,segment_order_permutation_with_layout_normalization,a6199a9fbad4c1130d86fd6ab2c8e4dadeed1572497d0db857163d7cf86bf68a,e651f8b111ff29f496beb90cf0a133e0756381dab8dc2c726a1301c8ed7cada5,1.000000000000,0.250000000000,1,0
synthetic://step27/v1_1/primary/seed_20260325/primary_matched_001/negative/v00/left||synthetic://step27/v1_1/primary/seed_20260325/primary_matched_001/negative/v00/right,synthetic://step27/v1_1/duplication/primary/seed_20260325/primary_matched_001/negative/v00,market_item.xlsx|中文暗网交易市场|seller_raw:438221||market_item.xlsx|中文暗网交易市场|seller_raw:61106,market_item.xlsx|中文暗网交易市场|seller_raw:438221,market_item.xlsx|中文暗网交易市场|seller_raw:61106,zh_target_strict_cc_18a4e6bd2c1b0e47,2,negative,ordinary_negative,primary,20260325,0,section_order_rotation,9900a3fa5ff95c489e8eef71edde5b6baf65605328cc0bd365cd11eaabf785d5,a92849fd1058ca5f8e1331f83022e3bebbb9dbf2a0514ac0ad937d76140e6ab8,1.000000000000,0.250000000000,1,0
synthetic://step27/v1_1/primary/seed_20260325/primary_matched_001/positive/v00/left||synthetic://step27/v1_1/primary/seed_20260325/primary_matched_001/positive/v00/right,synthetic://step27/v1_1/duplication/primary/seed_20260325/primary_matched_001/positive/v00,market_item.xlsx|茶马古道|seller_raw:/shop/440200||market_item.xlsx|茶马古道|seller_raw:/shop/450020,market_item.xlsx|茶马古道|seller_raw:/shop/440200,market_item.xlsx|茶马古道|seller_raw:/shop/450020,zh_target_strict_cc_9991bf542ace4262,2,positive,same_controller_style_structural_soft,primary,20260325,0,section_order_rotation,56abd6087afce7b7e66972f5e266e731f7925cf2aa16d51859851041a1fc532e,a56e5c27e3c76fe1f7a5ef066cd29bcf57fd7b68874effef7100d0baa8368a0d,1.000000000000,0.250000000000,1,0
synthetic://step27/v1_1/primary/seed_20260325/primary_matched_001/negative/v01/left||synthetic://step27/v1_1/primary/seed_20260325/primary_matched_001/negative/v01/right,synthetic://step27/v1_1/duplication/primary/seed_20260325/primary_matched_001/negative/v01,market_item.xlsx|中文暗网交易市场|seller_raw:438221||market_item.xlsx|中文暗网交易市场|seller_raw:61106,market_item.xlsx|中文暗网交易市场|seller_raw:438221,market_item.xlsx|中文暗网交易市场|seller_raw:61106,zh_target_strict_cc_18a4e6bd2c1b0e47,2,negative,ordinary_negative,primary,20260325,1,segment_order_permutation_with_layout_normalization,19ec96e1a2419a558839dd4ac280f09f7fcabfa8e6f112fec018faa05585daf8,8508281286c25547f8e8dd4a3454921dab1580e395b294dbe16904185f12f78c,1.000000000000,0.250000000000,1,0
synthetic://step27/v1_1/primary/seed_20260325/primary_matched_001/positive/v01/left||synthetic://step27/v1_1/primary/seed_20260325/primary_matched_001/positive/v01/right,synthetic://step27/v1_1/duplication/primary/seed_20260325/primary_matched_001/positive/v01,market_item.xlsx|茶马古道|seller_raw:/shop/440200||market_item.xlsx|茶马古道|seller_raw:/shop/450020,market_item.xlsx|茶马古道|seller_raw:/shop/440200,market_item.xlsx|茶马古道|seller_raw:/shop/450020,zh_target_strict_cc_9991bf542ace4262,2,positive,same_controller_style_structural_soft,primary,20260325,1,segment_order_permutation_with_layout_normalization,a38f60248593c1fbb7697cc4fda728f5105e9fbc088ff6a20c4fbcbdc866214e,ccec66e1f9e4a3b07d193d913f65cca2e0fcedf0b169edb6661ea38574fcf051,1.000000000000,0.250000000000,1,0
synthetic://step27/v1_1/primary/seed_20260325/primary_matched_002/negative/v00/left||synthetic://step27/v1_1/primary/seed_20260325/primary_matched_002/negative/v00/right,synthetic://step27/v1_1/duplication/primary/seed_20260325/primary_matched_002/negative/v00,market_item.xlsx|茶马古道|seller_raw:/shop/427282||market_item.xlsx|茶马古道|seller_raw:/shop/436862,market_item.xlsx|茶马古道|seller_raw:/shop/427282,market_item.xlsx|茶马古道|seller_raw:/shop/436862,zh_target_strict_cc_2e5c7caaf65dd8e0,0,negative,ordinary_negative,primary,20260325,0,section_order_rotation,0631290e587d977d345dcd7e26b9929d38bbe7db04580df55331ed597b0ce6dc,183090bd608df03e4b4a8c9047ca046f4485492f9268ecfb14582fc77c9a9689,1.000000000000,0.250000000000,1,0
synthetic://step27/v1_1/primary/seed_20260325/primary_matched_002/positive/v00/left||synthetic://step27/v1_1/primary/seed_20260325/primary_matched_002/positive/v00/right,synthetic://step27/v1_1/duplication/primary/seed_20260325/primary_matched_002/positive/v00,market_item.xlsx|中文暗网交易市场|seller_raw:264776||market_item.xlsx|茶马古道|seller_raw:/shop/385,market_item.xlsx|中文暗网交易市场|seller_raw:264776,market_item.xlsx|茶马古道|seller_raw:/shop/385,zh_target_strict_cc_5d2591f16cbcd99a,0,positive,same_controller_style_structural_soft,primary,20260325,0,section_order_rotation,500609f1c5795b3c6e0475020689b39377898a6444c2bf089d63dca9074b5c7f,5c3c79966d5d7bbf9e411bc945caa9a1d4758fdf4bdc40558491ee6b059eed39,1.000000000000,0.250000000000,1,0
synthetic://step27/v1_1/primary/seed_20260325/primary_matched_002/negative/v01/left||synthetic://step27/v1_1/primary/seed_20260325/primary_matched_002/negative/v01/right,synthetic://step27/v1_1/duplication/primary/seed_20260325/primary_matched_002/negative/v01,market_item.xlsx|茶马古道|seller_raw:/shop/427282||market_item.xlsx|茶马古道|seller_raw:/shop/436862,market_item.xlsx|茶马古道|seller_raw:/shop/427282,market_item.xlsx|茶马古道|seller_raw:/shop/436862,zh_target_strict_cc_2e5c7caaf65dd8e0,0,negative,ordinary_negative,primary,20260325,1,segment_order_permutation_with_layout_normalization,21d4d4a31518915ac94cc5ea7d182605b916a4a1feaf0517e7ea15b2c97b76e2,b5fd8b1044911d35dc029ebeacfc463c3072b779353ecffb1598da044049b6c0,1.000000000000,0.250000000000,1,0
synthetic://step27/v1_1/primary/seed_20260325/primary_matched_002/positive/v01/left||synthetic://step27/v1_1/primary/seed_20260325/primary_matched_002/positive/v01/right,synthetic://step27/v1_1/duplication/primary/seed_20260325/primary_matched_002/positive/v01,market_item.xlsx|中文暗网交易市场|seller_raw:264776||market_item.xlsx|茶马古道|seller_raw:/shop/385,market_item.xlsx|中文暗网交易市场|seller_raw:264776,market_item.xlsx|茶马古道|seller_raw:/shop/385,zh_target_strict_cc_5d2591f16cbcd99a,0,positive,same_controller_style_structural_soft,primary,20260325,1,segment_order_permutation_with_layout_normalization,12303924e836ccb69d9a1ffd882bebd75d5c8bedb6c9de85f4160d78f561883b,1c474c3a2e14b910409e25f7fb1dfd1b49e5fe65eab6d5dc9abe288d51c7dbfd,1.000000000000,0.250000000000,1,0
synthetic://step27/v1_1/primary/seed_20260325/primary_matched_003/negative/v00/left||synthetic://step27/v1_1/primary/seed_20260325/primary_matched_003/negative/v00/right,synthetic://step27/v1_1/duplication/primary/seed_20260325/primary_matched_003/negative/v00,market_item.xlsx|中文暗网交易市场|seller_raw:41552||market_item.xlsx|中文暗网交易市场|seller_raw:546723,market_item.xlsx|中文暗网交易市场|seller_raw:41552,market_item.xlsx|中文暗网交易市场|seller_raw:546723,zh_target_strict_cc_2e5c7caaf65dd8e0,0,negative,ordinary_negative,primary,20260325,0,section_order_rotation,1678c0e906e4e32af615624c1ce6ff1b41626e7c8d47450b30556112042a0c66,0571500007247c14a584ae43db3e3575235dc26270ed6aae928fcfd9dab72821,1.000000000000,0.250000000000,1,0
synthetic://step27/v1_1/primary/seed_20260325/primary_matched_003/positive/v00/left||synthetic://step27/v1_1/primary/seed_20260325/primary_matched_003/positive/v00/right,synthetic://step27/v1_1/duplication/primary/seed_20260325/primary_matched_003/positive/v00,market_item.xlsx|中文暗网交易市场|seller_raw:19692||market_item.xlsx|中文暗网交易市场|seller_raw:357141,market_item.xlsx|中文暗网交易市场|seller_raw:19692,market_item.xlsx|中文暗网交易市场|seller_raw:357141,zh_target_strict_cc_e21fd6d89ecb3687,0,positive,same_controller_style_structural_soft,primary,20260325,0,section_order_rotation,80a7fc5f81912bfbf71a02feecbdfa8aa45bcfc1679e72a48c0e41d2eb07d5e5,de4f78dcaa55f1526036e77f0b7a928c0b805ed7cb5a5306ced9f78a7cb179a6,1.000000000000,0.250000000000,1,0
synthetic://step27/v1_1/primary/seed_20260325/primary_matched_003/negative/v01/left||synthetic://step27/v1_1/primary/seed_20260325/primary_matched_003/negative/v01/right,synthetic://step27/v1_1/duplication/primary/seed_20260325/primary_matched_003/negative/v01,market_item.xlsx|中文暗网交易市场|seller_raw:41552||market_item.xlsx|中文暗网交易市场|seller_raw:546723,market_item.xlsx|中文暗网交易市场|seller_raw:41552,market_item.xlsx|中文暗网交易市场|seller_raw:546723,zh_target_strict_cc_2e5c7caaf65dd8e0,0,negative,ordinary_negative,primary,20260325,1,segment_order_permutation_with_layout_normalization,840cd74c0037e71b9941ce454895b947ef0711be9be022470d51827b1b8a0b43,98f069de2281848e7d94714334b046be1960e92ae6fae492dd8657834960d514,1.000000000000,0.250000000000,1,0
synthetic://step27/v1_1/primary/seed_20260325/primary_matched_003/positive/v01/left||synthetic://step27/v1_1/primary/seed_20260325/primary_matched_003/positive/v01/right,synthetic://step27/v1_1/duplication/primary/seed_20260325/primary_matched_003/positive/v01,market_item.xlsx|中文暗网交易市场|seller_raw:19692||market_item.xlsx|中文暗网交易市场|seller_raw:357141,market_item.xlsx|中文暗网交易市场|seller_raw:19692,market_item.xlsx|中文暗网交易市场|seller_raw:357141,zh_target_strict_cc_e21fd6d89ecb3687,0,positive,same_controller_style_structural_soft,primary,20260325,1,segment_order_permutation_with_layout_normalization,d09c49e4b545f125c85577c15e9d119689e67e000b60d7e460e33f88d59e2004,796cf5b111b65cf0acc8d2cb866fe31d0810b1fd901897015929946579a9bb7f,1.000000000000,0.250000000000,1,0
synthetic://step27/v1_1/primary/seed_20260325/primary_matched_004/negative/v00/left||synthetic://step27/v1_1/primary/seed_20260325/primary_matched_004/negative/v00/right,synthetic://step27/v1_1/duplication/primary/seed_20260325/primary_matched_004/negative/v00,market_item.xlsx|中文暗网交易市场|seller_raw:47411||market_item.xlsx|中文暗网交易市场|seller_raw:60931,market_item.xlsx|中文暗网交易市场|seller_raw:47411,market_item.xlsx|中文暗网交易市场|seller_raw:60931,zh_target_strict_cc_0209f4b7c62ccade,3,negative,ordinary_negative,primary,20260325,0,section_order_rotation,d4fd2e53733c941005d23426896d3475fe473bf12ecccd218eebf09810a28f1c,927cc8cfce9558e09a0112675a6181aa0a2bb47074bacce388d730e39e713943,1.000000000000,0.250000000000,1,0
synthetic://step27/v1_1/primary/seed_20260325/primary_matched_004/positive/v00/left||synthetic://step27/v1_1/primary/seed_20260325/primary_matched_004/positive/v00/right,synthetic://step27/v1_1/duplication/primary/seed_20260325/primary_matched_004/positive/v00,market_item.xlsx|中文暗网交易市场|seller_raw:39516||market_item.xlsx|中文暗网交易市场|seller_raw:64954,market_item.xlsx|中文暗网交易市场|seller_raw:39516,market_item.xlsx|中文暗网交易市场|seller_raw:64954,zh_target_strict_cc_e052ce9c91056a43,3,positive,same_controller_style_structural_soft,primary,20260325,0,section_order_rotation,9d1db38a614316c3bbeb2208b7f1aaa1a2343c91fbbff298ce32736e6e894903,797179b5085fb19364aa738b018631d1ba8d8fe206b89b74f03f59e8c1af5ac3,1.000000000000,0.250000000000,1,0
synthetic://step27/v1_1/primary/seed_20260325/primary_matched_004/negative/v01/left||synthetic://step27/v1_1/primary/seed_20260325/primary_matched_004/negative/v01/right,synthetic://step27/v1_1/duplication/primary/seed_20260325/primary_matched_004/negative/v01,market_item.xlsx|中文暗网交易市场|seller_raw:47411||market_item.xlsx|中文暗网交易市场|seller_raw:60931,market_item.xlsx|中文暗网交易市场|seller_raw:47411,market_item.xlsx|中文暗网交易市场|seller_raw:60931,zh_target_strict_cc_0209f4b7c62ccade,3,negative,ordinary_negative,primary,20260325,1,segment_order_permutation_with_layout_normalization,c7d9ffd1a26125a969483639d66d5a4212295575234e30dd1bddcdaf324a8cae,601f601cbd1f7291ba8a9b2d757c6e4db10eb779ccb0df6bdf5342d4338ea50e,1.000000000000,0.250000000000,1,0
synthetic://step27/v1_1/primary/seed_20260325/primary_matched_004/positive/v01/left||synthetic://step27/v1_1/primary/seed_20260325/primary_matched_004/positive/v01/right,synthetic://step27/v1_1/duplication/primary/seed_20260325/primary_matched_004/positive/v01,market_item.xlsx|中文暗网交易市场|seller_raw:39516||market_item.xlsx|中文暗网交易市场|seller_raw:64954,market_item.xlsx|中文暗网交易市场|seller_raw:39516,market_item.xlsx|中文暗网交易市场|seller_raw:64954,zh_target_strict_cc_e052ce9c91056a43,3,positive,same_controller_style_structural_soft,primary,20260325,1,segment_order_permutation_with_layout_normalization,87aec734326e17ef4e0c6bf2cebc30c82f35d3dc3a79d265a6d4593ede4f9e9f,f942a8a00b8956cd6ca37126596d42db0794551752b1ba32ad5e8958c06919d5,1.000000000000,0.250000000000,1,0
synthetic://step27/v1_1/primary/seed_20260325/primary_matched_005/negative/v00/left||synthetic://step27/v1_1/primary/seed_20260325/primary_matched_005/negative/v00/right,synthetic://step27/v1_1/duplication/primary/seed_20260325/primary_matched_005/negative/v00,market_item.xlsx|中文暗网交易市场|seller_raw:41552||market_item.xlsx|中文暗网交易市场|seller_raw:569522,market_item.xlsx|中文暗网交易市场|seller_raw:41552,market_item.xlsx|中文暗网交易市场|seller_raw:569522,zh_target_strict_cc_2e5c7caaf65dd8e0,0,negative,ordinary_negative,primary,20260325,0,section_order_rotation,bb1bc053b500e22cf15d5ff7568c32d293a7364654c05912804d4a1189b0a338,2e69b8288394c35817a897c8561a937a1c925c8089daa1201db21a3c7e8d3068,1.000000000000,0.250000000000,1,0
synthetic://step27/v1_1/primary/seed_20260325/primary_matched_005/positive/v00/left||synthetic://step27/v1_1/primary/seed_20260325/primary_matched_005/positive/v00/right,synthetic://step27/v1_1/duplication/primary/seed_20260325/primary_matched_005/positive/v00,market_item.xlsx|中文暗网交易市场|seller_raw:26383||market_item.xlsx|茶马古道|seller_raw:/shop/404544,market_item.xlsx|中文暗网交易市场|seller_raw:26383,market_item.xlsx|茶马古道|seller_raw:/shop/404544,zh_target_strict_cc_f90ae29225a92855,0,positive,same_controller_style_structural_soft,primary,20260325,0,section_order_rotation,9c4ff0a79a03641f9a19bec8ed67f52cb9134a07d5c701e88828c4d705a68e93,ce1c72b5dfeb0789c1c44ac9ce9a2a6ec3c4abdd17543404c10b0b2a1bdfe1f5,1.000000000000,0.250000000000,1,0
synthetic://step27/v1_1/primary/seed_20260325/primary_matched_005/negative/v01/left||synthetic://step27/v1_1/primary/seed_20260325/primary_matched_005/negative/v01/right,synthetic://step27/v1_1/duplication/primary/seed_20260325/primary_matched_005/negative/v01,market_item.xlsx|中文暗网交易市场|seller_raw:41552||market_item.xlsx|中文暗网交易市场|seller_raw:569522,market_item.xlsx|中文暗网交易市场|seller_raw:41552,market_item.xlsx|中文暗网交易市场|seller_raw:569522,zh_target_strict_cc_2e5c7caaf65dd8e0,0,negative,ordinary_negative,primary,20260325,1,segment_order_permutation_with_layout_normalization,d4e4efd2b39a0383656905c7743d88eaa780a87783c085468994788b04b8e42c,edc907eea3813f9f252d0f5dff7b229513cb71d9be00b56a0b4f297c7f365121,1.000000000000,0.250000000000,1,0
synthetic://step27/v1_1/primary/seed_20260325/primary_matched_005/positive/v01/left||synthetic://step27/v1_1/primary/seed_20260325/primary_matched_005/positive/v01/right,synthetic://step27/v1_1/duplication/primary/seed_20260325/primary_matched_005/positive/v01,market_item.xlsx|中文暗网交易市场|seller_raw:26383||market_item.xlsx|茶马古道|seller_raw:/shop/404544,market_item.xlsx|中文暗网交易市场|seller_raw:26383,market_item.xlsx|茶马古道|seller_raw:/shop/404544,zh_target_strict_cc_f90ae29225a92855,0,positive,same_controller_style_structural_soft,primary,20260325,1,segment_order_permutation_with_layout_normalization,2f03ebeac7e04661e12732b51608bcbd80c1e8a285ba51fb811f7c000720ebb3,ceb5286e34a83656bfa07945ad2be00536efae233f060730913a82e9523a5057,1.000000000000,0.250000000000,1,0
synthetic://step27/v1_1/primary/seed_20260325/primary_matched_006/negative/v00/left||synthetic://step27/v1_1/primary/seed_20260325/primary_matched_006/negative/v00/right,synthetic://step27/v1_1/duplication/primary/seed_20260325/primary_matched_006/negative/v00,market_item.xlsx|中文暗网交易市场|seller_raw:462418||market_item.xlsx|中文暗网交易市场|seller_raw:6639,market_item.xlsx|中文暗网交易市场|seller_raw:462418,market_item.xlsx|中文暗网交易市场|seller_raw:6639,zh_target_strict_cc_69603dfb2bfd9f9f,2,negative,ordinary_negative,primary,20260325,0,section_order_rotation,dd566ffd61a82b9d2741e6fae6ff22e41707e47a621969e055a8de66638c816a,b5eb25aed4e8fbcb4be1cbb3d73fecbe32e7073300f29791d39c690325ef003f,1.000000000000,0.250000000000,1,0
synthetic://step27/v1_1/primary/seed_20260325/primary_matched_006/positive/v00/left||synthetic://step27/v1_1/primary/seed_20260325/primary_matched_006/positive/v00/right,synthetic://step27/v1_1/duplication/primary/seed_20260325/primary_matched_006/positive/v00,market_item.xlsx|中文暗网交易市场|seller_raw:342077||market_item.xlsx|茶马古道|seller_raw:/shop/449476,market_item.xlsx|中文暗网交易市场|seller_raw:342077,market_item.xlsx|茶马古道|seller_raw:/shop/449476,zh_target_strict_cc_520079d78e2d7142,2,positive,same_controller_style_structural_soft,primary,20260325,0,section_order_rotation,618f2bbafb0b58438666eab19ab071fe44d6696b007be207e2d2deeea2989da9,e3ef24e837fc92d9a2a4eb917d427f375b39b4c32e3416927356024318ada3e5,1.000000000000,0.250000000000,1,0
synthetic://step27/v1_1/primary/seed_20260325/primary_matched_006/negative/v01/left||synthetic://step27/v1_1/primary/seed_20260325/primary_matched_006/negative/v01/right,synthetic://step27/v1_1/duplication/primary/seed_20260325/primary_matched_006/negative/v01,market_item.xlsx|中文暗网交易市场|seller_raw:462418||market_item.xlsx|中文暗网交易市场|seller_raw:6639,market_item.xlsx|中文暗网交易市场|seller_raw:462418,market_item.xlsx|中文暗网交易市场|seller_raw:6639,zh_target_strict_cc_69603dfb2bfd9f9f,2,negative,ordinary_negative,primary,20260325,1,segment_order_permutation_with_layout_normalization,3eed023d7d1ab1b4e52012c4aa20b48308e9e2ef0a63990715dde79a39aa2441,e9d17c2fb74f4712d9f0a3bc618199d580636e2bc9892da8abfcb28a70d308e6,1.000000000000,0.250000000000,1,0
synthetic://step27/v1_1/primary/seed_20260325/primary_matched_006/positive/v01/left||synthetic://step27/v1_1/primary/seed_20260325/primary_matched_006/positive/v01/right,synthetic://step27/v1_1/duplication/primary/seed_20260325/primary_matched_006/positive/v01,market_item.xlsx|中文暗网交易市场|seller_raw:342077||market_item.xlsx|茶马古道|seller_raw:/shop/449476,market_item.xlsx|中文暗网交易市场|seller_raw:342077,market_item.xlsx|茶马古道|seller_raw:/shop/449476,zh_target_strict_cc_520079d78e2d7142,2,positive,same_controller_style_structural_soft,primary,20260325,1,segment_order_permutation_with_layout_normalization,3ee5a793bad297494dd44ebb5c03ea3118a400da12234a49a23ab54b193ddf58,1f771a828f7543b5aac99725134e96e6507cd7656da42bd011966e6d7c1740e2,1.000000000000,0.250000000000,1,0
synthetic://step27/v1_1/primary/seed_20260325/primary_matched_007/negative/v00/left||synthetic://step27/v1_1/primary/seed_20260325/primary_matched_007/negative/v00/right,synthetic://step27/v1_1/duplication/primary/seed_20260325/primary_matched_007/negative/v00,market_item.xlsx|中文暗网交易市场|seller_raw:28990||market_item.xlsx|中文暗网交易市场|seller_raw:32559,market_item.xlsx|中文暗网交易市场|seller_raw:28990,market_item.xlsx|中文暗网交易市场|seller_raw:32559,zh_target_strict_cc_22709e967eba3940,3,negative,ordinary_negative,primary,20260325,0,section_order_rotation,9fd2676a70521162c952c17d8c05239699dc45e721926f9ec2ed65c4ee72b559,c4c2176eea82b76ea84967f2b0572130b9cfad928f588405ade46137ae7e67d8,1.000000000000,0.250000000000,1,0
synthetic://step27/v1_1/primary/seed_20260325/primary_matched_007/positive/v00/left||synthetic://step27/v1_1/primary/seed_20260325/primary_matched_007/positive/v00/right,synthetic://step27/v1_1/duplication/primary/seed_20260325/primary_matched_007/positive/v00,market_item.xlsx|中文暗网交易市场|seller_raw:43871||market_item.xlsx|中文暗网交易市场|seller_raw:46626,market_item.xlsx|中文暗网交易市场|seller_raw:43871,market_item.xlsx|中文暗网交易市场|seller_raw:46626,zh_target_strict_cc_f4a53fc0f07dd266,3,positive,same_controller_style_structural_soft,primary,20260325,0,section_order_rotation,4d93cdbdb886df5da6e8aadbe17a1b6c2d232b37fdb1970c06a7c5c4f0cc9e6d,e6be73d26487c060cc090592b3cbabaa4e5a2abaa50830ec0fa058111550aa50,1.000000000000,0.250000000000,1,0
synthetic://step27/v1_1/primary/seed_20260325/primary_matched_007/negative/v01/left||synthetic://step27/v1_1/primary/seed_20260325/primary_matched_007/negative/v01/right,synthetic://step27/v1_1/duplication/primary/seed_20260325/primary_matched_007/negative/v01,market_item.xlsx|中文暗网交易市场|seller_raw:28990||market_item.xlsx|中文暗网交易市场|seller_raw:32559,market_item.xlsx|中文暗网交易市场|seller_raw:28990,market_item.xlsx|中文暗网交易市场|seller_raw:32559,zh_target_strict_cc_22709e967eba3940,3,negative,ordinary_negative,primary,20260325,1,section_order_rotation,79c450807f3c7c9cf55447e097daeacecdc042eeee8030f5075c65654e48fc1b,514234a8b0098026d288cab10d8cbe5f904654063db6a7ac11c6f33b6f52c87e,1.000000000000,0.250000000000,1,0
synthetic://step27/v1_1/primary/seed_20260325/primary_matched_007/positive/v01/left||synthetic://step27/v1_1/primary/seed_20260325/primary_matched_007/positive/v01/right,synthetic://step27/v1_1/duplication/primary/seed_20260325/primary_matched_007/positive/v01,market_item.xlsx|中文暗网交易市场|seller_raw:43871||market_item.xlsx|中文暗网交易市场|seller_raw:46626,market_item.xlsx|中文暗网交易市场|seller_raw:43871,market_item.xlsx|中文暗网交易市场|seller_raw:46626,zh_target_strict_cc_f4a53fc0f07dd266,3,positive,same_controller_style_structural_soft,primary,20260325,1,section_order_rotation,79d40abee2766153c0a578bde987d07f1cc06fc15bb9eee5ce8e347b3dd281ee,d843c77dbe9447ddb928b3816f504c78ce552412292cd3303663f2ed01a5df63,1.000000000000,0.250000000000,1,0
synthetic://step27/v1_1/primary/seed_20260325/primary_matched_008/negative/v00/left||synthetic://step27/v1_1/primary/seed_20260325/primary_matched_008/negative/v00/right,synthetic://step27/v1_1/duplication/primary/seed_20260325/primary_matched_008/negative/v00,market_item.xlsx|中文暗网交易市场|seller_raw:506438||market_item.xlsx|茶马古道|seller_raw:/shop/463712,market_item.xlsx|中文暗网交易市场|seller_raw:506438,market_item.xlsx|茶马古道|seller_raw:/shop/463712,zh_target_strict_cc_aa08c51a98212568,3,negative,ordinary_negative,primary,20260325,0,section_order_rotation,380eb8f19772b84bd432adaa071c5fc814bba2007f26c98bcf722f51b3267dfc,05c7ecab3783205cb4d1cec3bc682e3c10cbd3d2c100a0455123366fb6fea809,1.000000000000,0.250000000000,1,0
synthetic://step27/v1_1/primary/seed_20260325/primary_matched_008/positive/v00/left||synthetic://step27/v1_1/primary/seed_20260325/primary_matched_008/positive/v00/right,synthetic://step27/v1_1/duplication/primary/seed_20260325/primary_matched_008/positive/v00,market_item.xlsx|中文暗网交易市场|seller_raw:43871||market_item.xlsx|中文暗网交易市场|seller_raw:68679,market_item.xlsx|中文暗网交易市场|seller_raw:43871,market_item.xlsx|中文暗网交易市场|seller_raw:68679,zh_target_strict_cc_f4a53fc0f07dd266,3,positive,same_controller_style_structural_soft,primary,20260325,0,section_order_rotation,467cb017fb98731ae882a010e91c75223cadcd31f37ca2939919765ac1aec48c,302f4a8ea7a9b5d02e1431a0bea026792a8f70b502b7069246b2f5b8859636f9,1.000000000000,0.250000000000,1,0
synthetic://step27/v1_1/primary/seed_20260325/primary_matched_008/negative/v01/left||synthetic://step27/v1_1/primary/seed_20260325/primary_matched_008/negative/v01/right,synthetic://step27/v1_1/duplication/primary/seed_20260325/primary_matched_008/negative/v01,market_item.xlsx|中文暗网交易市场|seller_raw:506438||market_item.xlsx|茶马古道|seller_raw:/shop/463712,market_item.xlsx|中文暗网交易市场|seller_raw:506438,market_item.xlsx|茶马古道|seller_raw:/shop/463712,zh_target_strict_cc_aa08c51a98212568,3,negative,ordinary_negative,primary,20260325,1,section_order_rotation,50177f1c3afa39e6eab99d95e2a9186e636317f4bbb8f5674df9e4b757a18f2c,a557045268c51465f75b6e44933fa905ee5658376007083f802dc8fa4fca9f7c,1.000000000000,0.250000000000,1,0
synthetic://step27/v1_1/primary/seed_20260325/primary_matched_008/positive/v01/left||synthetic://step27/v1_1/primary/seed_20260325/primary_matched_008/positive/v01/right,synthetic://step27/v1_1/duplication/primary/seed_20260325/primary_matched_008/positive/v01,market_item.xlsx|中文暗网交易市场|seller_raw:43871||market_item.xlsx|中文暗网交易市场|seller_raw:68679,market_item.xlsx|中文暗网交易市场|seller_raw:43871,market_item.xlsx|中文暗网交易市场|seller_raw:68679,zh_target_strict_cc_f4a53fc0f07dd266,3,positive,same_controller_style_structural_soft,primary,20260325,1,section_order_rotation,67621d032f7427f4a2f6fb998af0f41f2cc704e0a83d1cb42b6b648906fa2a47,0e87c3aaf05969a4e9a646f273a1fd29496b41bf02082fb045c315324bb1c26e,1.000000000000,0.250000000000,1,0
synthetic://step27/v1_1/primary/seed_20260325/primary_matched_009/negative/v00/left||synthetic://step27/v1_1/primary/seed_20260325/primary_matched_009/negative/v00/right,synthetic://step27/v1_1/duplication/primary/seed_20260325/primary_matched_009/negative/v00,market_item.xlsx|中文暗网交易市场|seller_raw:41552||market_item.xlsx|中文暗网交易市场|seller_raw:581981,market_item.xlsx|中文暗网交易市场|seller_raw:41552,market_item.xlsx|中文暗网交易市场|seller_raw:581981,zh_target_strict_cc_2e5c7caaf65dd8e0,0,negative,ordinary_negative,primary,20260325,0,section_order_rotation,4c9e4838a33c3857d4bf284ed2b7a03439ec53296f272664f9de792dd267febf,a52ed6f87df791e61922b4ea56d158a958b0e5f9149d9501a22e53f775fb13fe,1.000000000000,0.250000000000,1,0
synthetic://step27/v1_1/primary/seed_20260325/primary_matched_009/positive/v00/left||synthetic://step27/v1_1/primary/seed_20260325/primary_matched_009/positive/v00/right,synthetic://step27/v1_1/duplication/primary/seed_20260325/primary_matched_009/positive/v00,market_item.xlsx|中文暗网交易市场|seller_raw:401772||market_item.xlsx|中文暗网交易市场|seller_raw:485545,market_item.xlsx|中文暗网交易市场|seller_raw:401772,market_item.xlsx|中文暗网交易市场|seller_raw:485545,zh_target_strict_cc_c4b8f5a840796f04,0,positive,same_controller_style_structural_soft,primary,20260325,0,section_order_rotation,92058c61bf93df114641ea2a82f89c50450c4acc6591feaeb23b7479e1ccd06c,95c07be5998059ecd15303b02ddfa47d89d9415b982344cf206312d772509b8b,1.000000000000,0.250000000000,1,0
synthetic://step27/v1_1/primary/seed_20260325/primary_matched_009/negative/v01/left||synthetic://step27/v1_1/primary/seed_20260325/primary_matched_009/negative/v01/right,synthetic://step27/v1_1/duplication/primary/seed_20260325/primary_matched_009/negative/v01,market_item.xlsx|中文暗网交易市场|seller_raw:41552||market_item.xlsx|中文暗网交易市场|seller_raw:581981,market_item.xlsx|中文暗网交易市场|seller_raw:41552,market_item.xlsx|中文暗网交易市场|seller_raw:581981,zh_target_strict_cc_2e5c7caaf65dd8e0,0,negative,ordinary_negative,primary,20260325,1,segment_order_permutation_with_layout_normalization,a2ed9206e44950b400583973801c7269ebac7d1e25426e4f1058e045104f5f6e,085e0ee5cd85bc8180cb4dd3081aa714b126a5c10670188f7934159b7e745263,1.000000000000,0.250000000000,1,0
synthetic://step27/v1_1/primary/seed_20260325/primary_matched_009/positive/v01/left||synthetic://step27/v1_1/primary/seed_20260325/primary_matched_009/positive/v01/right,synthetic://step27/v1_1/duplication/primary/seed_20260325/primary_matched_009/positive/v01,market_item.xlsx|中文暗网交易市场|seller_raw:401772||market_item.xlsx|中文暗网交易市场|seller_raw:485545,market_item.xlsx|中文暗网交易市场|seller_raw:401772,market_item.xlsx|中文暗网交易市场|seller_raw:485545,zh_target_strict_cc_c4b8f5a840796f04,0,positive,same_controller_style_structural_soft,primary,20260325,1,segment_order_permutation_with_layout_normalization,f076badd04dcf3a0e55267160a8eea89e95376e7f3cf1b1bdbee97250fc271b5,ec19e97d1909065a4d5ab8425c56c78e49226c6c5037620a13e3b13cc153f0be,1.000000000000,0.250000000000,1,0
synthetic://step27/v1_1/primary/seed_20260325/primary_matched_010/negative/v00/left||synthetic://step27/v1_1/primary/seed_20260325/primary_matched_010/negative/v00/right,synthetic://step27/v1_1/duplication/primary/seed_20260325/primary_matched_010/negative/v00,market_item.xlsx|中文暗网交易市场|seller_raw:581981||market_item.xlsx|中文暗网交易市场|seller_raw:99610,market_item.xlsx|中文暗网交易市场|seller_raw:581981,market_item.xlsx|中文暗网交易市场|seller_raw:99610,zh_target_strict_cc_2e5c7caaf65dd8e0,0,negative,ordinary_negative,primary,20260325,0,section_order_rotation,ff34575b29454ab3f14685fad3d4f77222954069011c6cf7fdf61b147ed0dcf4,59eca6176dc49e2aabebbb3dab3626eaf82098a1bd5ea0c85216977bd07e95ca,1.000000000000,0.250000000000,1,0
synthetic://step27/v1_1/primary/seed_20260325/primary_matched_010/positive/v00/left||synthetic://step27/v1_1/primary/seed_20260325/primary_matched_010/positive/v00/right,synthetic://step27/v1_1/duplication/primary/seed_20260325/primary_matched_010/positive/v00,market_item.xlsx|中文暗网交易市场|seller_raw:581978||market_item.xlsx|茶马古道|seller_raw:/shop/464140,market_item.xlsx|中文暗网交易市场|seller_raw:581978,market_item.xlsx|茶马古道|seller_raw:/shop/464140,zh_target_strict_cc_2e5c7caaf65dd8e0,0,positive,same_controller_style_structural_soft,primary,20260325,0,section_order_rotation,76d5a02ccf82e4f7757585881534c0dfa5f8c214c8e3d381b31ea48708d09217,d40625629428ecb9e0bfc4c0bf5aa537596a12455b7d4521b7f141601a38e482,1.000000000000,0.250000000000,1,0
synthetic://step27/v1_1/primary/seed_20260325/primary_matched_010/negative/v01/left||synthetic://step27/v1_1/primary/seed_20260325/primary_matched_010/negative/v01/right,synthetic://step27/v1_1/duplication/primary/seed_20260325/primary_matched_010/negative/v01,market_item.xlsx|中文暗网交易市场|seller_raw:581981||market_item.xlsx|中文暗网交易市场|seller_raw:99610,market_item.xlsx|中文暗网交易市场|seller_raw:581981,market_item.xlsx|中文暗网交易市场|seller_raw:99610,zh_target_strict_cc_2e5c7caaf65dd8e0,0,negative,ordinary_negative,primary,20260325,1,segment_order_permutation_with_layout_normalization,51c93dde55599009a652490d80d8f81f95c39b2c06ffc7dd92c56dbd3af2b43c,cec111b80858e7de743b59d56146bb8e02f64ba29d0e91da38004697c3cf5ee0,1.000000000000,0.250000000000,1,0
synthetic://step27/v1_1/primary/seed_20260325/primary_matched_010/positive/v01/left||synthetic://step27/v1_1/primary/seed_20260325/primary_matched_010/positive/v01/right,synthetic://step27/v1_1/duplication/primary/seed_20260325/primary_matched_010/positive/v01,market_item.xlsx|中文暗网交易市场|seller_raw:581978||market_item.xlsx|茶马古道|seller_raw:/shop/464140,market_item.xlsx|中文暗网交易市场|seller_raw:581978,market_item.xlsx|茶马古道|seller_raw:/shop/464140,zh_target_strict_cc_2e5c7caaf65dd8e0,0,positive,same_controller_style_structural_soft,primary,20260325,1,segment_order_permutation_with_layout_normalization,3b0ca72670d6610b2e70f9cf178a0510c91fabc14adf579c344d6ae707903393,e17e3a4b132bf833ba365666d57c5130960a92e4b1dc6162ffef428c62134ce7,1.000000000000,0.250000000000,1,0
synthetic://step27/v1_1/primary/seed_20260325/primary_matched_011/negative/v00/left||synthetic://step27/v1_1/primary/seed_20260325/primary_matched_011/negative/v00/right,synthetic://step27/v1_1/duplication/primary/seed_20260325/primary_matched_011/negative/v00,market_item.xlsx|中文暗网交易市场|seller_raw:459538||market_item.xlsx|中文暗网交易市场|seller_raw:526920,market_item.xlsx|中文暗网交易市场|seller_raw:459538,market_item.xlsx|中文暗网交易市场|seller_raw:526920,zh_target_strict_cc_2e5c7caaf65dd8e0,0,negative,ordinary_negative,primary,20260325,0,section_order_rotation,dc4fa8633207cec3e84c1ca0c1a93cf850b75df0ca5641db3193bf17e215ca36,234885052aa712e849963821dcf85b29d826d17f227f66b09df274bba019cca1,1.000000000000,0.250000000000,1,0
synthetic://step27/v1_1/primary/seed_20260325/primary_matched_011/positive/v00/left||synthetic://step27/v1_1/primary/seed_20260325/primary_matched_011/positive/v00/right,synthetic://step27/v1_1/duplication/primary/seed_20260325/primary_matched_011/positive/v00,market_item.xlsx|中文暗网交易市场|seller_raw:333110||market_item.xlsx|中文暗网交易市场|seller_raw:375149,market_item.xlsx|中文暗网交易市场|seller_raw:333110,market_item.xlsx|中文暗网交易市场|seller_raw:375149,zh_target_strict_cc_03788caa8b8ddae2,0,positive,same_controller_style_structural_soft,primary,20260325,0,section_order_rotation,faf8a546e1c5b302b104e810f35311e074d1ef2d0b48ef81141b6da21bcb6cbc,7b68d828ababe24d3ad2a9ddabb3ece709b1ecfd3f3fa6424a37777686e45bd3,1.000000000000,0.250000000000,1,0
synthetic://step27/v1_1/primary/seed_20260325/primary_matched_011/negative/v01/left||synthetic://step27/v1_1/primary/seed_20260325/primary_matched_011/negative/v01/right,synthetic://step27/v1_1/duplication/primary/seed_20260325/primary_matched_011/negative/v01,market_item.xlsx|中文暗网交易市场|seller_raw:459538||market_item.xlsx|中文暗网交易市场|seller_raw:526920,market_item.xlsx|中文暗网交易市场|seller_raw:459538,market_item.xlsx|中文暗网交易市场|seller_raw:526920,zh_target_strict_cc_2e5c7caaf65dd8e0,0,negative,ordinary_negative,primary,20260325,1,segment_order_permutation_with_layout_normalization,2809c29a14bd567e57b90b284b9885f337a922ef30de407870c90aa9bf7d9073,acfdb2fa49fb0abb13545171e01617fb0f827901f6b3aae5cf26b21c3e512f97,1.000000000000,0.250000000000,1,0
synthetic://step27/v1_1/primary/seed_20260325/primary_matched_011/positive/v01/left||synthetic://step27/v1_1/primary/seed_20260325/primary_matched_011/positive/v01/right,synthetic://step27/v1_1/duplication/primary/seed_20260325/primary_matched_011/positive/v01,market_item.xlsx|中文暗网交易市场|seller_raw:333110||market_item.xlsx|中文暗网交易市场|seller_raw:375149,market_item.xlsx|中文暗网交易市场|seller_raw:333110,market_item.xlsx|中文暗网交易市场|seller_raw:375149,zh_target_strict_cc_03788caa8b8ddae2,0,positive,same_controller_style_structural_soft,primary,20260325,1,segment_order_permutation_with_layout_normalization,ad7b2d866cf0702eca86f0f2f0ee0ed41880a803a730d634cbb11cfa9754ea8d,d249476ef718315872e0e57e2a4b5d89b19882d0c874586a46663e2f2ac1f82b,1.000000000000,0.250000000000,1,0
synthetic://step27/v1_1/primary/seed_20260325/primary_matched_012/negative/v00/left||synthetic://step27/v1_1/primary/seed_20260325/primary_matched_012/negative/v00/right,synthetic://step27/v1_1/duplication/primary/seed_20260325/primary_matched_012/negative/v00,market_item.xlsx|中文暗网交易市场|seller_raw:459538||market_item.xlsx|中文暗网交易市场|seller_raw:596616,market_item.xlsx|中文暗网交易市场|seller_raw:459538,market_item.xlsx|中文暗网交易市场|seller_raw:596616,zh_target_strict_cc_2e5c7caaf65dd8e0,0,negative,ordinary_negative,primary,20260325,0,section_order_rotation,4417f9facb6d7464c1d98a1127701cc6642f69b2d30ea29735af5200eefa4985,61acf1ae9f2b7153dcaaad6dca8a5b67ddd54071fac330cfdeb962d682e9351d,1.000000000000,0.250000000000,1,0
synthetic://step27/v1_1/primary/seed_20260325/primary_matched_012/positive/v00/left||synthetic://step27/v1_1/primary/seed_20260325/primary_matched_012/positive/v00/right,synthetic://step27/v1_1/duplication/primary/seed_20260325/primary_matched_012/positive/v00,market_item.xlsx|中文暗网交易市场|seller_raw:548133||market_item.xlsx|茶马古道|seller_raw:/shop/454152,market_item.xlsx|中文暗网交易市场|seller_raw:548133,market_item.xlsx|茶马古道|seller_raw:/shop/454152,zh_target_strict_cc_2e5c7caaf65dd8e0,0,positive,same_controller_style_structural_soft,primary,20260325,0,section_order_rotation,e157c2dfd0fb8c87f3887c7d41f168f8cc5759b052cb80e6e7fcb513b02e1626,39297503cd2312ec199490568356a5d1353ff027c1c0c08c9f6b8ce8bb276567,1.000000000000,0.250000000000,1,0
synthetic://step27/v1_1/primary/seed_20260325/primary_matched_012/negative/v01/left||synthetic://step27/v1_1/primary/seed_20260325/primary_matched_012/negative/v01/right,synthetic://step27/v1_1/duplication/primary/seed_20260325/primary_matched_012/negative/v01,market_item.xlsx|中文暗网交易市场|seller_raw:459538||market_item.xlsx|中文暗网交易市场|seller_raw:596616,market_item.xlsx|中文暗网交易市场|seller_raw:459538,market_item.xlsx|中文暗网交易市场|seller_raw:596616,zh_target_strict_cc_2e5c7caaf65dd8e0,0,negative,ordinary_negative,primary,20260325,1,section_order_rotation,b7a564a9f62ed0b682dfcfa5160040ab8ea3e2894e7ac5d892ee48f2048c09bd,887a5f8576f8e063001793831d2b0f5a53a0832adddcea50e1b9523f0f9bec45,1.000000000000,0.250000000000,1,0
synthetic://step27/v1_1/primary/seed_20260325/primary_matched_012/positive/v01/left||synthetic://step27/v1_1/primary/seed_20260325/primary_matched_012/positive/v01/right,synthetic://step27/v1_1/duplication/primary/seed_20260325/primary_matched_012/positive/v01,market_item.xlsx|中文暗网交易市场|seller_raw:548133||market_item.xlsx|茶马古道|seller_raw:/shop/454152,market_item.xlsx|中文暗网交易市场|seller_raw:548133,market_item.xlsx|茶马古道|seller_raw:/shop/454152,zh_target_strict_cc_2e5c7caaf65dd8e0,0,positive,same_controller_style_structural_soft,primary,20260325,1,section_order_rotation,91be8c0eca141ba37e89c35596a23806062d172563690abe3dbd39507c210ed8,f8c36cc2d0dc6b6a2128409a2cac560ad37578035fb9e13866c8741a82428bf1,1.000000000000,0.250000000000,1,0
synthetic://step27/v1_1/primary/seed_20260325/primary_matched_013/negative/v00/left||synthetic://step27/v1_1/primary/seed_20260325/primary_matched_013/negative/v00/right,synthetic://step27/v1_1/duplication/primary/seed_20260325/primary_matched_013/negative/v00,market_item.xlsx|中文暗网交易市场|seller_raw:527714||market_item.xlsx|中文暗网交易市场|seller_raw:530989,market_item.xlsx|中文暗网交易市场|seller_raw:527714,market_item.xlsx|中文暗网交易市场|seller_raw:530989,zh_target_strict_cc_3645b00000fe67f3,1,negative,ordinary_negative,primary,20260325,0,section_order_rotation,0215dcdde087ef7f0f4fc251f79cb69263b7514a8638ff2185504cc97c50c79c,acac3829620b17a5db24d0cfe2ae984aba2f3ed56b98de515ed5119880eee699,1.000000000000,0.250000000000,1,0
synthetic://step27/v1_1/primary/seed_20260325/primary_matched_013/positive/v00/left||synthetic://step27/v1_1/primary/seed_20260325/primary_matched_013/positive/v00/right,synthetic://step27/v1_1/duplication/primary/seed_20260325/primary_matched_013/positive/v00,market_item.xlsx|中文暗网交易市场|seller_raw:352600||market_item.xlsx|中文暗网交易市场|seller_raw:605666,market_item.xlsx|中文暗网交易市场|seller_raw:352600,market_item.xlsx|中文暗网交易市场|seller_raw:605666,zh_target_strict_cc_310cb72487680fb8,1,positive,same_controller_style_structural_soft,primary,20260325,0,section_order_rotation,3688f918c797b76fda66b8b041df73c3bd2a59a71514d06cf70ef4ea7ed5513b,ed4fd89ab7d5c5c363f4aefb3de2ca0bfd678d6e9b1a0751df149368fb5ce2df,1.000000000000,0.250000000000,1,0
synthetic://step27/v1_1/primary/seed_20260325/primary_matched_013/negative/v01/left||synthetic://step27/v1_1/primary/seed_20260325/primary_matched_013/negative/v01/right,synthetic://step27/v1_1/duplication/primary/seed_20260325/primary_matched_013/negative/v01,market_item.xlsx|中文暗网交易市场|seller_raw:527714||market_item.xlsx|中文暗网交易市场|seller_raw:530989,market_item.xlsx|中文暗网交易市场|seller_raw:527714,market_item.xlsx|中文暗网交易市场|seller_raw:530989,zh_target_strict_cc_3645b00000fe67f3,1,negative,ordinary_negative,primary,20260325,1,segment_order_permutation_with_layout_normalization,b2be38cd2df6de71b4e1fb805413473d912d3584130ad9af2633592e4867dad5,f72c79b4f8cf64b51f93aeff57a0a940ff718cd923e3e714a120ff15c1f59b32,1.000000000000,0.250000000000,1,0
synthetic://step27/v1_1/primary/seed_20260325/primary_matched_013/positive/v01/left||synthetic://step27/v1_1/primary/seed_20260325/primary_matched_013/positive/v01/right,synthetic://step27/v1_1/duplication/primary/seed_20260325/primary_matched_013/positive/v01,market_item.xlsx|中文暗网交易市场|seller_raw:352600||market_item.xlsx|中文暗网交易市场|seller_raw:605666,market_item.xlsx|中文暗网交易市场|seller_raw:352600,market_item.xlsx|中文暗网交易市场|seller_raw:605666,zh_target_strict_cc_310cb72487680fb8,1,positive,same_controller_style_structural_soft,primary,20260325,1,segment_order_permutation_with_layout_normalization,dfcfc35a02a18af04e1f6a9a7b8018f3eee4f27e22adfce30d71727b61216374,da0c3f7c3abe49e123a95263f05c021fd82f068cffb21da56cf6cfe9675fb1fa,1.000000000000,0.250000000000,1,0
synthetic://step27/v1_1/primary/seed_20260325/primary_matched_014/negative/v00/left||synthetic://step27/v1_1/primary/seed_20260325/primary_matched_014/negative/v00/right,synthetic://step27/v1_1/duplication/primary/seed_20260325/primary_matched_014/negative/v00,market_item.xlsx|中文暗网交易市场|seller_raw:444810||market_item.xlsx|中文暗网交易市场|seller_raw:79018,market_item.xlsx|中文暗网交易市场|seller_raw:444810,market_item.xlsx|中文暗网交易市场|seller_raw:79018,zh_target_strict_cc_20e2bdb964e3bc04,1,negative,ordinary_negative,primary,20260325,0,section_order_rotation,e5d2442cd7e9f8dcf5a9b6b9ba8c28829227cabaf70c5c4c169e25cc42e6d6e0,e62202ba620fb095db8066b34db5819468e81bc6b35ac66e86abd38819328239,1.000000000000,0.250000000000,1,0
synthetic://step27/v1_1/primary/seed_20260325/primary_matched_014/positive/v00/left||synthetic://step27/v1_1/primary/seed_20260325/primary_matched_014/positive/v00/right,synthetic://step27/v1_1/duplication/primary/seed_20260325/primary_matched_014/positive/v00,market_item.xlsx|中文暗网交易市场|seller_raw:443620||market_item.xlsx|茶马古道|seller_raw:/shop/824,market_item.xlsx|中文暗网交易市场|seller_raw:443620,market_item.xlsx|茶马古道|seller_raw:/shop/824,zh_target_strict_cc_c1b29797a191ad53,1,positive,same_controller_style_structural_soft,primary,20260325,0,section_order_rotation,138873cceb8baef394e7e5748fa5e8ca79af58649d7b3c8c96831ce16b3f8e4e,1c42308c8aa8e298d814f8ab7ced62be7dfe61d92c57de12324d7f3d302b31c7,1.000000000000,0.250000000000,1,0
synthetic://step27/v1_1/primary/seed_20260325/primary_matched_014/negative/v01/left||synthetic://step27/v1_1/primary/seed_20260325/primary_matched_014/negative/v01/right,synthetic://step27/v1_1/duplication/primary/seed_20260325/primary_matched_014/negative/v01,market_item.xlsx|中文暗网交易市场|seller_raw:444810||market_item.xlsx|中文暗网交易市场|seller_raw:79018,market_item.xlsx|中文暗网交易市场|seller_raw:444810,market_item.xlsx|中文暗网交易市场|seller_raw:79018,zh_target_strict_cc_20e2bdb964e3bc04,1,negative,ordinary_negative,primary,20260325,1,segment_order_permutation_with_layout_normalization,2174cb5998539d491c73a00dfd0be2660d5fe9488e23273a87925e4996bb9324,fe56cc45e0c820d90c035e655677b76ff81d8079d3031dc37709868d7041025f,1.000000000000,0.250000000000,1,0
synthetic://step27/v1_1/primary/seed_20260325/primary_matched_014/positive/v01/left||synthetic://step27/v1_1/primary/seed_20260325/primary_matched_014/positive/v01/right,synthetic://step27/v1_1/duplication/primary/seed_20260325/primary_matched_014/positive/v01,market_item.xlsx|中文暗网交易市场|seller_raw:443620||market_item.xlsx|茶马古道|seller_raw:/shop/824,market_item.xlsx|中文暗网交易市场|seller_raw:443620,market_item.xlsx|茶马古道|seller_raw:/shop/824,zh_target_strict_cc_c1b29797a191ad53,1,positive,same_controller_style_structural_soft,primary,20260325,1,segment_order_permutation_with_layout_normalization,32c2d39a0835545fdfc5a4b7f96ac1724a04f0073af9ced1b4cf9d1b1374f252,f2acf268fc8df5fa3c7043fee0ffa8e118aabd38000cdeef9e4a16bff7d3f8a8,1.000000000000,0.250000000000,1,0
synthetic://step27/v1_1/primary/seed_20260325/primary_matched_015/negative/v00/left||synthetic://step27/v1_1/primary/seed_20260325/primary_matched_015/negative/v00/right,synthetic://step27/v1_1/duplication/primary/seed_20260325/primary_matched_015/negative/v00,market_item.xlsx|中文暗网交易市场|seller_raw:459538||market_item.xlsx|中文暗网交易市场|seller_raw:470183,market_item.xlsx|中文暗网交易市场|seller_raw:459538,market_item.xlsx|中文暗网交易市场|seller_raw:470183,zh_target_strict_cc_2e5c7caaf65dd8e0,0,negative,ordinary_negative,primary,20260325,0,section_order_rotation,076fb3df68508c19698e48e4456da94755296c59e5d6f6382791a27df0368e9f,f2a7c4ae8e719e1762a2a815f876de6962c5c32e20238682853270759d57df07,1.000000000000,0.250000000000,1,0
synthetic://step27/v1_1/primary/seed_20260325/primary_matched_015/positive/v00/left||synthetic://step27/v1_1/primary/seed_20260325/primary_matched_015/positive/v00/right,synthetic://step27/v1_1/duplication/primary/seed_20260325/primary_matched_015/positive/v00,market_item.xlsx|中文暗网交易市场|seller_raw:17352||market_item.xlsx|中文暗网交易市场|seller_raw:34364,market_item.xlsx|中文暗网交易市场|seller_raw:17352,market_item.xlsx|中文暗网交易市场|seller_raw:34364,zh_target_strict_cc_ea2b0f7ed4d6a219,0,positive,same_controller_style_structural_soft,primary,20260325,0,section_order_rotation,1e4c83b851557e1a5ba9015cf9ee32d86a9ce781ef8354b4b8828f2a4b09b3d1,71cadd8b51deaa76c021e4e0b0c5180d51185ac401b2e58c7f1276f4eb64a8e7,1.000000000000,0.250000000000,1,0
synthetic://step27/v1_1/primary/seed_20260325/primary_matched_015/negative/v01/left||synthetic://step27/v1_1/primary/seed_20260325/primary_matched_015/negative/v01/right,synthetic://step27/v1_1/duplication/primary/seed_20260325/primary_matched_015/negative/v01,market_item.xlsx|中文暗网交易市场|seller_raw:459538||market_item.xlsx|中文暗网交易市场|seller_raw:470183,market_item.xlsx|中文暗网交易市场|seller_raw:459538,market_item.xlsx|中文暗网交易市场|seller_raw:470183,zh_target_strict_cc_2e5c7caaf65dd8e0,0,negative,ordinary_negative,primary,20260325,1,section_order_rotation,06f7d13312952bb4d2dddc70608abe1b7211fc55102dec748c5e295547ea28d0,561b25f9baec3844ec034e9896466158e03970d2539d3eb5f3ae22c688b9977d,1.000000000000,0.250000000000,1,0
synthetic://step27/v1_1/primary/seed_20260325/primary_matched_015/positive/v01/left||synthetic://step27/v1_1/primary/seed_20260325/primary_matched_015/positive/v01/right,synthetic://step27/v1_1/duplication/primary/seed_20260325/primary_matched_015/positive/v01,market_item.xlsx|中文暗网交易市场|seller_raw:17352||market_item.xlsx|中文暗网交易市场|seller_raw:34364,market_item.xlsx|中文暗网交易市场|seller_raw:17352,market_item.xlsx|中文暗网交易市场|seller_raw:34364,zh_target_strict_cc_ea2b0f7ed4d6a219,0,positive,same_controller_style_structural_soft,primary,20260325,1,section_order_rotation,8c1f83c2b606fa6d11c9b03d94e002d183bc1cb15de69c41ad1b94310cdaa4ab,e64ed493c74abbdda4b67666798dfac4c8ca777f422324489bcaf24c08d64d24,1.000000000000,0.250000000000,1,0
