pair_uid,row_kind,track,parent_pair_uid,review_label,seller_uid_left,seller_uid_right,split_name,component_id,fold,evidence_type,silver_train_only,training_sample_weight,seed,variant_index,transform,synthetic_train_only,synthetic_split_name,identifier_redacted_e5_cosine,clean_token_jaccard,clean_char3_jaccard,clean_title_token_jaccard,clean_description_token_jaccard,clean_category_token_jaccard,clean_text_length_gap_ratio,clean_segment_count_gap_ratio,clean_field_presence_match_fraction
synthetic://step27/v1_1/silver_sensitivity/seed_20260323/silver_sensitivity_matched_000/negative/v00/left||synthetic://step27/v1_1/silver_sensitivity/seed_20260323/silver_sensitivity_matched_000/negative/v00/right,synthetic_transformed,silver_sensitivity,market_item.xlsx|中文暗网交易市场|seller_raw:494256||market_item.xlsx|茶马古道|seller_raw:/shop/433651,negative,synthetic://step27/v1_1/silver_sensitivity/seed_20260323/silver_sensitivity_matched_000/negative/v00/left,synthetic://step27/v1_1/silver_sensitivity/seed_20260323/silver_sensitivity_matched_000/negative/v00/right,train,zh_target_strict_cc_2e5c7caaf65dd8e0,0,template_clone_not_controller,1,0.060000000000,20260323,0,section_order_rotation,1,synthetic_train_only,0.891319751740,0.383050847458,0.096402877698,0.130769230769,0.393559928444,0.263157894737,0.138717339667,0.375000000000,1.000000000000
synthetic://step27/v1_1/silver_sensitivity/seed_20260323/silver_sensitivity_matched_000/positive/v00/left||synthetic://step27/v1_1/silver_sensitivity/seed_20260323/silver_sensitivity_matched_000/positive/v00/right,synthetic_transformed,silver_sensitivity,market_item.xlsx|中文暗网交易市场|seller_raw:54210||market_item.xlsx|茶马古道|seller_raw:/shop/400997,positive,synthetic://step27/v1_1/silver_sensitivity/seed_20260323/silver_sensitivity_matched_000/positive/v00/left,synthetic://step27/v1_1/silver_sensitivity/seed_20260323/silver_sensitivity_matched_000/positive/v00/right,train,zh_target_strict_cc_f7f70f2184be4bbd,0,same_controller_direct_identifier,1,0.275000000000,20260323,0,section_order_rotation,1,synthetic_train_only,0.921272218227,0.289679098005,0.149612719119,0.168181818182,0.284552845528,0.105263157895,0.806235134217,0.763636363636,1.000000000000
synthetic://step27/v1_1/silver_sensitivity/seed_20260323/silver_sensitivity_matched_001/negative/v00/left||synthetic://step27/v1_1/silver_sensitivity/seed_20260323/silver_sensitivity_matched_001/negative/v00/right,synthetic_transformed,silver_sensitivity,market_item.xlsx|中文暗网交易市场|seller_raw:36073||market_item.xlsx|茶马古道|seller_raw:/shop/6101,negative,synthetic://step27/v1_1/silver_sensitivity/seed_20260323/silver_sensitivity_matched_001/negative/v00/left,synthetic://step27/v1_1/silver_sensitivity/seed_20260323/silver_sensitivity_matched_001/negative/v00/right,train,zh_target_strict_cc_50c6ef9245347923,3,template_clone_not_controller,1,0.060000000000,20260323,0,section_order_rotation,1,synthetic_train_only,0.911296725273,0.279678068410,0.061529933481,0.168831168831,0.282051282051,0.333333333333,0.685618729097,0.595238095238,1.000000000000
synthetic://step27/v1_1/silver_sensitivity/seed_20260323/silver_sensitivity_matched_001/positive/v00/left||synthetic://step27/v1_1/silver_sensitivity/seed_20260323/silver_sensitivity_matched_001/positive/v00/right,synthetic_transformed,silver_sensitivity,market_item.xlsx|中文暗网交易市场|seller_raw:121394||market_item.xlsx|中文暗网交易市场|seller_raw:157835,positive,synthetic://step27/v1_1/silver_sensitivity/seed_20260323/silver_sensitivity_matched_001/positive/v00/left,synthetic://step27/v1_1/silver_sensitivity/seed_20260323/silver_sensitivity_matched_001/positive/v00/right,train,zh_target_strict_cc_8d579273f8d400c6,3,same_controller_direct_identifier,1,0.275000000000,20260323,0,section_order_rotation,1,synthetic_train_only,0.923842310905,0.291338582677,0.025316455696,0.148148148148,0.297002724796,0.500000000000,0.217809096733,0.133333333333,1.000000000000
synthetic://step27/v1_1/silver_sensitivity/seed_20260323/silver_sensitivity_matched_002/negative/v00/left||synthetic://step27/v1_1/silver_sensitivity/seed_20260323/silver_sensitivity_matched_002/negative/v00/right,synthetic_transformed,silver_sensitivity,market_item.xlsx|中文暗网交易市场|seller_raw:603220||market_item.xlsx|茶马古道|seller_raw:/shop/396767,negative,synthetic://step27/v1_1/silver_sensitivity/seed_20260323/silver_sensitivity_matched_002/negative/v00/left,synthetic://step27/v1_1/silver_sensitivity/seed_20260323/silver_sensitivity_matched_002/negative/v00/right,train,zh_target_strict_cc_ccff1905755794ed,2,template_clone_not_controller,1,0.060000000000,20260323,0,section_order_rotation,1,synthetic_train_only,0.873934566975,0.301242236025,0.030612244898,0.121621621622,0.280550774527,0.111111111111,0.586737266768,0.377358490566,1.000000000000
synthetic://step27/v1_1/silver_sensitivity/seed_20260323/silver_sensitivity_matched_002/positive/v00/left||synthetic://step27/v1_1/silver_sensitivity/seed_20260323/silver_sensitivity_matched_002/positive/v00/right,synthetic_transformed,silver_sensitivity,market_item.xlsx|中文暗网交易市场|seller_raw:361068||market_item.xlsx|中文暗网交易市场|seller_raw:45068,positive,synthetic://step27/v1_1/silver_sensitivity/seed_20260323/silver_sensitivity_matched_002/positive/v00/left,synthetic://step27/v1_1/silver_sensitivity/seed_20260323/silver_sensitivity_matched_002/positive/v00/right,train,zh_target_strict_cc_540db623f3f9599c,2,same_controller_direct_identifier,1,0.275000000000,20260323,0,section_order_rotation,1,synthetic_train_only,0.898415327072,0.258126195029,0.026928343222,0.162650602410,0.258000000000,1.000000000000,0.295140971806,0.137254901961,1.000000000000
synthetic://step27/v1_1/silver_sensitivity/seed_20260323/silver_sensitivity_matched_003/negative/v00/left||synthetic://step27/v1_1/silver_sensitivity/seed_20260323/silver_sensitivity_matched_003/negative/v00/right,synthetic_transformed,silver_sensitivity,market_item.xlsx|中文暗网交易市场|seller_raw:546317||market_item.xlsx|茶马古道|seller_raw:/shop/404772,negative,synthetic://step27/v1_1/silver_sensitivity/seed_20260323/silver_sensitivity_matched_003/negative/v00/left,synthetic://step27/v1_1/silver_sensitivity/seed_20260323/silver_sensitivity_matched_003/negative/v00/right,train,zh_target_strict_cc_3b05f980bd46ca48,2,template_clone_not_controller,1,0.080000000000,20260323,0,section_order_rotation,1,synthetic_train_only,0.928154647350,0.383333333333,0.135755258126,0.243750000000,0.341637010676,0.250000000000,0.729270315091,0.600000000000,1.000000000000
synthetic://step27/v1_1/silver_sensitivity/seed_20260323/silver_sensitivity_matched_003/positive/v00/left||synthetic://step27/v1_1/silver_sensitivity/seed_20260323/silver_sensitivity_matched_003/positive/v00/right,synthetic_transformed,silver_sensitivity,market_item.xlsx|中文暗网交易市场|seller_raw:361068||market_item.xlsx|中文暗网交易市场|seller_raw:596304,positive,synthetic://step27/v1_1/silver_sensitivity/seed_20260323/silver_sensitivity_matched_003/positive/v00/left,synthetic://step27/v1_1/silver_sensitivity/seed_20260323/silver_sensitivity_matched_003/positive/v00/right,train,zh_target_strict_cc_540db623f3f9599c,2,same_controller_direct_identifier,1,0.275000000000,20260323,0,section_order_rotation,1,synthetic_train_only,0.875625133514,0.114058355438,0.011786038078,0.076923076923,0.118644067797,1.000000000000,0.804680851064,0.823529411765,1.000000000000
synthetic://step27/v1_1/silver_sensitivity/seed_20260323/silver_sensitivity_matched_004/negative/v00/left||synthetic://step27/v1_1/silver_sensitivity/seed_20260323/silver_sensitivity_matched_004/negative/v00/right,synthetic_transformed,silver_sensitivity,market_item.xlsx|中文暗网交易市场|seller_raw:593428||market_item.xlsx|茶马古道|seller_raw:/shop/433481,negative,synthetic://step27/v1_1/silver_sensitivity/seed_20260323/silver_sensitivity_matched_004/negative/v00/left,synthetic://step27/v1_1/silver_sensitivity/seed_20260323/silver_sensitivity_matched_004/negative/v00/right,train,zh_target_strict_cc_e01a2866bbaf02be,3,template_clone_not_controller,1,0.060000000000,20260323,0,section_order_rotation,1,synthetic_train_only,0.897032082081,0.248062015504,0.021108179420,0.077562326870,0.255898366606,0.285714285714,0.774962096600,0.588235294118,1.000000000000
synthetic://step27/v1_1/silver_sensitivity/seed_20260323/silver_sensitivity_matched_004/positive/v00/left||synthetic://step27/v1_1/silver_sensitivity/seed_20260323/silver_sensitivity_matched_004/positive/v00/right,synthetic_transformed,silver_sensitivity,market_item.xlsx|中文暗网交易市场|seller_raw:157835||market_item.xlsx|中文暗网交易市场|seller_raw:435064,positive,synthetic://step27/v1_1/silver_sensitivity/seed_20260323/silver_sensitivity_matched_004/positive/v00/left,synthetic://step27/v1_1/silver_sensitivity/seed_20260323/silver_sensitivity_matched_004/positive/v00/right,train,zh_target_strict_cc_8d579273f8d400c6,3,same_controller_direct_identifier,1,0.275000000000,20260323,0,section_order_rotation,1,synthetic_train_only,0.899279356003,0.264397905759,0.027586206897,0.086021505376,0.266129032258,1.000000000000,0.444879089616,0.434782608696,1.000000000000
synthetic://step27/v1_1/silver_sensitivity/seed_20260323/silver_sensitivity_matched_005/negative/v00/left||synthetic://step27/v1_1/silver_sensitivity/seed_20260323/silver_sensitivity_matched_005/negative/v00/right,synthetic_transformed,silver_sensitivity,market_item.xlsx|中文暗网交易市场|seller_raw:536790||market_item.xlsx|茶马古道|seller_raw:/shop/397527,negative,synthetic://step27/v1_1/silver_sensitivity/seed_20260323/silver_sensitivity_matched_005/negative/v00/left,synthetic://step27/v1_1/silver_sensitivity/seed_20260323/silver_sensitivity_matched_005/negative/v00/right,train,zh_target_strict_cc_5ccbcc47c3519a86,1,template_clone_not_controller,1,0.080000000000,20260323,0,section_order_rotation,1,synthetic_train_only,0.910238146782,0.248633879781,0.140517241379,0.173333333333,0.245070422535,0.166666666667,0.856657864957,0.857142857143,1.000000000000
synthetic://step27/v1_1/silver_sensitivity/seed_20260323/silver_sensitivity_matched_005/positive/v00/left||synthetic://step27/v1_1/silver_sensitivity/seed_20260323/silver_sensitivity_matched_005/positive/v00/right,synthetic_transformed,silver_sensitivity,market_item.xlsx|茶马古道|seller_raw:/shop/403842||market_item.xlsx|茶马古道|seller_raw:/shop/433482,positive,synthetic://step27/v1_1/silver_sensitivity/seed_20260323/silver_sensitivity_matched_005/positive/v00/left,synthetic://step27/v1_1/silver_sensitivity/seed_20260323/silver_sensitivity_matched_005/positive/v00/right,train,zh_target_strict_cc_6127caefc2200ba7,1,same_controller_direct_identifier,1,0.275000000000,20260323,0,section_order_rotation,1,synthetic_train_only,0.835415244102,0.039603960396,0.002870813397,0.016666666667,0.033557046980,0.000000000000,0.906662157592,0.656250000000,1.000000000000
synthetic://step27/v1_1/silver_sensitivity/seed_20260323/silver_sensitivity_matched_006/negative/v00/left||synthetic://step27/v1_1/silver_sensitivity/seed_20260323/silver_sensitivity_matched_006/negative/v00/right,synthetic_transformed,silver_sensitivity,market_item.xlsx|中文暗网交易市场|seller_raw:529346||market_item.xlsx|茶马古道|seller_raw:/shop/397675,negative,synthetic://step27/v1_1/silver_sensitivity/seed_20260323/silver_sensitivity_matched_006/negative/v00/left,synthetic://step27/v1_1/silver_sensitivity/seed_20260323/silver_sensitivity_matched_006/negative/v00/right,train,zh_target_strict_cc_9be23801b5ee90b0,2,template_clone_not_controller,1,0.080000000000,20260323,0,section_order_rotation,1,synthetic_train_only,0.920278310776,0.277227722772,0.185416666667,0.176470588235,0.260204081633,0.250000000000,0.831034482759,0.807692307692,1.000000000000
synthetic://step27/v1_1/silver_sensitivity/seed_20260323/silver_sensitivity_matched_006/positive/v00/left||synthetic://step27/v1_1/silver_sensitivity/seed_20260323/silver_sensitivity_matched_006/positive/v00/right,synthetic_transformed,silver_sensitivity,market_item.xlsx|中文暗网交易市场|seller_raw:446965||market_item.xlsx|中文暗网交易市场|seller_raw:70840,positive,synthetic://step27/v1_1/silver_sensitivity/seed_20260323/silver_sensitivity_matched_006/positive/v00/left,synthetic://step27/v1_1/silver_sensitivity/seed_20260323/silver_sensitivity_matched_006/positive/v00/right,train,zh_target_strict_cc_540db623f3f9599c,2,same_controller_direct_identifier,1,0.275000000000,20260323,0,section_order_rotation,1,synthetic_train_only,0.915202140808,0.209876543210,0.050802139037,0.313725490196,0.176470588235,1.000000000000,0.597546012270,0.071428571429,1.000000000000
synthetic://step27/v1_1/silver_sensitivity/seed_20260323/silver_sensitivity_matched_007/negative/v00/left||synthetic://step27/v1_1/silver_sensitivity/seed_20260323/silver_sensitivity_matched_007/negative/v00/right,synthetic_transformed,silver_sensitivity,market_item.xlsx|中文暗网交易市场|seller_raw:512567||market_item.xlsx|茶马古道|seller_raw:/shop/397778,negative,synthetic://step27/v1_1/silver_sensitivity/seed_20260323/silver_sensitivity_matched_007/negative/v00/left,synthetic://step27/v1_1/silver_sensitivity/seed_20260323/silver_sensitivity_matched_007/negative/v00/right,train,zh_target_strict_cc_1ace3a6450507803,3,template_clone_not_controller,1,0.060000000000,20260323,0,section_order_rotation,1,synthetic_train_only,0.904486417770,0.269035532995,0.189035916824,0.216666666667,0.259259259259,0.250000000000,0.815526518063,0.733333333333,1.000000000000
synthetic://step27/v1_1/silver_sensitivity/seed_20260323/silver_sensitivity_matched_007/positive/v00/left||synthetic://step27/v1_1/silver_sensitivity/seed_20260323/silver_sensitivity_matched_007/positive/v00/right,synthetic_transformed,silver_sensitivity,market_item.xlsx|中文暗网交易市场|seller_raw:121394||market_item.xlsx|中文暗网交易市场|seller_raw:149940,positive,synthetic://step27/v1_1/silver_sensitivity/seed_20260323/silver_sensitivity_matched_007/positive/v00/left,synthetic://step27/v1_1/silver_sensitivity/seed_20260323/silver_sensitivity_matched_007/positive/v00/right,train,zh_target_strict_cc_8d579273f8d400c6,3,same_controller_direct_identifier,1,0.275000000000,20260323,0,section_order_rotation,1,synthetic_train_only,0.925328373909,0.241635687732,0.035526315789,0.227272727273,0.233463035019,0.500000000000,0.371007371007,0.566666666667,1.000000000000
synthetic://step27/v1_1/silver_sensitivity/seed_20260323/silver_sensitivity_matched_008/negative/v00/left||synthetic://step27/v1_1/silver_sensitivity/seed_20260323/silver_sensitivity_matched_008/negative/v00/right,synthetic_transformed,silver_sensitivity,market_item.xlsx|茶马古道|seller_raw:/shop/2901||market_item.xlsx|茶马古道|seller_raw:/shop/841,negative,synthetic://step27/v1_1/silver_sensitivity/seed_20260323/silver_sensitivity_matched_008/negative/v00/left,synthetic://step27/v1_1/silver_sensitivity/seed_20260323/silver_sensitivity_matched_008/negative/v00/right,train,zh_target_strict_cc_c625a925bf8e6ee0,1,semantic_topic_not_controller,1,0.075000000000,20260323,0,section_order_rotation,1,synthetic_train_only,0.909845769405,0.218750000000,0.087719298246,0.269230769231,0.233333333333,0.000000000000,0.808000000000,0.444444444444,1.000000000000
synthetic://step27/v1_1/silver_sensitivity/seed_20260323/silver_sensitivity_matched_008/positive/v00/left||synthetic://step27/v1_1/silver_sensitivity/seed_20260323/silver_sensitivity_matched_008/positive/v00/right,synthetic_transformed,silver_sensitivity,market_item.xlsx|中文暗网交易市场|seller_raw:534628||market_item.xlsx|中文暗网交易市场|seller_raw:562478,positive,synthetic://step27/v1_1/silver_sensitivity/seed_20260323/silver_sensitivity_matched_008/positive/v00/left,synthetic://step27/v1_1/silver_sensitivity/seed_20260323/silver_sensitivity_matched_008/positive/v00/right,train,zh_target_strict_cc_290f4bfb9bba0476,1,same_controller_direct_identifier,1,0.275000000000,20260323,0,section_order_rotation,1,synthetic_train_only,0.888260781765,0.141414141414,0.016949152542,0.111111111111,0.071428571429,0.500000000000,0.084112149533,0.444444444444,1.000000000000
synthetic://step27/v1_1/silver_sensitivity/seed_20260323/silver_sensitivity_matched_009/negative/v00/left||synthetic://step27/v1_1/silver_sensitivity/seed_20260323/silver_sensitivity_matched_009/negative/v00/right,synthetic_transformed,silver_sensitivity,market_item.xlsx|中文暗网交易市场|seller_raw:71807||market_item.xlsx|茶马古道|seller_raw:/shop/736,negative,synthetic://step27/v1_1/silver_sensitivity/seed_20260323/silver_sensitivity_matched_009/negative/v00/left,synthetic://step27/v1_1/silver_sensitivity/seed_20260323/silver_sensitivity_matched_009/negative/v00/right,train,zh_target_strict_cc_52557091d1ce932e,3,template_clone_not_controller,1,0.080000000000,20260323,0,section_order_rotation,1,synthetic_train_only,0.860322237015,0.220196353436,0.101010101010,0.076923076923,0.229954614221,0.153846153846,0.863360762235,0.823529411765,1.000000000000
synthetic://step27/v1_1/silver_sensitivity/seed_20260323/silver_sensitivity_matched_009/positive/v00/left||synthetic://step27/v1_1/silver_sensitivity/seed_20260323/silver_sensitivity_matched_009/positive/v00/right,synthetic_transformed,silver_sensitivity,market_item.xlsx|中文暗网交易市场|seller_raw:433599||market_item.xlsx|中文暗网交易市场|seller_raw:435064,positive,synthetic://step27/v1_1/silver_sensitivity/seed_20260323/silver_sensitivity_matched_009/positive/v00/left,synthetic://step27/v1_1/silver_sensitivity/seed_20260323/silver_sensitivity_matched_009/positive/v00/right,train,zh_target_strict_cc_8d579273f8d400c6,3,same_controller_direct_identifier,1,0.275000000000,20260323,0,section_order_rotation,1,synthetic_train_only,0.909147679806,0.274305555556,0.036637931034,0.181818181818,0.263345195730,1.000000000000,0.520625889047,0.630434782609,1.000000000000
synthetic://step27/v1_1/silver_sensitivity/seed_20260323/silver_sensitivity_matched_010/negative/v00/left||synthetic://step27/v1_1/silver_sensitivity/seed_20260323/silver_sensitivity_matched_010/negative/v00/right,synthetic_transformed,silver_sensitivity,market_item.xlsx|中文暗网交易市场|seller_raw:459702||market_item.xlsx|茶马古道|seller_raw:/shop/2937,negative,synthetic://step27/v1_1/silver_sensitivity/seed_20260323/silver_sensitivity_matched_010/negative/v00/left,synthetic://step27/v1_1/silver_sensitivity/seed_20260323/silver_sensitivity_matched_010/negative/v00/right,train,zh_target_strict_cc_bda6d94a4056b6e4,3,template_clone_not_controller,1,0.080000000000,20260323,0,section_order_rotation,1,synthetic_train_only,0.958217024803,0.466192170819,0.221370967742,0.326315789474,0.465648854962,0.266666666667,0.667601121346,0.547169811321,1.000000000000
synthetic://step27/v1_1/silver_sensitivity/seed_20260323/silver_sensitivity_matched_010/positive/v00/left||synthetic://step27/v1_1/silver_sensitivity/seed_20260323/silver_sensitivity_matched_010/positive/v00/right,synthetic_transformed,silver_sensitivity,market_item.xlsx|中文暗网交易市场|seller_raw:121394||market_item.xlsx|中文暗网交易市场|seller_raw:312538,positive,synthetic://step27/v1_1/silver_sensitivity/seed_20260323/silver_sensitivity_matched_010/positive/v00/left,synthetic://step27/v1_1/silver_sensitivity/seed_20260323/silver_sensitivity_matched_010/positive/v00/right,train,zh_target_strict_cc_8d579273f8d400c6,3,same_controller_direct_identifier,1,0.275000000000,20260323,0,section_order_rotation,1,synthetic_train_only,0.928940892220,0.289902280130,0.048710601719,0.282608695652,0.277966101695,0.500000000000,0.598619329389,0.302325581395,1.000000000000
synthetic://step27/v1_1/silver_sensitivity/seed_20260323/silver_sensitivity_matched_011/negative/v00/left||synthetic://step27/v1_1/silver_sensitivity/seed_20260323/silver_sensitivity_matched_011/negative/v00/right,synthetic_transformed,silver_sensitivity,market_item.xlsx|茶马古道|seller_raw:/shop/429138||market_item.xlsx|茶马古道|seller_raw:/shop/435113,negative,synthetic://step27/v1_1/silver_sensitivity/seed_20260323/silver_sensitivity_matched_011/negative/v00/left,synthetic://step27/v1_1/silver_sensitivity/seed_20260323/silver_sensitivity_matched_011/negative/v00/right,train,zh_target_strict_cc_22709e967eba3940,3,template_clone_not_controller,1,0.090000000000,20260323,0,section_order_rotation,1,synthetic_train_only,0.943275094032,0.488000000000,0.195488721805,0.108108108108,0.521739130435,0.500000000000,0.865174672489,0.764705882353,1.000000000000
synthetic://step27/v1_1/silver_sensitivity/seed_20260323/silver_sensitivity_matched_011/positive/v00/left||synthetic://step27/v1_1/silver_sensitivity/seed_20260323/silver_sensitivity_matched_011/positive/v00/right,synthetic_transformed,silver_sensitivity,market_item.xlsx|中文暗网交易市场|seller_raw:149940||market_item.xlsx|中文暗网交易市场|seller_raw:312538,positive,synthetic://step27/v1_1/silver_sensitivity/seed_20260323/silver_sensitivity_matched_011/positive/v00/left,synthetic://step27/v1_1/silver_sensitivity/seed_20260323/silver_sensitivity_matched_011/positive/v00/right,train,zh_target_strict_cc_8d579273f8d400c6,3,same_controller_direct_identifier,1,0.275000000000,20260323,0,section_order_rotation,1,synthetic_train_only,0.925940632820,0.247386759582,0.037878787879,0.346153846154,0.239130434783,1.000000000000,0.747534516765,0.697674418605,1.000000000000
synthetic://step27/v1_1/silver_sensitivity/seed_20260323/silver_sensitivity_matched_012/negative/v00/left||synthetic://step27/v1_1/silver_sensitivity/seed_20260323/silver_sensitivity_matched_012/negative/v00/right,synthetic_transformed,silver_sensitivity,market_item.xlsx|中文暗网交易市场|seller_raw:518336||market_item.xlsx|茶马古道|seller_raw:/shop/397707,negative,synthetic://step27/v1_1/silver_sensitivity/seed_20260323/silver_sensitivity_matched_012/negative/v00/left,synthetic://step27/v1_1/silver_sensitivity/seed_20260323/silver_sensitivity_matched_012/negative/v00/right,train,zh_target_strict_cc_2e5c7caaf65dd8e0,0,template_clone_not_controller,1,0.080000000000,20260323,0,section_order_rotation,1,synthetic_train_only,0.901847422123,0.220930232558,0.104849279161,0.160493827160,0.215139442231,0.400000000000,0.849137931034,0.694444444444,1.000000000000
synthetic://step27/v1_1/silver_sensitivity/seed_20260323/silver_sensitivity_matched_012/positive/v00/left||synthetic://step27/v1_1/silver_sensitivity/seed_20260323/silver_sensitivity_matched_012/positive/v00/right,synthetic_transformed,silver_sensitivity,market_item.xlsx|中文暗网交易市场|seller_raw:502030||market_item.xlsx|中文暗网交易市场|seller_raw:53014,positive,synthetic://step27/v1_1/silver_sensitivity/seed_20260323/silver_sensitivity_matched_012/positive/v00/left,synthetic://step27/v1_1/silver_sensitivity/seed_20260323/silver_sensitivity_matched_012/positive/v00/right,train,zh_target_strict_cc_f65cdcbf3ab490cb,0,same_controller_direct_identifier,1,0.275000000000,20260323,0,section_order_rotation,1,synthetic_train_only,0.902674913406,0.330134357006,0.053456221198,0.218579234973,0.344086021505,0.222222222222,0.172262315657,0.254545454545,1.000000000000
synthetic://step27/v1_1/silver_sensitivity/seed_20260323/silver_sensitivity_matched_013/negative/v00/left||synthetic://step27/v1_1/silver_sensitivity/seed_20260323/silver_sensitivity_matched_013/negative/v00/right,synthetic_transformed,silver_sensitivity,market_item.xlsx|中文暗网交易市场|seller_raw:569984||market_item.xlsx|茶马古道|seller_raw:/shop/422565,negative,synthetic://step27/v1_1/silver_sensitivity/seed_20260323/silver_sensitivity_matched_013/negative/v00/left,synthetic://step27/v1_1/silver_sensitivity/seed_20260323/silver_sensitivity_matched_013/negative/v00/right,train,zh_target_strict_cc_c16a6406195c4f1c,2,template_clone_not_controller,1,0.080000000000,20260323,0,section_order_rotation,1,synthetic_train_only,0.891847252846,0.315521628499,0.154985192498,0.159420289855,0.346041055718,0.153846153846,0.547785547786,0.644444444444,1.000000000000
synthetic://step27/v1_1/silver_sensitivity/seed_20260323/silver_sensitivity_matched_013/positive/v00/left||synthetic://step27/v1_1/silver_sensitivity/seed_20260323/silver_sensitivity_matched_013/positive/v00/right,synthetic_transformed,silver_sensitivity,market_item.xlsx|中文暗网交易市场|seller_raw:501102||market_item.xlsx|中文暗网交易市场|seller_raw:537697,positive,synthetic://step27/v1_1/silver_sensitivity/seed_20260323/silver_sensitivity_matched_013/positive/v00/left,synthetic://step27/v1_1/silver_sensitivity/seed_20260323/silver_sensitivity_matched_013/positive/v00/right,train,zh_target_strict_cc_540db623f3f9599c,2,same_controller_direct_identifier,1,0.275000000000,20260323,0,section_order_rotation,1,synthetic_train_only,0.901112377644,0.248815165877,0.021665538253,0.157480314961,0.237864077670,1.000000000000,0.609117013640,0.378378378378,1.000000000000
synthetic://step27/v1_1/silver_sensitivity/seed_20260323/silver_sensitivity_matched_014/negative/v00/left||synthetic://step27/v1_1/silver_sensitivity/seed_20260323/silver_sensitivity_matched_014/negative/v00/right,synthetic_transformed,silver_sensitivity,market_item.xlsx|中文暗网交易市场|seller_raw:69573||market_item.xlsx|茶马古道|seller_raw:/shop/402851,negative,synthetic://step27/v1_1/silver_sensitivity/seed_20260323/silver_sensitivity_matched_014/negative/v00/left,synthetic://step27/v1_1/silver_sensitivity/seed_20260323/silver_sensitivity_matched_014/negative/v00/right,train,zh_target_strict_cc_0716f7d56fab2fe3,2,template_clone_not_controller,1,0.060000000000,20260323,0,section_order_rotation,1,synthetic_train_only,0.913232564926,0.351851851852,0.245562130178,0.219512195122,0.384615384615,0.250000000000,0.747016706444,0.642857142857,1.000000000000
synthetic://step27/v1_1/silver_sensitivity/seed_20260323/silver_sensitivity_matched_014/positive/v00/left||synthetic://step27/v1_1/silver_sensitivity/seed_20260323/silver_sensitivity_matched_014/positive/v00/right,synthetic_transformed,silver_sensitivity,market_item.xlsx|中文暗网交易市场|seller_raw:365949||market_item.xlsx|中文暗网交易市场|seller_raw:370168,positive,synthetic://step27/v1_1/silver_sensitivity/seed_20260323/silver_sensitivity_matched_014/positive/v00/left,synthetic://step27/v1_1/silver_sensitivity/seed_20260323/silver_sensitivity_matched_014/positive/v00/right,train,zh_target_strict_cc_6d42501cee919350,2,same_controller_direct_identifier,1,0.275000000000,20260323,0,section_order_rotation,1,synthetic_train_only,0.899369478226,0.248704663212,0.019841269841,0.262295081967,0.207865168539,1.000000000000,0.510752688172,0.470588235294,1.000000000000
synthetic://step27/v1_1/silver_sensitivity/seed_20260323/silver_sensitivity_matched_015/negative/v00/left||synthetic://step27/v1_1/silver_sensitivity/seed_20260323/silver_sensitivity_matched_015/negative/v00/right,synthetic_transformed,silver_sensitivity,market_item.xlsx|中文暗网交易市场|seller_raw:556969||market_item.xlsx|茶马古道|seller_raw:/shop/422733,negative,synthetic://step27/v1_1/silver_sensitivity/seed_20260323/silver_sensitivity_matched_015/negative/v00/left,synthetic://step27/v1_1/silver_sensitivity/seed_20260323/silver_sensitivity_matched_015/negative/v00/right,train,zh_target_strict_cc_0b81a8577b9ee929,1,template_clone_not_controller,1,0.060000000000,20260323,0,section_order_rotation,1,synthetic_train_only,0.873302161694,0.301169590643,0.038660326649,0.153846153846,0.293401015228,0.210526315789,0.617162201943,0.370370370370,1.000000000000
synthetic://step27/v1_1/silver_sensitivity/seed_20260323/silver_sensitivity_matched_015/positive/v00/left||synthetic://step27/v1_1/silver_sensitivity/seed_20260323/silver_sensitivity_matched_015/positive/v00/right,synthetic_transformed,silver_sensitivity,market_item.xlsx|中文暗网交易市场|seller_raw:516000||market_item.xlsx|茶马古道|seller_raw:/shop/5524,positive,synthetic://step27/v1_1/silver_sensitivity/seed_20260323/silver_sensitivity_matched_015/positive/v00/left,synthetic://step27/v1_1/silver_sensitivity/seed_20260323/silver_sensitivity_matched_015/positive/v00/right,train,zh_target_strict_cc_5ab9a9542992a12d,1,same_controller_direct_identifier,1,0.275000000000,20260323,0,section_order_rotation,1,synthetic_train_only,0.891881704330,0.382978723404,0.146926536732,0.140065146580,0.384858044164,0.181818181818,0.500535696893,0.226415094340,1.000000000000
synthetic://step27/v1_1/silver_sensitivity/seed_20260323/silver_sensitivity_matched_016/negative/v00/left||synthetic://step27/v1_1/silver_sensitivity/seed_20260323/silver_sensitivity_matched_016/negative/v00/right,synthetic_transformed,silver_sensitivity,market_item.xlsx|中文暗网交易市场|seller_raw:499031||market_item.xlsx|茶马古道|seller_raw:/shop/393847,negative,synthetic://step27/v1_1/silver_sensitivity/seed_20260323/silver_sensitivity_matched_016/negative/v00/left,synthetic://step27/v1_1/silver_sensitivity/seed_20260323/silver_sensitivity_matched_016/negative/v00/right,train,zh_target_strict_cc_9e435cf6bbaaa3e5,2,semantic_topic_not_controller,1,0.060000000000,20260323,0,section_order_rotation,1,synthetic_train_only,0.915648281574,0.491349480969,0.225988700565,0.306122448980,0.469314079422,0.500000000000,0.600666349357,0.545454545455,1.000000000000
synthetic://step27/v1_1/silver_sensitivity/seed_20260323/silver_sensitivity_matched_016/positive/v00/left||synthetic://step27/v1_1/silver_sensitivity/seed_20260323/silver_sensitivity_matched_016/positive/v00/right,synthetic_transformed,silver_sensitivity,market_item.xlsx|中文暗网交易市场|seller_raw:465763||market_item.xlsx|中文暗网交易市场|seller_raw:555666,positive,synthetic://step27/v1_1/silver_sensitivity/seed_20260323/silver_sensitivity_matched_016/positive/v00/left,synthetic://step27/v1_1/silver_sensitivity/seed_20260323/silver_sensitivity_matched_016/positive/v00/right,train,zh_target_strict_cc_540db623f3f9599c,2,same_controller_direct_identifier,1,0.275000000000,20260323,0,section_order_rotation,1,synthetic_train_only,0.885245561600,0.210659898477,0.020911127707,0.172043010753,0.206896551724,0.500000000000,0.711197732105,0.687500000000,1.000000000000
synthetic://step27/v1_1/silver_sensitivity/seed_20260323/silver_sensitivity_matched_017/negative/v00/left||synthetic://step27/v1_1/silver_sensitivity/seed_20260323/silver_sensitivity_matched_017/negative/v00/right,synthetic_transformed,silver_sensitivity,market_item.xlsx|中文暗网交易市场|seller_raw:569682||market_item.xlsx|茶马古道|seller_raw:/shop/407896,negative,synthetic://step27/v1_1/silver_sensitivity/seed_20260323/silver_sensitivity_matched_017/negative/v00/left,synthetic://step27/v1_1/silver_sensitivity/seed_20260323/silver_sensitivity_matched_017/negative/v00/right,train,zh_target_strict_cc_1234aba824302a63,2,template_clone_not_controller,1,0.060000000000,20260323,0,section_order_rotation,1,synthetic_train_only,0.895678877831,0.385372714487,0.082627836099,0.109452736318,0.339677891654,0.350000000000,0.244519392917,0.382978723404,1.000000000000
synthetic://step27/v1_1/silver_sensitivity/seed_20260323/silver_sensitivity_matched_017/positive/v00/left||synthetic://step27/v1_1/silver_sensitivity/seed_20260323/silver_sensitivity_matched_017/positive/v00/right,synthetic_transformed,silver_sensitivity,market_item.xlsx|中文暗网交易市场|seller_raw:250715||market_item.xlsx|中文暗网交易市场|seller_raw:465763,positive,synthetic://step27/v1_1/silver_sensitivity/seed_20260323/silver_sensitivity_matched_017/positive/v00/left,synthetic://step27/v1_1/silver_sensitivity/seed_20260323/silver_sensitivity_matched_017/positive/v00/right,train,zh_target_strict_cc_540db623f3f9599c,2,same_controller_direct_identifier,1,0.275000000000,20260323,0,section_order_rotation,1,synthetic_train_only,0.920896172523,0.311475409836,0.038384845464,0.192052980132,0.299349240781,0.500000000000,0.223600283487,0.076923076923,1.000000000000
synthetic://step27/v1_1/silver_sensitivity/seed_20260323/silver_sensitivity_matched_018/negative/v00/left||synthetic://step27/v1_1/silver_sensitivity/seed_20260323/silver_sensitivity_matched_018/negative/v00/right,synthetic_transformed,silver_sensitivity,market_item.xlsx|中文暗网交易市场|seller_raw:469144||market_item.xlsx|茶马古道|seller_raw:/shop/417610,negative,synthetic://step27/v1_1/silver_sensitivity/seed_20260323/silver_sensitivity_matched_018/negative/v00/left,synthetic://step27/v1_1/silver_sensitivity/seed_20260323/silver_sensitivity_matched_018/negative/v00/right,train,zh_target_strict_cc_a075d160d8e9bceb,3,template_clone_not_controller,1,0.060000000000,20260323,0,section_order_rotation,1,synthetic_train_only,0.917350411415,0.336411609499,0.061928634621,0.168458781362,0.332869080780,0.250000000000,0.620455829723,0.433962264151,1.000000000000
synthetic://step27/v1_1/silver_sensitivity/seed_20260323/silver_sensitivity_matched_018/positive/v00/left||synthetic://step27/v1_1/silver_sensitivity/seed_20260323/silver_sensitivity_matched_018/positive/v00/right,synthetic_transformed,silver_sensitivity,market_item.xlsx|中文暗网交易市场|seller_raw:121394||market_item.xlsx|中文暗网交易市场|seller_raw:436422,positive,synthetic://step27/v1_1/silver_sensitivity/seed_20260323/silver_sensitivity_matched_018/positive/v00/left,synthetic://step27/v1_1/silver_sensitivity/seed_20260323/silver_sensitivity_matched_018/positive/v00/right,train,zh_target_strict_cc_8d579273f8d400c6,3,same_controller_direct_identifier,1,0.275000000000,20260323,0,section_order_rotation,1,synthetic_train_only,0.918364644051,0.250000000000,0.024361948956,0.163934426230,0.257142857143,1.000000000000,0.590130916415,0.423076923077,1.000000000000
synthetic://step27/v1_1/silver_sensitivity/seed_20260323/silver_sensitivity_matched_019/negative/v00/left||synthetic://step27/v1_1/silver_sensitivity/seed_20260323/silver_sensitivity_matched_019/negative/v00/right,synthetic_transformed,silver_sensitivity,market_item.xlsx|中文暗网交易市场|seller_raw:528494||market_item.xlsx|茶马古道|seller_raw:/shop/399158,negative,synthetic://step27/v1_1/silver_sensitivity/seed_20260323/silver_sensitivity_matched_019/negative/v00/left,synthetic://step27/v1_1/silver_sensitivity/seed_20260323/silver_sensitivity_matched_019/negative/v00/right,train,zh_target_strict_cc_05570b72d05a6c3e,1,semantic_topic_not_controller,1,0.075000000000,20260323,0,section_order_rotation,1,synthetic_train_only,0.883136808872,0.092592592593,0.027906976744,0.121951219512,0.058823529412,0.000000000000,0.917938931298,0.692307692308,0.800000000000
synthetic://step27/v1_1/silver_sensitivity/seed_20260323/silver_sensitivity_matched_019/positive/v00/left||synthetic://step27/v1_1/silver_sensitivity/seed_20260323/silver_sensitivity_matched_019/positive/v00/right,synthetic_transformed,silver_sensitivity,market_item.xlsx|中文暗网交易市场|seller_raw:534628||market_item.xlsx|中文暗网交易市场|seller_raw:605663,positive,synthetic://step27/v1_1/silver_sensitivity/seed_20260323/silver_sensitivity_matched_019/positive/v00/left,synthetic://step27/v1_1/silver_sensitivity/seed_20260323/silver_sensitivity_matched_019/positive/v00/right,train,zh_target_strict_cc_290f4bfb9bba0476,1,same_controller_direct_identifier,1,0.275000000000,20260323,0,section_order_rotation,1,synthetic_train_only,0.899502098560,0.198529411765,0.044715447154,0.166666666667,0.186567164179,1.000000000000,0.613412228797,0.000000000000,1.000000000000
synthetic://step27/v1_1/silver_sensitivity/seed_20260323/silver_sensitivity_matched_020/negative/v00/left||synthetic://step27/v1_1/silver_sensitivity/seed_20260323/silver_sensitivity_matched_020/negative/v00/right,synthetic_transformed,silver_sensitivity,market_item.xlsx|中文暗网交易市场|seller_raw:99482||market_item.xlsx|茶马古道|seller_raw:/shop/406714,negative,synthetic://step27/v1_1/silver_sensitivity/seed_20260323/silver_sensitivity_matched_020/negative/v00/left,synthetic://step27/v1_1/silver_sensitivity/seed_20260323/silver_sensitivity_matched_020/negative/v00/right,train,zh_target_strict_cc_f01f31bc246f92c9,1,template_clone_not_controller,1,0.060000000000,20260323,0,section_order_rotation,1,synthetic_train_only,0.885009467602,0.366984993179,0.065064478312,0.148148148148,0.364028776978,0.166666666667,0.502701312066,0.480769230769,1.000000000000
synthetic://step27/v1_1/silver_sensitivity/seed_20260323/silver_sensitivity_matched_020/positive/v00/left||synthetic://step27/v1_1/silver_sensitivity/seed_20260323/silver_sensitivity_matched_020/positive/v00/right,synthetic_transformed,silver_sensitivity,market_item.xlsx|中文暗网交易市场|seller_raw:443482||market_item.xlsx|中文暗网交易市场|seller_raw:455638,positive,synthetic://step27/v1_1/silver_sensitivity/seed_20260323/silver_sensitivity_matched_020/positive/v00/left,synthetic://step27/v1_1/silver_sensitivity/seed_20260323/silver_sensitivity_matched_020/positive/v00/right,train,zh_target_strict_cc_a4907cf1273476d7,1,same_controller_direct_identifier,1,0.275000000000,20260323,0,section_order_rotation,1,synthetic_train_only,0.876928925514,0.258373205742,0.049933125279,0.104938271605,0.248722316865,0.666666666667,0.751363636364,0.566037735849,1.000000000000
synthetic://step27/v1_1/silver_sensitivity/seed_20260323/silver_sensitivity_matched_021/negative/v00/left||synthetic://step27/v1_1/silver_sensitivity/seed_20260323/silver_sensitivity_matched_021/negative/v00/right,synthetic_transformed,silver_sensitivity,market_item.xlsx|中文暗网交易市场|seller_raw:565482||market_item.xlsx|茶马古道|seller_raw:/shop/414257,negative,synthetic://step27/v1_1/silver_sensitivity/seed_20260323/silver_sensitivity_matched_021/negative/v00/left,synthetic://step27/v1_1/silver_sensitivity/seed_20260323/silver_sensitivity_matched_021/negative/v00/right,train,zh_target_strict_cc_367bf011d659e957,1,template_clone_not_controller,1,0.080000000000,20260323,0,section_order_rotation,1,synthetic_train_only,0.910130560398,0.370288248337,0.100446428571,0.162393162393,0.390476190476,0.500000000000,0.765324963072,0.673469387755,1.000000000000
synthetic://step27/v1_1/silver_sensitivity/seed_20260323/silver_sensitivity_matched_021/positive/v00/left||synthetic://step27/v1_1/silver_sensitivity/seed_20260323/silver_sensitivity_matched_021/positive/v00/right,synthetic_transformed,silver_sensitivity,market_item.xlsx|中文暗网交易市场|seller_raw:32635||market_item.xlsx|中文暗网交易市场|seller_raw:81020,positive,synthetic://step27/v1_1/silver_sensitivity/seed_20260323/silver_sensitivity_matched_021/positive/v00/left,synthetic://step27/v1_1/silver_sensitivity/seed_20260323/silver_sensitivity_matched_021/positive/v00/right,train,zh_target_strict_cc_9ad2ae4ca9a83c6a,1,same_controller_direct_identifier,1,0.275000000000,20260323,0,section_order_rotation,1,synthetic_train_only,0.928514122963,0.184073107050,0.051390355509,0.111111111111,0.175000000000,0.333333333333,0.742138364780,0.111111111111,1.000000000000
synthetic://step27/v1_1/silver_sensitivity/seed_20260323/silver_sensitivity_matched_022/negative/v00/left||synthetic://step27/v1_1/silver_sensitivity/seed_20260323/silver_sensitivity_matched_022/negative/v00/right,synthetic_transformed,silver_sensitivity,market_item.xlsx|中文暗网交易市场|seller_raw:541874||market_item.xlsx|茶马古道|seller_raw:/shop/408791,negative,synthetic://step27/v1_1/silver_sensitivity/seed_20260323/silver_sensitivity_matched_022/negative/v00/left,synthetic://step27/v1_1/silver_sensitivity/seed_20260323/silver_sensitivity_matched_022/negative/v00/right,train,zh_target_strict_cc_87624e44dbf173af,3,template_clone_not_controller,1,0.060000000000,20260323,0,section_order_rotation,1,synthetic_train_only,0.919252693653,0.443502824859,0.249110320285,0.090909090909,0.445747800587,0.285714285714,0.639758581667,0.555555555556,1.000000000000
synthetic://step27/v1_1/silver_sensitivity/seed_20260323/silver_sensitivity_matched_022/positive/v00/left||synthetic://step27/v1_1/silver_sensitivity/seed_20260323/silver_sensitivity_matched_022/positive/v00/right,synthetic_transformed,silver_sensitivity,market_item.xlsx|中文暗网交易市场|seller_raw:435064||market_item.xlsx|中文暗网交易市场|seller_raw:606446,positive,synthetic://step27/v1_1/silver_sensitivity/seed_20260323/silver_sensitivity_matched_022/positive/v00/left,synthetic://step27/v1_1/silver_sensitivity/seed_20260323/silver_sensitivity_matched_022/positive/v00/right,train,zh_target_strict_cc_8d579273f8d400c6,3,same_controller_direct_identifier,1,0.275000000000,20260323,0,section_order_rotation,1,synthetic_train_only,0.903992533684,0.175355450237,0.017080745342,0.133333333333,0.170731707317,1.000000000000,0.860241820768,0.891304347826,1.000000000000
synthetic://step27/v1_1/silver_sensitivity/seed_20260323/silver_sensitivity_matched_023/negative/v00/left||synthetic://step27/v1_1/silver_sensitivity/seed_20260323/silver_sensitivity_matched_023/negative/v00/right,synthetic_transformed,silver_sensitivity,market_item.xlsx|中文暗网交易市场|seller_raw:331749||market_item.xlsx|茶马古道|seller_raw:/shop/4694,negative,synthetic://step27/v1_1/silver_sensitivity/seed_20260323/silver_sensitivity_matched_023/negative/v00/left,synthetic://step27/v1_1/silver_sensitivity/seed_20260323/silver_sensitivity_matched_023/negative/v00/right,train,zh_target_strict_cc_e60bd09ea06f8cc8,2,template_clone_not_controller,1,0.060000000000,20260323,0,section_order_rotation,1,synthetic_train_only,0.905634999275,0.282149712092,0.047557840617,0.166666666667,0.270875763747,0.153846153846,0.434092758340,0.454545454545,1.000000000000
synthetic://step27/v1_1/silver_sensitivity/seed_20260323/silver_sensitivity_matched_023/positive/v00/left||synthetic://step27/v1_1/silver_sensitivity/seed_20260323/silver_sensitivity_matched_023/positive/v00/right,synthetic_transformed,silver_sensitivity,market_item.xlsx|中文暗网交易市场|seller_raw:465763||market_item.xlsx|中文暗网交易市场|seller_raw:537697,positive,synthetic://step27/v1_1/silver_sensitivity/seed_20260323/silver_sensitivity_matched_023/positive/v00/left,synthetic://step27/v1_1/silver_sensitivity/seed_20260323/silver_sensitivity_matched_023/positive/v00/right,train,zh_target_strict_cc_540db623f3f9599c,2,same_controller_direct_identifier,1,0.275000000000,20260323,0,section_order_rotation,1,synthetic_train_only,0.882332026958,0.229828850856,0.023680649526,0.157024793388,0.215000000000,1.000000000000,0.614103472714,0.520833333333,1.000000000000
synthetic://step27/v1_1/silver_sensitivity/seed_20260323/silver_sensitivity_matched_024/negative/v00/left||synthetic://step27/v1_1/silver_sensitivity/seed_20260323/silver_sensitivity_matched_024/negative/v00/right,synthetic_transformed,silver_sensitivity,market_item.xlsx|中文暗网交易市场|seller_raw:475252||market_item.xlsx|茶马古道|seller_raw:/shop/405740,negative,synthetic://step27/v1_1/silver_sensitivity/seed_20260323/silver_sensitivity_matched_024/negative/v00/left,synthetic://step27/v1_1/silver_sensitivity/seed_20260323/silver_sensitivity_matched_024/negative/v00/right,train,zh_target_strict_cc_dd6e633ee72cde4d,3,template_clone_not_controller,1,0.080000000000,20260323,0,section_order_rotation,1,synthetic_train_only,0.889711260796,0.411023622047,0.131863882444,0.164556962025,0.405582922824,0.133333333333,0.403846153846,0.566037735849,1.000000000000
synthetic://step27/v1_1/silver_sensitivity/seed_20260323/silver_sensitivity_matched_024/positive/v00/left||synthetic://step27/v1_1/silver_sensitivity/seed_20260323/silver_sensitivity_matched_024/positive/v00/right,synthetic_transformed,silver_sensitivity,market_item.xlsx|中文暗网交易市场|seller_raw:157835||market_item.xlsx|中文暗网交易市场|seller_raw:95895,positive,synthetic://step27/v1_1/silver_sensitivity/seed_20260323/silver_sensitivity_matched_024/positive/v00/left,synthetic://step27/v1_1/silver_sensitivity/seed_20260323/silver_sensitivity_matched_024/positive/v00/right,train,zh_target_strict_cc_8d579273f8d400c6,3,same_controller_direct_identifier,1,0.275000000000,20260323,0,section_order_rotation,1,synthetic_train_only,0.911500334740,0.356459330144,0.030788177340,0.122448979592,0.355000000000,0.500000000000,0.469769021739,0.434782608696,1.000000000000
synthetic://step27/v1_1/silver_sensitivity/seed_20260323/silver_sensitivity_matched_025/negative/v00/left||synthetic://step27/v1_1/silver_sensitivity/seed_20260323/silver_sensitivity_matched_025/negative/v00/right,synthetic_transformed,silver_sensitivity,market_item.xlsx|中文暗网交易市场|seller_raw:394858||market_item.xlsx|茶马古道|seller_raw:/shop/445990,negative,synthetic://step27/v1_1/silver_sensitivity/seed_20260323/silver_sensitivity_matched_025/negative/v00/left,synthetic://step27/v1_1/silver_sensitivity/seed_20260323/silver_sensitivity_matched_025/negative/v00/right,train,zh_target_strict_cc_b9be85f5e430bc45,1,semantic_topic_not_controller,1,0.060000000000,20260323,0,section_order_rotation,1,synthetic_train_only,0.901161789894,0.130434782609,0.041237113402,0.190476190476,0.122222222222,0.500000000000,0.300309597523,0.687500000000,1.000000000000
synthetic://step27/v1_1/silver_sensitivity/seed_20260323/silver_sensitivity_matched_025/positive/v00/left||synthetic://step27/v1_1/silver_sensitivity/seed_20260323/silver_sensitivity_matched_025/positive/v00/right,synthetic_transformed,silver_sensitivity,market_item.xlsx|中文暗网交易市场|seller_raw:462296||market_item.xlsx|中文暗网交易市场|seller_raw:562478,positive,synthetic://step27/v1_1/silver_sensitivity/seed_20260323/silver_sensitivity_matched_025/positive/v00/left,synthetic://step27/v1_1/silver_sensitivity/seed_20260323/silver_sensitivity_matched_025/positive/v00/right,train,zh_target_strict_cc_290f4bfb9bba0476,1,same_controller_direct_identifier,1,0.275000000000,20260323,0,section_order_rotation,1,synthetic_train_only,0.863224625587,0.146853146853,0.007246376812,0.058823529412,0.101562500000,0.500000000000,0.451282051282,0.222222222222,1.000000000000
synthetic://step27/v1_1/silver_sensitivity/seed_20260323/silver_sensitivity_matched_026/negative/v00/left||synthetic://step27/v1_1/silver_sensitivity/seed_20260323/silver_sensitivity_matched_026/negative/v00/right,synthetic_transformed,silver_sensitivity,market_item.xlsx|中文暗网交易市场|seller_raw:533176||market_item.xlsx|茶马古道|seller_raw:/shop/397407,negative,synthetic://step27/v1_1/silver_sensitivity/seed_20260323/silver_sensitivity_matched_026/negative/v00/left,synthetic://step27/v1_1/silver_sensitivity/seed_20260323/silver_sensitivity_matched_026/negative/v00/right,train,zh_target_strict_cc_0fcff25a0c3bd050,2,template_clone_not_controller,1,0.060000000000,20260323,0,section_order_rotation,1,synthetic_train_only,0.932255208492,0.337792642140,0.191446028513,0.298507462687,0.333333333333,0.250000000000,0.800895765472,0.677419354839,1.000000000000
synthetic://step27/v1_1/silver_sensitivity/seed_20260323/silver_sensitivity_matched_026/positive/v00/left||synthetic://step27/v1_1/silver_sensitivity/seed_20260323/silver_sensitivity_matched_026/positive/v00/right,synthetic_transformed,silver_sensitivity,market_item.xlsx|中文暗网交易市场|seller_raw:501102||market_item.xlsx|中文暗网交易市场|seller_raw:596304,positive,synthetic://step27/v1_1/silver_sensitivity/seed_20260323/silver_sensitivity_matched_026/positive/v00/left,synthetic://step27/v1_1/silver_sensitivity/seed_20260323/silver_sensitivity_matched_026/positive/v00/right,train,zh_target_strict_cc_540db623f3f9599c,2,same_controller_direct_identifier,1,0.275000000000,20260323,0,section_order_rotation,1,synthetic_train_only,0.875176548958,0.148337595908,0.008878127522,0.041666666667,0.148437500000,1.000000000000,0.835247666906,0.756756756757,1.000000000000
synthetic://step27/v1_1/silver_sensitivity/seed_20260323/silver_sensitivity_matched_027/negative/v00/left||synthetic://step27/v1_1/silver_sensitivity/seed_20260323/silver_sensitivity_matched_027/negative/v00/right,synthetic_transformed,silver_sensitivity,market_item.xlsx|中文暗网交易市场|seller_raw:528850||market_item.xlsx|茶马古道|seller_raw:/shop/395629,negative,synthetic://step27/v1_1/silver_sensitivity/seed_20260323/silver_sensitivity_matched_027/negative/v00/left,synthetic://step27/v1_1/silver_sensitivity/seed_20260323/silver_sensitivity_matched_027/negative/v00/right,train,zh_target_strict_cc_8d59425a6c8933a2,3,template_clone_not_controller,1,0.060000000000,20260323,0,section_order_rotation,1,synthetic_train_only,0.887408137321,0.317796610169,0.074116965837,0.048648648649,0.306636155606,0.133333333333,0.232083531087,0.636363636364,1.000000000000
synthetic://step27/v1_1/silver_sensitivity/seed_20260323/silver_sensitivity_matched_027/positive/v00/left||synthetic://step27/v1_1/silver_sensitivity/seed_20260323/silver_sensitivity_matched_027/positive/v00/right,synthetic_transformed,silver_sensitivity,market_item.xlsx|中文暗网交易市场|seller_raw:149940||market_item.xlsx|中文暗网交易市场|seller_raw:436422,positive,synthetic://step27/v1_1/silver_sensitivity/seed_20260323/silver_sensitivity_matched_027/positive/v00/left,synthetic://step27/v1_1/silver_sensitivity/seed_20260323/silver_sensitivity_matched_027/positive/v00/right,train,zh_target_strict_cc_8d579273f8d400c6,3,same_controller_direct_identifier,1,0.275000000000,20260323,0,section_order_rotation,1,synthetic_train_only,0.920363605022,0.243119266055,0.020062695925,0.149425287356,0.232500000000,0.500000000000,0.742195367573,0.750000000000,1.000000000000
synthetic://step27/v1_1/silver_sensitivity/seed_20260323/silver_sensitivity_matched_028/negative/v00/left||synthetic://step27/v1_1/silver_sensitivity/seed_20260323/silver_sensitivity_matched_028/negative/v00/right,synthetic_transformed,silver_sensitivity,market_item.xlsx|中文暗网交易市场|seller_raw:591680||market_item.xlsx|茶马古道|seller_raw:/shop/432473,negative,synthetic://step27/v1_1/silver_sensitivity/seed_20260323/silver_sensitivity_matched_028/negative/v00/left,synthetic://step27/v1_1/silver_sensitivity/seed_20260323/silver_sensitivity_matched_028/negative/v00/right,train,zh_target_strict_cc_2e5c7caaf65dd8e0,0,semantic_topic_not_controller,1,0.075000000000,20260323,0,section_order_rotation,1,synthetic_train_only,0.836138486862,0.015000000000,0.003861003861,0.042553191489,0.010309278351,0.000000000000,0.939299610895,0.791666666667,1.000000000000
synthetic://step27/v1_1/silver_sensitivity/seed_20260323/silver_sensitivity_matched_028/positive/v00/left||synthetic://step27/v1_1/silver_sensitivity/seed_20260323/silver_sensitivity_matched_028/positive/v00/right,synthetic_transformed,silver_sensitivity,market_item.xlsx|中文暗网交易市场|seller_raw:462585||market_item.xlsx|中文暗网交易市场|seller_raw:466000,positive,synthetic://step27/v1_1/silver_sensitivity/seed_20260323/silver_sensitivity_matched_028/positive/v00/left,synthetic://step27/v1_1/silver_sensitivity/seed_20260323/silver_sensitivity_matched_028/positive/v00/right,train,zh_target_strict_cc_1d6517872128664d,0,same_controller_direct_identifier,1,0.275000000000,20260323,0,section_order_rotation,1,synthetic_train_only,0.899356365204,0.170403587444,0.020560747664,0.145454545455,0.146226415094,0.500000000000,0.183233532934,0.071428571429,1.000000000000
synthetic://step27/v1_1/silver_sensitivity/seed_20260323/silver_sensitivity_matched_029/negative/v00/left||synthetic://step27/v1_1/silver_sensitivity/seed_20260323/silver_sensitivity_matched_029/negative/v00/right,synthetic_transformed,silver_sensitivity,market_item.xlsx|中文暗网交易市场|seller_raw:575281||market_item.xlsx|茶马古道|seller_raw:/shop/394471,negative,synthetic://step27/v1_1/silver_sensitivity/seed_20260323/silver_sensitivity_matched_029/negative/v00/left,synthetic://step27/v1_1/silver_sensitivity/seed_20260323/silver_sensitivity_matched_029/negative/v00/right,train,zh_target_strict_cc_efca46e72d966ee9,2,template_clone_not_controller,1,0.060000000000,20260323,0,section_order_rotation,1,synthetic_train_only,0.826634049416,0.279305354559,0.055301296720,0.097560975610,0.273391812865,0.000000000000,0.674616695060,0.562500000000,1.000000000000
synthetic://step27/v1_1/silver_sensitivity/seed_20260323/silver_sensitivity_matched_029/positive/v00/left||synthetic://step27/v1_1/silver_sensitivity/seed_20260323/silver_sensitivity_matched_029/positive/v00/right,synthetic_transformed,silver_sensitivity,market_item.xlsx|中文暗网交易市场|seller_raw:636288||market_item.xlsx|中文暗网交易市场|seller_raw:636666,positive,synthetic://step27/v1_1/silver_sensitivity/seed_20260323/silver_sensitivity_matched_029/positive/v00/left,synthetic://step27/v1_1/silver_sensitivity/seed_20260323/silver_sensitivity_matched_029/positive/v00/right,train,zh_target_strict_cc_91bfa095c1c39ade,2,same_controller_direct_identifier,1,0.275000000000,20260323,0,section_order_rotation,1,synthetic_train_only,0.936293125153,0.212793733681,0.137887678122,0.354838709677,0.203504043127,1.000000000000,0.191849380362,0.043478260870,1.000000000000
synthetic://step27/v1_1/silver_sensitivity/seed_20260323/silver_sensitivity_matched_030/negative/v00/left||synthetic://step27/v1_1/silver_sensitivity/seed_20260323/silver_sensitivity_matched_030/negative/v00/right,synthetic_transformed,silver_sensitivity,market_item.xlsx|中文暗网交易市场|seller_raw:633752||market_item.xlsx|茶马古道|seller_raw:/shop/451995,negative,synthetic://step27/v1_1/silver_sensitivity/seed_20260323/silver_sensitivity_matched_030/negative/v00/left,synthetic://step27/v1_1/silver_sensitivity/seed_20260323/silver_sensitivity_matched_030/negative/v00/right,train,zh_target_strict_cc_0f6792626c843fb6,2,template_clone_not_controller,1,0.080000000000,20260323,0,section_order_rotation,1,synthetic_train_only,0.890650272369,0.480291970803,0.360473457676,0.328205128205,0.473035439137,0.250000000000,0.429773803261,0.509433962264,1.000000000000
synthetic://step27/v1_1/silver_sensitivity/seed_20260323/silver_sensitivity_matched_030/positive/v00/left||synthetic://step27/v1_1/silver_sensitivity/seed_20260323/silver_sensitivity_matched_030/positive/v00/right,synthetic_transformed,silver_sensitivity,market_item.xlsx|中文暗网交易市场|seller_raw:636666||market_item.xlsx|中文暗网交易市场|seller_raw:65706,positive,synthetic://step27/v1_1/silver_sensitivity/seed_20260323/silver_sensitivity_matched_030/positive/v00/left,synthetic://step27/v1_1/silver_sensitivity/seed_20260323/silver_sensitivity_matched_030/positive/v00/right,train,zh_target_strict_cc_91bfa095c1c39ade,2,same_controller_direct_identifier,1,0.275000000000,20260323,0,section_order_rotation,1,synthetic_train_only,0.866346299648,0.164810690423,0.069848293300,0.088235294118,0.153579676674,1.000000000000,0.091184752003,0.352941176471,1.000000000000
synthetic://step27/v1_1/silver_sensitivity/seed_20260323/silver_sensitivity_matched_031/negative/v00/left||synthetic://step27/v1_1/silver_sensitivity/seed_20260323/silver_sensitivity_matched_031/negative/v00/right,synthetic_transformed,silver_sensitivity,market_item.xlsx|茶马古道|seller_raw:/shop/413150||market_item.xlsx|茶马古道|seller_raw:/shop/415493,negative,synthetic://step27/v1_1/silver_sensitivity/seed_20260323/silver_sensitivity_matched_031/negative/v00/left,synthetic://step27/v1_1/silver_sensitivity/seed_20260323/silver_sensitivity_matched_031/negative/v00/right,train,zh_target_strict_cc_d30b8a7ef8b6700c,2,semantic_topic_not_controller,1,0.060000000000,20260323,0,section_order_rotation,1,synthetic_train_only,0.889129042625,0.299760191847,0.077785564121,0.154320987654,0.286802030457,0.500000000000,0.723508375682,0.500000000000,1.000000000000
synthetic://step27/v1_1/silver_sensitivity/seed_20260323/silver_sensitivity_matched_031/positive/v00/left||synthetic://step27/v1_1/silver_sensitivity/seed_20260323/silver_sensitivity_matched_031/positive/v00/right,synthetic_transformed,silver_sensitivity,market_item.xlsx|中文暗网交易市场|seller_raw:465763||market_item.xlsx|中文暗网交易市场|seller_raw:501102,positive,synthetic://step27/v1_1/silver_sensitivity/seed_20260323/silver_sensitivity_matched_031/positive/v00/left,synthetic://step27/v1_1/silver_sensitivity/seed_20260323/silver_sensitivity_matched_031/positive/v00/right,train,zh_target_strict_cc_540db623f3f9599c,2,same_controller_direct_identifier,1,0.275000000000,20260323,0,section_order_rotation,1,synthetic_train_only,0.903579771519,0.349494949495,0.059464816650,0.257812500000,0.351239669421,1.000000000000,0.012756909993,0.229166666667,1.000000000000
synthetic://step27/v1_1/silver_sensitivity/seed_20260323/silver_sensitivity_matched_032/negative/v00/left||synthetic://step27/v1_1/silver_sensitivity/seed_20260323/silver_sensitivity_matched_032/negative/v00/right,synthetic_transformed,silver_sensitivity,market_item.xlsx|中文暗网交易市场|seller_raw:546566||market_item.xlsx|茶马古道|seller_raw:/shop/8057,negative,synthetic://step27/v1_1/silver_sensitivity/seed_20260323/silver_sensitivity_matched_032/negative/v00/left,synthetic://step27/v1_1/silver_sensitivity/seed_20260323/silver_sensitivity_matched_032/negative/v00/right,train,zh_target_strict_cc_7c4e8e17f0966814,2,semantic_topic_not_controller,1,0.075000000000,20260323,0,section_order_rotation,1,synthetic_train_only,0.944772303104,0.227074235808,0.061032863850,0.287128712871,0.194174757282,0.500000000000,0.776161616162,0.627450980392,1.000000000000
synthetic://step27/v1_1/silver_sensitivity/seed_20260323/silver_sensitivity_matched_032/positive/v00/left||synthetic://step27/v1_1/silver_sensitivity/seed_20260323/silver_sensitivity_matched_032/positive/v00/right,synthetic_transformed,silver_sensitivity,market_item.xlsx|中文暗网交易市场|seller_raw:361068||market_item.xlsx|中文暗网交易市场|seller_raw:70840,positive,synthetic://step27/v1_1/silver_sensitivity/seed_20260323/silver_sensitivity_matched_032/positive/v00/left,synthetic://step27/v1_1/silver_sensitivity/seed_20260323/silver_sensitivity_matched_032/positive/v00/right,train,zh_target_strict_cc_540db623f3f9599c,2,same_controller_direct_identifier,1,0.275000000000,20260323,0,section_order_rotation,1,synthetic_train_only,0.912428259850,0.241192411924,0.069808027923,0.250000000000,0.234782608696,1.000000000000,0.653191489362,0.725490196078,1.000000000000
synthetic://step27/v1_1/silver_sensitivity/seed_20260323/silver_sensitivity_matched_033/negative/v00/left||synthetic://step27/v1_1/silver_sensitivity/seed_20260323/silver_sensitivity_matched_033/negative/v00/right,synthetic_transformed,silver_sensitivity,market_item.xlsx|中文暗网交易市场|seller_raw:553564||market_item.xlsx|茶马古道|seller_raw:/shop/429404,negative,synthetic://step27/v1_1/silver_sensitivity/seed_20260323/silver_sensitivity_matched_033/negative/v00/left,synthetic://step27/v1_1/silver_sensitivity/seed_20260323/silver_sensitivity_matched_033/negative/v00/right,train,zh_target_strict_cc_9ddda7715349ff55,3,template_clone_not_controller,1,0.080000000000,20260323,0,section_order_rotation,1,synthetic_train_only,0.880536317825,0.190082644628,0.101134215501,0.147826086957,0.189655172414,0.285714285714,0.864309603440,0.766666666667,1.000000000000
synthetic://step27/v1_1/silver_sensitivity/seed_20260323/silver_sensitivity_matched_033/positive/v00/left||synthetic://step27/v1_1/silver_sensitivity/seed_20260323/silver_sensitivity_matched_033/positive/v00/right,synthetic_transformed,silver_sensitivity,market_item.xlsx|中文暗网交易市场|seller_raw:149940||market_item.xlsx|中文暗网交易市场|seller_raw:157835,positive,synthetic://step27/v1_1/silver_sensitivity/seed_20260323/silver_sensitivity_matched_033/positive/v00/left,synthetic://step27/v1_1/silver_sensitivity/seed_20260323/silver_sensitivity_matched_033/positive/v00/right,train,zh_target_strict_cc_8d579273f8d400c6,3,same_controller_direct_identifier,1,0.275000000000,20260323,0,section_order_rotation,1,synthetic_train_only,0.890240669250,0.254143646409,0.019383259912,0.081081081081,0.245762711864,1.000000000000,0.508007687380,0.500000000000,1.000000000000
synthetic://step27/v1_1/silver_sensitivity/seed_20260323/silver_sensitivity_matched_034/negative/v00/left||synthetic://step27/v1_1/silver_sensitivity/seed_20260323/silver_sensitivity_matched_034/negative/v00/right,synthetic_transformed,silver_sensitivity,market_item.xlsx|中文暗网交易市场|seller_raw:499135||market_item.xlsx|茶马古道|seller_raw:/shop/419283,negative,synthetic://step27/v1_1/silver_sensitivity/seed_20260323/silver_sensitivity_matched_034/negative/v00/left,synthetic://step27/v1_1/silver_sensitivity/seed_20260323/silver_sensitivity_matched_034/negative/v00/right,train,zh_target_strict_cc_f186831a8ff4c7f7,3,template_clone_not_controller,1,0.090000000000,20260323,0,section_order_rotation,1,synthetic_train_only,0.899430036545,0.400000000000,0.283482142857,0.246376811594,0.401812688822,0.181818181818,0.682252922423,0.720000000000,1.000000000000
synthetic://step27/v1_1/silver_sensitivity/seed_20260323/silver_sensitivity_matched_034/positive/v00/left||synthetic://step27/v1_1/silver_sensitivity/seed_20260323/silver_sensitivity_matched_034/positive/v00/right,synthetic_transformed,silver_sensitivity,market_item.xlsx|中文暗网交易市场|seller_raw:121394||market_item.xlsx|中文暗网交易市场|seller_raw:435064,positive,synthetic://step27/v1_1/silver_sensitivity/seed_20260323/silver_sensitivity_matched_034/positive/v00/left,synthetic://step27/v1_1/silver_sensitivity/seed_20260323/silver_sensitivity_matched_034/positive/v00/right,train,zh_target_strict_cc_8d579273f8d400c6,3,same_controller_direct_identifier,1,0.275000000000,20260323,0,section_order_rotation,1,synthetic_train_only,0.939848661423,0.269230769231,0.049729729730,0.259259259259,0.261818181818,0.500000000000,0.565789473684,0.347826086957,1.000000000000
synthetic://step27/v1_1/silver_sensitivity/seed_20260323/silver_sensitivity_matched_035/negative/v00/left||synthetic://step27/v1_1/silver_sensitivity/seed_20260323/silver_sensitivity_matched_035/negative/v00/right,synthetic_transformed,silver_sensitivity,market_item.xlsx|茶马古道|seller_raw:/shop/407100||market_item.xlsx|茶马古道|seller_raw:/shop/8264,negative,synthetic://step27/v1_1/silver_sensitivity/seed_20260323/silver_sensitivity_matched_035/negative/v00/left,synthetic://step27/v1_1/silver_sensitivity/seed_20260323/silver_sensitivity_matched_035/negative/v00/right,train,zh_target_strict_cc_ec1dc6d5a557bca9,2,template_clone_not_controller,1,0.060000000000,20260323,0,section_order_rotation,1,synthetic_train_only,0.863605976105,0.156105100464,0.059793814433,0.039772727273,0.155802861685,0.153846153846,0.918099918100,0.800000000000,1.000000000000
synthetic://step27/v1_1/silver_sensitivity/seed_20260323/silver_sensitivity_matched_035/positive/v00/left||synthetic://step27/v1_1/silver_sensitivity/seed_20260323/silver_sensitivity_matched_035/positive/v00/right,synthetic_transformed,silver_sensitivity,market_item.xlsx|中文暗网交易市场|seller_raw:45068||market_item.xlsx|中文暗网交易市场|seller_raw:70840,positive,synthetic://step27/v1_1/silver_sensitivity/seed_20260323/silver_sensitivity_matched_035/positive/v00/left,synthetic://step27/v1_1/silver_sensitivity/seed_20260323/silver_sensitivity_matched_035/positive/v00/right,train,zh_target_strict_cc_540db623f3f9599c,2,same_controller_direct_identifier,1,0.275000000000,20260323,0,section_order_rotation,1,synthetic_train_only,0.913500010967,0.223350253807,0.015772870662,0.149253731343,0.212987012987,1.000000000000,0.755548890222,0.681818181818,1.000000000000
synthetic://step27/v1_1/silver_sensitivity/seed_20260323/silver_sensitivity_matched_036/negative/v00/left||synthetic://step27/v1_1/silver_sensitivity/seed_20260323/silver_sensitivity_matched_036/negative/v00/right,synthetic_transformed,silver_sensitivity,market_item.xlsx|中文暗网交易市场|seller_raw:508275||market_item.xlsx|茶马古道|seller_raw:/shop/439438,negative,synthetic://step27/v1_1/silver_sensitivity/seed_20260323/silver_sensitivity_matched_036/negative/v00/left,synthetic://step27/v1_1/silver_sensitivity/seed_20260323/silver_sensitivity_matched_036/negative/v00/right,train,zh_target_strict_cc_24468cf3d79f4986,3,template_clone_not_controller,1,0.060000000000,20260323,0,section_order_rotation,1,synthetic_train_only,0.887468457222,0.302845528455,0.096221662469,0.306930693069,0.289256198347,0.222222222222,0.905174450658,0.586206896552,1.000000000000
synthetic://step27/v1_1/silver_sensitivity/seed_20260323/silver_sensitivity_matched_036/positive/v00/left||synthetic://step27/v1_1/silver_sensitivity/seed_20260323/silver_sensitivity_matched_036/positive/v00/right,synthetic_transformed,silver_sensitivity,market_item.xlsx|中文暗网交易市场|seller_raw:347899||market_item.xlsx|茶马古道|seller_raw:/shop/6242,positive,synthetic://step27/v1_1/silver_sensitivity/seed_20260323/silver_sensitivity_matched_036/positive/v00/left,synthetic://step27/v1_1/silver_sensitivity/seed_20260323/silver_sensitivity_matched_036/positive/v00/right,train,zh_target_strict_cc_bdbbd819a13285cb,3,same_controller_direct_identifier,1,0.275000000000,20260323,0,section_order_rotation,1,synthetic_train_only,0.875110864639,0.315340909091,0.070434535643,0.137704918033,0.312041116006,0.222222222222,0.312158866566,0.214285714286,1.000000000000
synthetic://step27/v1_1/silver_sensitivity/seed_20260323/silver_sensitivity_matched_037/negative/v00/left||synthetic://step27/v1_1/silver_sensitivity/seed_20260323/silver_sensitivity_matched_037/negative/v00/right,synthetic_transformed,silver_sensitivity,market_item.xlsx|茶马古道|seller_raw:/shop/2343||market_item.xlsx|茶马古道|seller_raw:/shop/436019,negative,synthetic://step27/v1_1/silver_sensitivity/seed_20260323/silver_sensitivity_matched_037/negative/v00/left,synthetic://step27/v1_1/silver_sensitivity/seed_20260323/silver_sensitivity_matched_037/negative/v00/right,train,zh_target_strict_cc_738de69abc9fccc8,1,semantic_topic_not_controller,1,0.060000000000,20260323,0,section_order_rotation,1,synthetic_train_only,0.890275299549,0.148148148148,0.011299435028,0.190476190476,0.090225563910,0.000000000000,0.713607594937,0.421052631579,1.000000000000
synthetic://step27/v1_1/silver_sensitivity/seed_20260323/silver_sensitivity_matched_037/positive/v00/left||synthetic://step27/v1_1/silver_sensitivity/seed_20260323/silver_sensitivity_matched_037/positive/v00/right,synthetic_transformed,silver_sensitivity,market_item.xlsx|中文暗网交易市场|seller_raw:562478||market_item.xlsx|中文暗网交易市场|seller_raw:605663,positive,synthetic://step27/v1_1/silver_sensitivity/seed_20260323/silver_sensitivity_matched_037/positive/v00/left,synthetic://step27/v1_1/silver_sensitivity/seed_20260323/silver_sensitivity_matched_037/positive/v00/right,train,zh_target_strict_cc_290f4bfb9bba0476,1,same_controller_direct_identifier,1,0.275000000000,20260323,0,section_order_rotation,1,synthetic_train_only,0.868074357510,0.144654088050,0.006825938567,0.050000000000,0.104166666667,0.500000000000,0.577909270217,0.444444444444,1.000000000000
synthetic://step27/v1_1/silver_sensitivity/seed_20260323/silver_sensitivity_matched_038/negative/v00/left||synthetic://step27/v1_1/silver_sensitivity/seed_20260323/silver_sensitivity_matched_038/negative/v00/right,synthetic_transformed,silver_sensitivity,market_item.xlsx|茶马古道|seller_raw:/shop/425667||market_item.xlsx|茶马古道|seller_raw:/shop/450020,negative,synthetic://step27/v1_1/silver_sensitivity/seed_20260323/silver_sensitivity_matched_038/negative/v00/left,synthetic://step27/v1_1/silver_sensitivity/seed_20260323/silver_sensitivity_matched_038/negative/v00/right,train,zh_target_strict_cc_9991bf542ace4262,2,template_clone_not_controller,1,0.090000000000,20260323,0,section_order_rotation,1,synthetic_train_only,0.908461689949,0.169712793734,0.093174431203,0.033783783784,0.167664670659,0.166666666667,0.907804459691,0.860465116279,1.000000000000
synthetic://step27/v1_1/silver_sensitivity/seed_20260323/silver_sensitivity_matched_038/positive/v00/left||synthetic://step27/v1_1/silver_sensitivity/seed_20260323/silver_sensitivity_matched_038/positive/v00/right,synthetic_transformed,silver_sensitivity,market_item.xlsx|中文暗网交易市场|seller_raw:361068||market_item.xlsx|中文暗网交易市场|seller_raw:501102,positive,synthetic://step27/v1_1/silver_sensitivity/seed_20260323/silver_sensitivity_matched_038/positive/v00/left,synthetic://step27/v1_1/silver_sensitivity/seed_20260323/silver_sensitivity_matched_038/positive/v00/right,train,zh_target_strict_cc_540db623f3f9599c,2,same_controller_direct_identifier,1,0.275000000000,20260323,0,section_order_rotation,1,synthetic_train_only,0.917237162590,0.284883720930,0.059322033898,0.248120300752,0.281376518219,1.000000000000,0.156496769562,0.274509803922,1.000000000000
synthetic://step27/v1_1/silver_sensitivity/seed_20260323/silver_sensitivity_matched_039/negative/v00/left||synthetic://step27/v1_1/silver_sensitivity/seed_20260323/silver_sensitivity_matched_039/negative/v00/right,synthetic_transformed,silver_sensitivity,market_item.xlsx|中文暗网交易市场|seller_raw:566237||market_item.xlsx|茶马古道|seller_raw:/shop/411784,negative,synthetic://step27/v1_1/silver_sensitivity/seed_20260323/silver_sensitivity_matched_039/negative/v00/left,synthetic://step27/v1_1/silver_sensitivity/seed_20260323/silver_sensitivity_matched_039/negative/v00/right,train,zh_target_strict_cc_8d33c8afc8c62613,2,template_clone_not_controller,1,0.080000000000,20260323,0,section_order_rotation,1,synthetic_train_only,0.910269141197,0.306532663317,0.171122994652,0.208955223881,0.308900523560,0.250000000000,0.831586826347,0.821428571429,1.000000000000
synthetic://step27/v1_1/silver_sensitivity/seed_20260323/silver_sensitivity_matched_039/positive/v00/left||synthetic://step27/v1_1/silver_sensitivity/seed_20260323/silver_sensitivity_matched_039/positive/v00/right,synthetic_transformed,silver_sensitivity,market_item.xlsx|中文暗网交易市场|seller_raw:361068||market_item.xlsx|中文暗网交易市场|seller_raw:537697,positive,synthetic://step27/v1_1/silver_sensitivity/seed_20260323/silver_sensitivity_matched_039/positive/v00/left,synthetic://step27/v1_1/silver_sensitivity/seed_20260323/silver_sensitivity_matched_039/positive/v00/right,train,zh_target_strict_cc_540db623f3f9599c,2,same_controller_direct_identifier,1,0.275000000000,20260323,0,section_order_rotation,1,synthetic_train_only,0.869095563889,0.188544152745,0.021545319465,0.124031007752,0.186224489796,1.000000000000,0.536595744681,0.549019607843,1.000000000000
synthetic://step27/v1_1/silver_sensitivity/seed_20260323/silver_sensitivity_matched_040/negative/v00/left||synthetic://step27/v1_1/silver_sensitivity/seed_20260323/silver_sensitivity_matched_040/negative/v00/right,synthetic_transformed,silver_sensitivity,market_item.xlsx|中文暗网交易市场|seller_raw:69210||market_item.xlsx|茶马古道|seller_raw:/shop/8494,negative,synthetic://step27/v1_1/silver_sensitivity/seed_20260323/silver_sensitivity_matched_040/negative/v00/left,synthetic://step27/v1_1/silver_sensitivity/seed_20260323/silver_sensitivity_matched_040/negative/v00/right,train,zh_target_strict_cc_69a030ad6f93d0e3,3,semantic_topic_not_controller,1,0.075000000000,20260323,0,section_order_rotation,1,synthetic_train_only,0.898556232452,0.217948717949,0.106725146199,0.363636363636,0.188073394495,0.250000000000,0.902566788895,0.814814814815,1.000000000000
synthetic://step27/v1_1/silver_sensitivity/seed_20260323/silver_sensitivity_matched_040/positive/v00/left||synthetic://step27/v1_1/silver_sensitivity/seed_20260323/silver_sensitivity_matched_040/positive/v00/right,synthetic_transformed,silver_sensitivity,market_item.xlsx|中文暗网交易市场|seller_raw:312538||market_item.xlsx|中文暗网交易市场|seller_raw:606446,positive,synthetic://step27/v1_1/silver_sensitivity/seed_20260323/silver_sensitivity_matched_040/positive/v00/left,synthetic://step27/v1_1/silver_sensitivity/seed_20260323/silver_sensitivity_matched_040/positive/v00/right,train,zh_target_strict_cc_8d579273f8d400c6,3,same_controller_direct_identifier,1,0.275000000000,20260323,0,section_order_rotation,1,synthetic_train_only,0.899092793465,0.200854700855,0.018229166667,0.135135135135,0.189427312775,1.000000000000,0.870808678501,0.883720930233,1.000000000000
synthetic://step27/v1_1/silver_sensitivity/seed_20260323/silver_sensitivity_matched_041/negative/v00/left||synthetic://step27/v1_1/silver_sensitivity/seed_20260323/silver_sensitivity_matched_041/negative/v00/right,synthetic_transformed,silver_sensitivity,market_item.xlsx|中文暗网交易市场|seller_raw:541551||market_item.xlsx|茶马古道|seller_raw:/shop/399807,negative,synthetic://step27/v1_1/silver_sensitivity/seed_20260323/silver_sensitivity_matched_041/negative/v00/left,synthetic://step27/v1_1/silver_sensitivity/seed_20260323/silver_sensitivity_matched_041/negative/v00/right,train,zh_target_strict_cc_2e5c7caaf65dd8e0,0,template_clone_not_controller,1,0.080000000000,20260323,0,section_order_rotation,1,synthetic_train_only,0.922198295593,0.310861423221,0.175349428208,0.283333333333,0.308880308880,0.400000000000,0.773646801531,0.666666666667,1.000000000000
synthetic://step27/v1_1/silver_sensitivity/seed_20260323/silver_sensitivity_matched_041/positive/v00/left||synthetic://step27/v1_1/silver_sensitivity/seed_20260323/silver_sensitivity_matched_041/positive/v00/right,synthetic_transformed,silver_sensitivity,market_item.xlsx|茶马古道|seller_raw:/shop/449035||market_item.xlsx|茶马古道|seller_raw:/shop/458155,positive,synthetic://step27/v1_1/silver_sensitivity/seed_20260323/silver_sensitivity_matched_041/positive/v00/left,synthetic://step27/v1_1/silver_sensitivity/seed_20260323/silver_sensitivity_matched_041/positive/v00/right,train,zh_target_strict_cc_2e5c7caaf65dd8e0,0,same_controller_direct_identifier,1,0.275000000000,20260323,0,section_order_rotation,1,synthetic_train_only,0.897069275379,0.376221498371,0.071606994172,0.134328358209,0.366782006920,0.750000000000,0.127965772073,0.071428571429,1.000000000000
synthetic://step27/v1_1/silver_sensitivity/seed_20260323/silver_sensitivity_matched_042/negative/v00/left||synthetic://step27/v1_1/silver_sensitivity/seed_20260323/silver_sensitivity_matched_042/negative/v00/right,synthetic_transformed,silver_sensitivity,market_item.xlsx|中文暗网交易市场|seller_raw:526567||market_item.xlsx|茶马古道|seller_raw:/shop/397707,negative,synthetic://step27/v1_1/silver_sensitivity/seed_20260323/silver_sensitivity_matched_042/negative/v00/left,synthetic://step27/v1_1/silver_sensitivity/seed_20260323/silver_sensitivity_matched_042/negative/v00/right,train,zh_target_strict_cc_2e5c7caaf65dd8e0,0,template_clone_not_controller,1,0.080000000000,20260323,0,section_order_rotation,1,synthetic_train_only,0.901712596416,0.188235294118,0.106524633822,0.139240506329,0.184738955823,0.250000000000,0.891163793103,0.861111111111,1.000000000000
synthetic://step27/v1_1/silver_sensitivity/seed_20260323/silver_sensitivity_matched_042/positive/v00/left||synthetic://step27/v1_1/silver_sensitivity/seed_20260323/silver_sensitivity_matched_042/positive/v00/right,synthetic_transformed,silver_sensitivity,market_item.xlsx|中文暗网交易市场|seller_raw:51470||market_item.xlsx|茶马古道|seller_raw:/shop/400997,positive,synthetic://step27/v1_1/silver_sensitivity/seed_20260323/silver_sensitivity_matched_042/positive/v00/left,synthetic://step27/v1_1/silver_sensitivity/seed_20260323/silver_sensitivity_matched_042/positive/v00/right,train,zh_target_strict_cc_f7f70f2184be4bbd,0,same_controller_direct_identifier,1,0.275000000000,20260323,0,section_order_rotation,1,synthetic_train_only,0.939396619797,0.443271767810,0.237567310738,0.105527638191,0.440277777778,0.133333333333,0.702413568167,0.759259259259,1.000000000000
synthetic://step27/v1_1/silver_sensitivity/seed_20260323/silver_sensitivity_matched_043/negative/v00/left||synthetic://step27/v1_1/silver_sensitivity/seed_20260323/silver_sensitivity_matched_043/negative/v00/right,synthetic_transformed,silver_sensitivity,market_item.xlsx|中文暗网交易市场|seller_raw:44614||market_item.xlsx|茶马古道|seller_raw:/shop/9341,negative,synthetic://step27/v1_1/silver_sensitivity/seed_20260323/silver_sensitivity_matched_043/negative/v00/left,synthetic://step27/v1_1/silver_sensitivity/seed_20260323/silver_sensitivity_matched_043/negative/v00/right,train,zh_target_strict_cc_30308228dc245437,3,template_clone_not_controller,1,0.060000000000,20260323,0,section_order_rotation,1,synthetic_train_only,0.898867726326,0.375838926174,0.237822349570,0.145454545455,0.379310344828,0.250000000000,0.795606494747,0.800000000000,1.000000000000
synthetic://step27/v1_1/silver_sensitivity/seed_20260323/silver_sensitivity_matched_043/positive/v00/left||synthetic://step27/v1_1/silver_sensitivity/seed_20260323/silver_sensitivity_matched_043/positive/v00/right,synthetic_transformed,silver_sensitivity,market_item.xlsx|中文暗网交易市场|seller_raw:157835||market_item.xlsx|中文暗网交易市场|seller_raw:596096,positive,synthetic://step27/v1_1/silver_sensitivity/seed_20260323/silver_sensitivity_matched_043/positive/v00/left,synthetic://step27/v1_1/silver_sensitivity/seed_20260323/silver_sensitivity_matched_043/positive/v00/right,train,zh_target_strict_cc_8d579273f8d400c6,3,same_controller_direct_identifier,1,0.275000000000,20260323,0,section_order_rotation,1,synthetic_train_only,0.868400812149,0.199404761905,0.019900497512,0.087719298246,0.196969696970,1.000000000000,0.689942344651,0.653846153846,1.000000000000
synthetic://step27/v1_1/silver_sensitivity/seed_20260323/silver_sensitivity_matched_044/negative/v00/left||synthetic://step27/v1_1/silver_sensitivity/seed_20260323/silver_sensitivity_matched_044/negative/v00/right,synthetic_transformed,silver_sensitivity,market_item.xlsx|中文暗网交易市场|seller_raw:86288||market_item.xlsx|茶马古道|seller_raw:/shop/399905,negative,synthetic://step27/v1_1/silver_sensitivity/seed_20260323/silver_sensitivity_matched_044/negative/v00/left,synthetic://step27/v1_1/silver_sensitivity/seed_20260323/silver_sensitivity_matched_044/negative/v00/right,train,zh_target_strict_cc_7da9eb6e659ef940,3,template_clone_not_controller,1,0.060000000000,20260323,0,section_order_rotation,1,synthetic_train_only,0.888880491257,0.342171717172,0.053010659752,0.113333333333,0.348901098901,0.173913043478,0.507603186097,0.436363636364,1.000000000000
synthetic://step27/v1_1/silver_sensitivity/seed_20260323/silver_sensitivity_matched_044/positive/v00/left||synthetic://step27/v1_1/silver_sensitivity/seed_20260323/silver_sensitivity_matched_044/positive/v00/right,synthetic_transformed,silver_sensitivity,market_item.xlsx|中文暗网交易市场|seller_raw:312538||market_item.xlsx|中文暗网交易市场|seller_raw:436422,positive,synthetic://step27/v1_1/silver_sensitivity/seed_20260323/silver_sensitivity_matched_044/positive/v00/left,synthetic://step27/v1_1/silver_sensitivity/seed_20260323/silver_sensitivity_matched_044/positive/v00/right,train,zh_target_strict_cc_8d579273f8d400c6,3,same_controller_direct_identifier,1,0.275000000000,20260323,0,section_order_rotation,1,synthetic_train_only,0.905984520912,0.260960334029,0.024854574299,0.190954773869,0.248306997743,0.500000000000,0.020710059172,0.173076923077,1.000000000000
synthetic://step27/v1_1/silver_sensitivity/seed_20260323/silver_sensitivity_matched_045/negative/v00/left||synthetic://step27/v1_1/silver_sensitivity/seed_20260323/silver_sensitivity_matched_045/negative/v00/right,synthetic_transformed,silver_sensitivity,market_item.xlsx|中文暗网交易市场|seller_raw:44940||market_item.xlsx|茶马古道|seller_raw:/shop/666,negative,synthetic://step27/v1_1/silver_sensitivity/seed_20260323/silver_sensitivity_matched_045/negative/v00/left,synthetic://step27/v1_1/silver_sensitivity/seed_20260323/silver_sensitivity_matched_045/negative/v00/right,train,zh_target_strict_cc_e21c6d7e9969daf0,2,semantic_topic_not_controller,1,0.075000000000,20260323,0,section_order_rotation,1,synthetic_train_only,0.889338493347,0.078571428571,0.005540166205,0.115384615385,0.081967213115,0.250000000000,0.895191122072,0.772727272727,1.000000000000
synthetic://step27/v1_1/silver_sensitivity/seed_20260323/silver_sensitivity_matched_045/positive/v00/left||synthetic://step27/v1_1/silver_sensitivity/seed_20260323/silver_sensitivity_matched_045/positive/v00/right,synthetic_transformed,silver_sensitivity,market_item.xlsx|中文暗网交易市场|seller_raw:446965||market_item.xlsx|中文暗网交易市场|seller_raw:45068,positive,synthetic://step27/v1_1/silver_sensitivity/seed_20260323/silver_sensitivity_matched_045/positive/v00/left,synthetic://step27/v1_1/silver_sensitivity/seed_20260323/silver_sensitivity_matched_045/positive/v00/right,train,zh_target_strict_cc_540db623f3f9599c,2,same_controller_direct_identifier,1,0.275000000000,20260323,0,section_order_rotation,1,synthetic_train_only,0.885752797127,0.103064066852,0.007823613087,0.115702479339,0.091168091168,1.000000000000,0.901619676065,0.704545454545,1.000000000000
synthetic://step27/v1_1/silver_sensitivity/seed_20260323/silver_sensitivity_matched_046/negative/v00/left||synthetic://step27/v1_1/silver_sensitivity/seed_20260323/silver_sensitivity_matched_046/negative/v00/right,synthetic_transformed,silver_sensitivity,market_item.xlsx|中文暗网交易市场|seller_raw:526321||market_item.xlsx|茶马古道|seller_raw:/shop/397707,negative,synthetic://step27/v1_1/silver_sensitivity/seed_20260323/silver_sensitivity_matched_046/negative/v00/left,synthetic://step27/v1_1/silver_sensitivity/seed_20260323/silver_sensitivity_matched_046/negative/v00/right,train,zh_target_strict_cc_2e5c7caaf65dd8e0,0,template_clone_not_controller,1,0.080000000000,20260323,0,section_order_rotation,1,synthetic_train_only,0.886954486370,0.250980392157,0.127829560586,0.227848101266,0.236947791165,0.250000000000,0.873922413793,0.861111111111,1.000000000000
synthetic://step27/v1_1/silver_sensitivity/seed_20260323/silver_sensitivity_matched_046/positive/v00/left||synthetic://step27/v1_1/silver_sensitivity/seed_20260323/silver_sensitivity_matched_046/positive/v00/right,synthetic_transformed,silver_sensitivity,market_item.xlsx|中文暗网交易市场|seller_raw:361285||market_item.xlsx|中文暗网交易市场|seller_raw:502030,positive,synthetic://step27/v1_1/silver_sensitivity/seed_20260323/silver_sensitivity_matched_046/positive/v00/left,synthetic://step27/v1_1/silver_sensitivity/seed_20260323/silver_sensitivity_matched_046/positive/v00/right,train,zh_target_strict_cc_f65cdcbf3ab490cb,0,same_controller_direct_identifier,1,0.275000000000,20260323,0,section_order_rotation,1,synthetic_train_only,0.919604837894,0.372685185185,0.073829201102,0.245508982036,0.376590330789,1.000000000000,0.097502565857,0.088888888889,1.000000000000
synthetic://step27/v1_1/silver_sensitivity/seed_20260323/silver_sensitivity_matched_047/negative/v00/left||synthetic://step27/v1_1/silver_sensitivity/seed_20260323/silver_sensitivity_matched_047/negative/v00/right,synthetic_transformed,silver_sensitivity,market_item.xlsx|中文暗网交易市场|seller_raw:504679||market_item.xlsx|茶马古道|seller_raw:/shop/422538,negative,synthetic://step27/v1_1/silver_sensitivity/seed_20260323/silver_sensitivity_matched_047/negative/v00/left,synthetic://step27/v1_1/silver_sensitivity/seed_20260323/silver_sensitivity_matched_047/negative/v00/right,train,zh_target_strict_cc_274e42e6b17c18b4,2,semantic_topic_not_controller,1,0.060000000000,20260323,0,section_order_rotation,1,synthetic_train_only,0.899762272835,0.297619047619,0.188829787234,0.151515151515,0.340136054422,0.000000000000,0.719833564494,0.625000000000,1.000000000000
synthetic://step27/v1_1/silver_sensitivity/seed_20260323/silver_sensitivity_matched_047/positive/v00/left||synthetic://step27/v1_1/silver_sensitivity/seed_20260323/silver_sensitivity_matched_047/positive/v00/right,synthetic_transformed,silver_sensitivity,market_item.xlsx|中文暗网交易市场|seller_raw:432194||market_item.xlsx|中文暗网交易市场|seller_raw:605878,positive,synthetic://step27/v1_1/silver_sensitivity/seed_20260323/silver_sensitivity_matched_047/positive/v00/left,synthetic://step27/v1_1/silver_sensitivity/seed_20260323/silver_sensitivity_matched_047/positive/v00/right,train,zh_target_strict_cc_0b56a4186c660a7f,2,same_controller_direct_identifier,1,0.275000000000,20260323,0,section_order_rotation,1,synthetic_train_only,0.875115752220,0.142023346304,0.005543710021,0.115384615385,0.139763779528,1.000000000000,0.872365068334,0.682926829268,1.000000000000
synthetic://step27/v1_1/silver_sensitivity/seed_20260323/silver_sensitivity_matched_048/negative/v00/left||synthetic://step27/v1_1/silver_sensitivity/seed_20260323/silver_sensitivity_matched_048/negative/v00/right,synthetic_transformed,silver_sensitivity,market_item.xlsx|中文暗网交易市场|seller_raw:399483||market_item.xlsx|茶马古道|seller_raw:/shop/394805,negative,synthetic://step27/v1_1/silver_sensitivity/seed_20260323/silver_sensitivity_matched_048/negative/v00/left,synthetic://step27/v1_1/silver_sensitivity/seed_20260323/silver_sensitivity_matched_048/negative/v00/right,train,zh_target_strict_cc_8143700a54ec0f46,3,template_clone_not_controller,1,0.080000000000,20260323,0,section_order_rotation,1,synthetic_train_only,0.864052295685,0.350903614458,0.039668591514,0.092233009709,0.356374807988,0.166666666667,0.459111914808,0.400000000000,1.000000000000
synthetic://step27/v1_1/silver_sensitivity/seed_20260323/silver_sensitivity_matched_048/positive/v00/left||synthetic://step27/v1_1/silver_sensitivity/seed_20260323/silver_sensitivity_matched_048/positive/v00/right,synthetic_transformed,silver_sensitivity,market_item.xlsx|中文暗网交易市场|seller_raw:430378||market_item.xlsx|中文暗网交易市场|seller_raw:435064,positive,synthetic://step27/v1_1/silver_sensitivity/seed_20260323/silver_sensitivity_matched_048/positive/v00/left,synthetic://step27/v1_1/silver_sensitivity/seed_20260323/silver_sensitivity_matched_048/positive/v00/right,train,zh_target_strict_cc_8d579273f8d400c6,3,same_controller_direct_identifier,1,0.275000000000,20260323,0,section_order_rotation,1,synthetic_train_only,0.926374673843,0.273076923077,0.080047789725,0.096153846154,0.274590163934,0.500000000000,0.533428165007,0.130434782609,1.000000000000
synthetic://step27/v1_1/silver_sensitivity/seed_20260323/silver_sensitivity_matched_049/negative/v00/left||synthetic://step27/v1_1/silver_sensitivity/seed_20260323/silver_sensitivity_matched_049/negative/v00/right,synthetic_transformed,silver_sensitivity,market_item.xlsx|中文暗网交易市场|seller_raw:68894||market_item.xlsx|茶马古道|seller_raw:/shop/431552,negative,synthetic://step27/v1_1/silver_sensitivity/seed_20260323/silver_sensitivity_matched_049/negative/v00/left,synthetic://step27/v1_1/silver_sensitivity/seed_20260323/silver_sensitivity_matched_049/negative/v00/right,train,zh_target_strict_cc_f5730b9a4f881954,2,semantic_topic_not_controller,1,0.075000000000,20260323,0,section_order_rotation,1,synthetic_train_only,0.856930494308,0.179487179487,0.031847133758,0.250000000000,0.196721311475,0.000000000000,0.064705882353,0.384615384615,1.000000000000
synthetic://step27/v1_1/silver_sensitivity/seed_20260323/silver_sensitivity_matched_049/positive/v00/left||synthetic://step27/v1_1/silver_sensitivity/seed_20260323/silver_sensitivity_matched_049/positive/v00/right,synthetic_transformed,silver_sensitivity,market_item.xlsx|中文暗网交易市场|seller_raw:465763||market_item.xlsx|中文暗网交易市场|seller_raw:596304,positive,synthetic://step27/v1_1/silver_sensitivity/seed_20260323/silver_sensitivity_matched_049/positive/v00/left,synthetic://step27/v1_1/silver_sensitivity/seed_20260323/silver_sensitivity_matched_049/positive/v00/right,train,zh_target_strict_cc_540db623f3f9599c,2,same_controller_direct_identifier,1,0.275000000000,20260323,0,section_order_rotation,1,synthetic_train_only,0.849806427956,0.151761517615,0.010475423046,0.094117647059,0.148760330579,1.000000000000,0.837349397590,0.812500000000,1.000000000000
synthetic://step27/v1_1/silver_sensitivity/seed_20260323/silver_sensitivity_matched_050/negative/v00/left||synthetic://step27/v1_1/silver_sensitivity/seed_20260323/silver_sensitivity_matched_050/negative/v00/right,synthetic_transformed,silver_sensitivity,market_item.xlsx|中文暗网交易市场|seller_raw:314792||market_item.xlsx|茶马古道|seller_raw:/shop/234,negative,synthetic://step27/v1_1/silver_sensitivity/seed_20260323/silver_sensitivity_matched_050/negative/v00/left,synthetic://step27/v1_1/silver_sensitivity/seed_20260323/silver_sensitivity_matched_050/negative/v00/right,train,zh_target_strict_cc_d5a4b7e03a6c8450,3,template_clone_not_controller,1,0.060000000000,20260323,0,section_order_rotation,1,synthetic_train_only,0.878597974777,0.252656434475,0.060283687943,0.129707112971,0.250000000000,0.000000000000,0.655793319415,0.420000000000,1.000000000000
synthetic://step27/v1_1/silver_sensitivity/seed_20260323/silver_sensitivity_matched_050/positive/v00/left||synthetic://step27/v1_1/silver_sensitivity/seed_20260323/silver_sensitivity_matched_050/positive/v00/right,synthetic_transformed,silver_sensitivity,market_item.xlsx|中文暗网交易市场|seller_raw:121394||market_item.xlsx|中文暗网交易市场|seller_raw:95895,positive,synthetic://step27/v1_1/silver_sensitivity/seed_20260323/silver_sensitivity_matched_050/positive/v00/left,synthetic://step27/v1_1/silver_sensitivity/seed_20260323/silver_sensitivity_matched_050/positive/v00/right,train,zh_target_strict_cc_8d579273f8d400c6,3,same_controller_direct_identifier,1,0.275000000000,20260323,0,section_order_rotation,1,synthetic_train_only,0.934504628181,0.388198757764,0.083956774730,0.337349397590,0.393333333333,1.000000000000,0.585258152174,0.347826086957,1.000000000000
synthetic://step27/v1_1/silver_sensitivity/seed_20260323/silver_sensitivity_matched_051/negative/v00/left||synthetic://step27/v1_1/silver_sensitivity/seed_20260323/silver_sensitivity_matched_051/negative/v00/right,synthetic_transformed,silver_sensitivity,market_item.xlsx|中文暗网交易市场|seller_raw:45194||market_item.xlsx|茶马古道|seller_raw:/shop/409483,negative,synthetic://step27/v1_1/silver_sensitivity/seed_20260323/silver_sensitivity_matched_051/negative/v00/left,synthetic://step27/v1_1/silver_sensitivity/seed_20260323/silver_sensitivity_matched_051/negative/v00/right,train,zh_target_strict_cc_e7f110e0f3cbd929,2,semantic_topic_not_controller,1,0.060000000000,20260323,0,section_order_rotation,1,synthetic_train_only,0.915912806988,0.128440366972,0.027272727273,0.391304347826,0.140000000000,0.000000000000,0.560386473430,0.142857142857,1.000000000000
synthetic://step27/v1_1/silver_sensitivity/seed_20260323/silver_sensitivity_matched_051/positive/v00/left||synthetic://step27/v1_1/silver_sensitivity/seed_20260323/silver_sensitivity_matched_051/positive/v00/right,synthetic_transformed,silver_sensitivity,market_item.xlsx|中文暗网交易市场|seller_raw:501102||market_item.xlsx|中文暗网交易市场|seller_raw:566697,positive,synthetic://step27/v1_1/silver_sensitivity/seed_20260323/silver_sensitivity_matched_051/positive/v00/left,synthetic://step27/v1_1/silver_sensitivity/seed_20260323/silver_sensitivity_matched_051/positive/v00/right,train,zh_target_strict_cc_540db623f3f9599c,2,same_controller_direct_identifier,1,0.275000000000,20260323,0,section_order_rotation,1,synthetic_train_only,0.890190184116,0.236641221374,0.030211480363,0.130841121495,0.222811671088,0.500000000000,0.721464465183,0.378378378378,1.000000000000
synthetic://step27/v1_1/silver_sensitivity/seed_20260323/silver_sensitivity_matched_052/negative/v00/left||synthetic://step27/v1_1/silver_sensitivity/seed_20260323/silver_sensitivity_matched_052/negative/v00/right,synthetic_transformed,silver_sensitivity,market_item.xlsx|中文暗网交易市场|seller_raw:514820||market_item.xlsx|茶马古道|seller_raw:/shop/397707,negative,synthetic://step27/v1_1/silver_sensitivity/seed_20260323/silver_sensitivity_matched_052/negative/v00/left,synthetic://step27/v1_1/silver_sensitivity/seed_20260323/silver_sensitivity_matched_052/negative/v00/right,train,zh_target_strict_cc_2e5c7caaf65dd8e0,0,template_clone_not_controller,1,0.060000000000,20260323,0,section_order_rotation,1,synthetic_train_only,0.903301060200,0.274509803922,0.143046357616,0.126582278481,0.273092369478,0.250000000000,0.846982758621,0.861111111111,1.000000000000
synthetic://step27/v1_1/silver_sensitivity/seed_20260323/silver_sensitivity_matched_052/positive/v00/left||synthetic://step27/v1_1/silver_sensitivity/seed_20260323/silver_sensitivity_matched_052/positive/v00/right,synthetic_transformed,silver_sensitivity,market_item.xlsx|中文暗网交易市场|seller_raw:51470||market_item.xlsx|中文暗网交易市场|seller_raw:54210,positive,synthetic://step27/v1_1/silver_sensitivity/seed_20260323/silver_sensitivity_matched_052/positive/v00/left,synthetic://step27/v1_1/silver_sensitivity/seed_20260323/silver_sensitivity_matched_052/positive/v00/right,train,zh_target_strict_cc_f7f70f2184be4bbd,0,same_controller_direct_identifier,1,0.275000000000,20260323,0,section_order_rotation,1,synthetic_train_only,0.879314661026,0.400150150150,0.172137584420,0.169871794872,0.393162393162,0.789473684211,0.348878695209,0.018181818182,1.000000000000
synthetic://step27/v1_1/silver_sensitivity/seed_20260323/silver_sensitivity_matched_053/negative/v00/left||synthetic://step27/v1_1/silver_sensitivity/seed_20260323/silver_sensitivity_matched_053/negative/v00/right,synthetic_transformed,silver_sensitivity,market_item.xlsx|茶马古道|seller_raw:/shop/410709||market_item.xlsx|茶马古道|seller_raw:/shop/465512,negative,synthetic://step27/v1_1/silver_sensitivity/seed_20260323/silver_sensitivity_matched_053/negative/v00/left,synthetic://step27/v1_1/silver_sensitivity/seed_20260323/silver_sensitivity_matched_053/negative/v00/right,train,zh_target_strict_cc_6ee7573f2af2393f,2,semantic_topic_not_controller,1,0.060000000000,20260323,0,section_order_rotation,1,synthetic_train_only,0.885670065880,0.169014084507,0.026548672566,0.096153846154,0.190476190476,0.000000000000,0.765789473684,0.571428571429,1.000000000000
synthetic://step27/v1_1/silver_sensitivity/seed_20260323/silver_sensitivity_matched_053/positive/v00/left||synthetic://step27/v1_1/silver_sensitivity/seed_20260323/silver_sensitivity_matched_053/positive/v00/right,synthetic_transformed,silver_sensitivity,market_item.xlsx|茶马古道|seller_raw:/shop/395006||market_item.xlsx|茶马古道|seller_raw:/shop/446570,positive,synthetic://step27/v1_1/silver_sensitivity/seed_20260323/silver_sensitivity_matched_053/positive/v00/left,synthetic://step27/v1_1/silver_sensitivity/seed_20260323/silver_sensitivity_matched_053/positive/v00/right,train,zh_target_strict_cc_0b56a4186c660a7f,2,same_controller_direct_identifier,1,0.275000000000,20260323,0,section_order_rotation,1,synthetic_train_only,0.908997297287,0.322683706070,0.074367088608,0.106382978723,0.327868852459,1.000000000000,0.411802853437,0.176470588235,1.000000000000
synthetic://step27/v1_1/silver_sensitivity/seed_20260323/silver_sensitivity_matched_054/negative/v00/left||synthetic://step27/v1_1/silver_sensitivity/seed_20260323/silver_sensitivity_matched_054/negative/v00/right,synthetic_transformed,silver_sensitivity,market_item.xlsx|茶马古道|seller_raw:/shop/406204||market_item.xlsx|茶马古道|seller_raw:/shop/444891,negative,synthetic://step27/v1_1/silver_sensitivity/seed_20260323/silver_sensitivity_matched_054/negative/v00/left,synthetic://step27/v1_1/silver_sensitivity/seed_20260323/silver_sensitivity_matched_054/negative/v00/right,train,zh_target_strict_cc_f2284c6c25ecca95,3,template_clone_not_controller,1,0.060000000000,20260323,0,section_order_rotation,1,synthetic_train_only,0.863744676113,0.299101412067,0.071238702818,0.122641509434,0.303155006859,0.095238095238,0.732333115895,0.490909090909,1.000000000000
synthetic://step27/v1_1/silver_sensitivity/seed_20260323/silver_sensitivity_matched_054/positive/v00/left||synthetic://step27/v1_1/silver_sensitivity/seed_20260323/silver_sensitivity_matched_054/positive/v00/right,synthetic_transformed,silver_sensitivity,market_item.xlsx|中文暗网交易市场|seller_raw:157835||market_item.xlsx|中文暗网交易市场|seller_raw:312538,positive,synthetic://step27/v1_1/silver_sensitivity/seed_20260323/silver_sensitivity_matched_054/positive/v00/left,synthetic://step27/v1_1/silver_sensitivity/seed_20260323/silver_sensitivity_matched_054/positive/v00/right,train,zh_target_strict_cc_8d579273f8d400c6,3,same_controller_direct_identifier,1,0.275000000000,20260323,0,section_order_rotation,1,synthetic_train_only,0.892493903637,0.261613691932,0.020152883947,0.093457943925,0.258793969849,1.000000000000,0.486850756082,0.395348837209,1.000000000000
synthetic://step27/v1_1/silver_sensitivity/seed_20260323/silver_sensitivity_matched_055/negative/v00/left||synthetic://step27/v1_1/silver_sensitivity/seed_20260323/silver_sensitivity_matched_055/negative/v00/right,synthetic_transformed,silver_sensitivity,market_item.xlsx|中文暗网交易市场|seller_raw:99721||market_item.xlsx|茶马古道|seller_raw:/shop/418566,negative,synthetic://step27/v1_1/silver_sensitivity/seed_20260323/silver_sensitivity_matched_055/negative/v00/left,synthetic://step27/v1_1/silver_sensitivity/seed_20260323/silver_sensitivity_matched_055/negative/v00/right,train,zh_target_strict_cc_ca3af113ac817cad,3,template_clone_not_controller,1,0.060000000000,20260323,0,section_order_rotation,1,synthetic_train_only,0.902759075165,0.149802890933,0.022492625369,0.192307692308,0.138114209827,0.500000000000,0.864635934191,0.828571428571,1.000000000000
synthetic://step27/v1_1/silver_sensitivity/seed_20260323/silver_sensitivity_matched_055/positive/v00/left||synthetic://step27/v1_1/silver_sensitivity/seed_20260323/silver_sensitivity_matched_055/positive/v00/right,synthetic_transformed,silver_sensitivity,market_item.xlsx|中文暗网交易市场|seller_raw:435064||market_item.xlsx|中文暗网交易市场|seller_raw:95895,positive,synthetic://step27/v1_1/silver_sensitivity/seed_20260323/silver_sensitivity_matched_055/positive/v00/left,synthetic://step27/v1_1/silver_sensitivity/seed_20260323/silver_sensitivity_matched_055/positive/v00/right,train,zh_target_strict_cc_8d579273f8d400c6,3,same_controller_direct_identifier,1,0.275000000000,20260323,0,section_order_rotation,1,synthetic_train_only,0.935881018639,0.307462686567,0.055555555556,0.214285714286,0.315286624204,0.500000000000,0.044836956522,0.000000000000,1.000000000000
